Tarih Saat;Oda Sıcaklığı (°C);Dış Ortam Sıcaklığı (°C);Emme Basıncı (bar);Basma Basıncı (bar);Kompresör Akımı (A);Evaporatör Sıcaklığı (°C);Kızgınlık (K);Aşırı Soğutma (K);Fan Akımı (A);Titreşim (mm/s);Basma Sıcaklığı (°C);Kompresör Durumu;Defrost;Kapı Açık;Set Değeri (°C)
01.01.2026 00:00;1,69;22,2;6,13;12,04;0,0;4,9;;;0,0;0,04;27,7;0;1;0;1,0
01.01.2026 00:05;1,88;22,2;6,15;11,98;0,0;6,8;;;0,0;0,01;26,0;0;1;0;1,0
01.01.2026 00:10;2,08;22,1;6,14;11,93;0,0;8,3;;;0,0;0,03;24,8;0;1;0;1,0
01.01.2026 00:15;2,32;21,9;6,2;11,89;0,0;9,0;;;0,0;0,08;24,0;0;1;0;1,0
01.01.2026 00:20;2,11;21,7;5,23;13,56;9,87;0,9;6,0;5,2;1,22;1,49;43,6;1;0;0;1,0
01.01.2026 00:25;1,82;21,8;4,86;14,1;10,39;-2,7;5,7;4,9;1,23;1,3;50,9;1;0;0;1,0
01.01.2026 00:30;1,54;21,6;4,82;14,39;10,3;-4,1;5,8;4,9;1,25;1,44;54,3;1;0;0;1,0
01.01.2026 00:35;1,24;21,6;4,74;14,36;10,37;-5,1;6,6;5,3;1,22;1,45;56,1;1;0;0;1,0
01.01.2026 00:40;0,98;21,2;4,62;14,08;10,35;-5,9;5,8;4,6;1,27;1,38;55,3;1;0;0;1,0
01.01.2026 00:45;0,7;21,4;4,63;14,33;10,4;-5,9;5,5;5,0;1,17;1,54;55,7;1;0;0;1,0
01.01.2026 00:50;0,41;21,4;4,59;14,15;9,93;-6,5;5,4;5,1;1,23;1,24;56,0;1;0;0;1,0
01.01.2026 00:55;0,1;21,4;4,54;14,43;10,42;-6,5;6,0;4,9;1,17;1,66;56,3;1;0;0;1,0
01.01.2026 01:00;-0,2;21,1;4,52;14,28;10,27;-6,7;6,5;5,0;1,19;1,42;56,1;1;0;0;1,0
01.01.2026 01:05;-0,13;20,8;4,93;13,42;0,0;-4,2;;;0,0;0,05;45,5;0;0;0;1,0
01.01.2026 01:10;-0,03;21,1;5,18;12,85;0,0;-2,4;;;0,0;0,08;38,2;0;0;0;1,0
01.01.2026 01:15;0,05;20,9;5,41;12,43;0,0;-1,6;;;0,0;0,06;33,0;0;0;0;1,0
01.01.2026 01:20;0,14;21,3;5,55;12,17;0,0;-0,8;;;0,0;0,03;29,5;0;0;0;1,0
01.01.2026 01:25;0,28;21,5;5,63;12,01;0,0;-0,4;;;0,0;0,02;27,1;0;0;0;1,0
01.01.2026 01:30;0,37;20,8;5,69;11,84;0,0;-0,2;;;0,0;0,05;25,2;0;0;0;1,0
01.01.2026 01:35;0,44;20,6;5,73;11,69;0,0;0,1;;;0,0;0,07;23,8;0;0;0;1,0
01.01.2026 01:40;0,56;20,7;5,8;11,6;0,0;-0,0;;;0,0;0,04;22,9;0;0;0;1,0
01.01.2026 01:45;0,65;21,2;5,86;11,58;0,0;0,5;;;0,0;0,05;22,4;0;0;0;1,0
01.01.2026 01:50;0,76;20,4;5,91;11,49;0,0;0,5;;;0,0;0,08;21,8;0;0;0;1,0
01.01.2026 01:55;0,77;20,8;5,96;11,47;0,0;0,6;;;0,0;0,07;21,5;0;0;0;1,0
01.01.2026 02:00;0,85;20,5;5,94;11,42;0,0;0,7;;;0,0;0,05;21,2;0;0;0;1,0
01.01.2026 02:05;0,96;21,1;5,98;11,45;0,0;0,8;;;0,0;0,04;21,2;0;0;0;1,0
01.01.2026 02:10;1,04;20,5;5,97;11,41;0,0;1,1;;;0,0;0,03;21,0;0;0;0;1,0
01.01.2026 02:15;1,13;20,4;5,96;11,37;0,0;0,9;;;0,0;0,03;20,8;0;0;0;1,0
01.01.2026 02:20;1,2;20,9;6,06;11,4;0,0;1,1;;;0,0;0,04;20,8;0;0;0;1,0
01.01.2026 02:25;1,26;20,8;6,03;11,4;0,0;1,2;;;0,0;0,04;20,8;0;0;0;1,0
01.01.2026 02:30;1,4;20,7;6,0;11,39;0,0;1,2;;;0,0;0,07;20,8;0;0;0;1,0
01.01.2026 02:35;1,47;20,4;6,03;11,36;0,0;1,4;;;0,0;0,05;20,7;0;0;0;1,0
01.01.2026 02:40;1,59;20,8;6,08;11,38;0,0;1,5;;;0,0;0,02;20,7;0;0;0;1,0
01.01.2026 02:45;1,71;20,5;6,13;11,36;0,0;1,5;;;0,0;0,05;20,7;0;0;0;1,0
01.01.2026 02:50;1,74;20,6;6,1;11,36;0,0;1,8;;;0,0;0,1;20,6;0;0;0;1,0
01.01.2026 02:55;1,77;20,5;6,12;11,35;0,0;1,7;;;0,0;0,04;20,6;0;0;0;1,0
01.01.2026 03:00;1,85;20,2;6,13;11,31;0,0;1,8;;;0,0;0,04;20,5;0;0;0;1,0
01.01.2026 03:05;1,91;20,9;6,16;11,35;0,0;1,8;;;0,0;0,05;20,6;0;0;0;1,0
01.01.2026 03:10;1,97;20,7;6,15;11,37;0,0;1,8;;;0,0;0,07;20,7;0;0;0;1,0
01.01.2026 03:15;2,07;20,1;6,18;11,32;0,0;2,1;;;0,0;0,03;20,5;0;0;0;1,0
01.01.2026 03:20;1,78;20,6;5,17;13,23;9,5;-2,2;7,0;4,6;1,17;1,3;41,9;1;0;0;1,0
01.01.2026 03:25;1,49;20,1;4,95;13,39;10,18;-4,1;6,3;4,6;1,17;1,46;48,4;1;0;0;1,0
01.01.2026 03:30;1,2;20,8;4,75;13,7;10,13;-5,2;5,8;5,0;1,2;1,33;52,3;1;0;0;1,0
01.01.2026 03:35;0,93;21,1;4,63;14,07;10,29;-5,8;5,7;4,7;1,17;1,59;54,5;1;0;0;1,0
01.01.2026 03:40;0,62;20,3;4,53;13,94;10,0;-6,2;6,1;5,0;1,2;1,3;54,6;1;0;0;1,0
01.01.2026 03:45;0,36;20,6;4,56;13,98;10,24;-6,5;5,8;4,6;1,18;1,51;54,5;1;0;0;1,0
01.01.2026 03:50;0,07;20,6;4,55;13,85;10,32;-6,6;6,2;5,1;1,21;1,4;54,6;1;0;0;1,0
01.01.2026 03:55;-0,24;20,7;4,45;14,14;10,06;-6,9;6,5;5,1;1,23;1,48;54,3;1;0;0;1,0
01.01.2026 04:00;-0,17;20,3;4,9;13,27;0,0;-4,3;;;0,0;0,05;44,1;0;0;0;1,0
01.01.2026 04:05;-0,07;20,8;5,13;12,72;0,0;-2,5;;;0,0;0,06;37,1;0;0;0;1,0
01.01.2026 04:10;0,04;20,2;5,38;12,27;0,0;-1,4;;;0,0;0,0;32,1;0;0;0;1,0
01.01.2026 04:15;0,14;20,6;5,54;12,0;0,0;-0,8;;;0,0;0,07;28,6;0;0;0;1,0
01.01.2026 04:20;0,23;20,7;5,61;11,81;0,0;-0,5;;;0,0;0,05;26,2;0;0;0;1,0
01.01.2026 04:25;0,35;20,8;5,69;11,69;0,0;-0,1;;;0,0;0,07;24,6;0;0;0;1,0
01.01.2026 04:30;0,44;21,2;5,75;11,65;0,0;0,1;;;0,0;0,06;23,6;0;0;0;1,0
01.01.2026 04:35;0,51;21,2;5,82;11,62;0,0;0,2;;;0,0;0,08;22,9;0;0;0;1,0
01.01.2026 04:40;0,58;21,2;5,82;11,59;0,0;0,4;;;0,0;0,06;22,4;0;0;0;1,0
01.01.2026 04:45;0,64;21,0;5,96;11,55;0,0;0,5;;;0,0;0,02;21,9;0;0;0;1,0
01.01.2026 04:50;0,73;21,4;5,96;11,57;0,0;0,8;;;0,0;0,06;21,8;0;0;0;1,0
01.01.2026 04:55;0,84;21,4;5,92;11,58;0,0;0,6;;;0,0;0,02;21,7;0;0;0;1,0
01.01.2026 05:00;0,93;21,1;5,94;11,55;0,0;0,7;;;0,0;0,01;21,5;0;0;0;1,0
01.01.2026 05:05;0,96;21,4;5,97;11,56;0,0;0,7;;;0,0;0,04;21,4;0;0;0;1,0
01.01.2026 05:10;1,11;21,9;5,99;11,63;0,0;0,9;;;0,0;0,04;21,6;0;0;0;1,0
01.01.2026 05:15;1,19;21,1;6,01;11,6;0,0;1,1;;;0,0;0,05;21,5;0;0;0;1,0
01.01.2026 05:20;1,26;22,0;5,98;11,66;0,0;1,3;;;0,0;0,06;21,6;0;0;0;1,0
01.01.2026 05:25;1,34;21,8;6,09;11,68;0,0;1,2;;;0,0;0,04;21,7;0;0;0;1,0
01.01.2026 05:30;1,38;21,6;6,06;11,68;0,0;1,3;;;0,0;0,06;21,7;0;0;0;1,0
01.01.2026 05:35;1,47;22,0;6,12;11,71;0,0;1,2;;;0,0;0,04;21,8;0;0;0;1,0
01.01.2026 05:40;1,53;21,9;6,11;11,73;0,0;1,4;;;0,0;0,06;21,8;0;0;0;1,0
01.01.2026 05:45;1,59;22,7;6,03;11,82;0,0;1,4;;;0,0;0,03;22,1;0;0;0;1,0
01.01.2026 05:50;1,66;21,6;6,09;11,77;0,0;1,6;;;0,0;0,05;21,9;0;0;0;1,0
01.01.2026 05:55;1,73;21,8;6,11;11,76;0,0;1,7;;;0,0;0,05;21,9;0;0;0;1,0
01.01.2026 06:00;1,95;22,2;6,11;11,79;0,0;5,1;;;0,0;0,08;22,0;0;1;0;1,0
01.01.2026 06:05;2,23;22,6;6,19;11,84;0,0;6,9;;;0,0;0,06;22,2;0;1;0;1,0
01.01.2026 06:10;2,44;22,3;6,18;11,86;0,0;8,2;;;0,0;0,06;22,2;0;1;0;1,0
01.01.2026 06:15;2,72;22,8;6,3;11,92;0,0;8,9;;;0,0;0,02;22,4;0;1;0;1,0
01.01.2026 06:20;2,91;22,7;6,3;11,95;0,0;9,4;;;0,0;0,07;22,5;0;1;0;1,0
01.01.2026 06:25;2,63;23,0;5,25;14,04;10,3;1,0;6,6;4,4;1,18;1,33;44,4;1;0;0;1,0
01.01.2026 06:30;2,39;22,7;5,03;14,55;10,2;-2,2;6,2;5,3;1,21;1,5;52,0;1;0;0;1,0
01.01.2026 06:35;2,1;22,9;4,86;14,93;10,76;-3,8;6,1;5,4;1,22;1,84;55,4;1;0;0;1,0
01.01.2026 06:40;1,89;23,6;4,77;15,0;10,74;-5,0;6,3;5,3;1,2;1,57;57,4;1;0;0;1,0
01.01.2026 06:45;1,64;22,4;4,72;14,92;10,65;-5,4;5,9;4,6;1,17;1,36;56,9;1;0;0;1,0
01.01.2026 06:50;1,37;23,5;4,71;15,1;10,84;-5,3;6,0;5,2;1,19;1,46;57,8;1;0;0;1,0
01.01.2026 06:55;1,1;23,7;4,68;15,09;10,55;-5,5;6,2;5,2;1,26;1,56;59,0;1;0;0;1,0
01.01.2026 07:00;0,86;23,3;4,64;15,09;10,61;-6,0;5,9;4,3;1,13;1,56;58,3;1;0;0;1,0
01.01.2026 07:05;0,56;23,7;4,53;15,06;11,0;-6,5;5,0;4,6;1,17;1,6;57,6;1;0;0;1,0
01.01.2026 07:10;0,32;23,7;4,53;15,19;10,83;-6,1;6,1;4,6;1,19;1,62;58,3;1;0;0;1,0
01.01.2026 07:15;0,09;23,7;4,51;15,13;10,74;-6,8;5,9;4,4;1,27;1,67;57,8;1;0;0;1,0
01.01.2026 07:20;-0,18;24,2;4,44;15,44;10,62;-7,1;6,4;4,9;1,15;1,4;57,8;1;0;0;1,0
01.01.2026 07:25;-0,02;24,2;4,8;14,56;0,0;-4,1;;;0,0;0,05;47,7;0;0;0;1,0
01.01.2026 07:30;0,07;23,8;5,17;13,91;0,0;-2,5;;;0,0;0,05;40,5;0;0;0;1,0
01.01.2026 07:35;0,15;24,0;5,38;13,47;0,0;-1,4;;;0,0;0,06;35,6;0;0;0;1,0
01.01.2026 07:40;0,23;24,3;5,55;13,2;0,0;-0,8;;;0,0;0,05;32,2;0;0;0;1,0
01.01.2026 07:45;0,35;24,6;5,62;13,04;0,0;-0,4;;;0,0;0,08;29,9;0;0;0;1,0
01.01.2026 07:50;0,45;24,4;5,68;12,91;0,0;0,0;;;0,0;0,05;28,3;0;0;0;1,0
01.01.2026 07:55;0,6;24,5;5,75;12,82;0,0;0,2;;;0,0;0,06;27,2;0;0;0;1,0
01.01.2026 08:00;0,67;24,9;5,81;12,8;0,0;0,4;;;0,0;0,06;26,5;0;0;0;1,0
01.01.2026 08:05;0,74;24,5;5,84;12,75;0,0;0,4;;;0,0;0,04;25,9;0;0;0;1,0
01.01.2026 08:10;0,78;25,6;5,88;12,83;0,0;0,6;;;0,0;0,05;25,8;0;0;0;1,0
01.01.2026 08:15;0,88;25,1;5,96;12,83;0,0;0,7;;;0,0;0,08;25,6;0;0;0;1,0
01.01.2026 08:20;0,98;25,0;5,93;12,82;0,0;0,8;;;0,0;0,07;25,4;0;0;0;1,0
01.01.2026 08:25;1,07;25,7;5,93;12,87;0,0;1,0;;;0,0;0,03;25,5;0;0;0;1,0
01.01.2026 08:30;1,21;25,9;6,02;12,94;0,0;1,2;;;0,0;0,07;25,6;0;0;0;1,0
01.01.2026 08:35;1,3;25,3;6,05;12,93;0,0;1,2;;;0,0;0,06;25,5;0;0;0;1,0
01.01.2026 08:40;1,32;26,0;6,0;12,99;0,0;1,2;;;0,0;0,03;25,7;0;0;0;1,0
01.01.2026 08:45;1,43;26,1;6,14;13,05;0,0;1,3;;;0,0;0,04;25,8;0;0;0;1,0
01.01.2026 08:50;1,57;26,0;6,09;13,07;0,0;1,5;;;0,0;0,04;25,9;0;0;0;1,0
01.01.2026 08:55;1,68;26,7;6,12;13,17;0,0;1,6;;;0,0;0,08;26,1;0;0;0;1,0
01.01.2026 09:00;1,81;27,0;6,09;13,26;0,0;1,7;;;0,0;0,08;26,4;0;0;0;1,0
01.01.2026 09:05;1,93;26,6;6,15;13,29;0,0;1,7;;;0,0;0,05;26,5;0;0;0;1,0
01.01.2026 09:10;2,03;27,2;6,19;13,36;0,0;2,1;;;0,0;0,02;26,7;0;0;0;1,0
01.01.2026 09:15;1,8;27,2;5,11;15,82;10,79;-2,6;5,4;4,9;1,23;1,56;48,5;1;0;0;1,0
01.01.2026 09:20;1,54;27,0;4,77;16,19;10,71;-4,3;5,8;4,3;1,15;1,53;56,5;1;0;0;1,0
01.01.2026 09:25;1,33;26,9;4,69;16,38;10,85;-5,4;6,9;4,9;1,16;1,55;59,8;1;0;0;1,0
01.01.2026 09:30;1,32;27,4;4,7;16,69;11,14;-5,7;6,3;4,3;1,21;1,41;60,5;1;0;1;1,0
01.01.2026 09:35;1,02;27,8;4,66;16,71;11,39;-5,4;6,5;5,5;1,2;1,33;61,9;1;0;0;1,0
01.01.2026 09:40;0,81;28,3;4,66;16,89;11,57;-5,8;6,7;5,6;1,2;1,32;62,5;1;0;0;1,0
01.01.2026 09:45;0,54;27,7;4,57;16,83;11,27;-6,0;7,0;5,5;1,24;1,38;62,4;1;0;0;1,0
01.01.2026 09:50;0,27;27,7;4,57;17,03;11,19;-6,2;5,6;5,1;1,17;1,31;63,7;1;0;0;1,0
01.01.2026 09:55;0,06;27,7;4,46;16,99;11,49;-6,9;6,1;5,1;1,18;1,44;62,4;1;0;0;1,0
01.01.2026 10:00;0,01;28,0;4,54;17,02;11,19;-6,9;5,3;4,7;1,22;1,76;63,3;1;0;1;1,0
01.01.2026 10:05;-0,17;27,7;4,43;16,57;11,03;-7,3;7,3;5,6;1,21;1,47;62,3;1;0;0;1,0
01.01.2026 10:10;-0,06;28,4;4,88;15,79;0,0;-4,4;;;0,0;0,02;52,1;0;0;0;1,0
01.01.2026 10:15;0,02;28,4;5,18;15,25;0,0;-2,6;;;0,0;0,03;45,0;0;0;0;1,0
01.01.2026 10:20;0,36;29,3;5,37;14,97;0,0;-1,4;;;0,0;0,04;40,3;0;0;1;1,0
01.01.2026 10:25;0,52;28,3;5,59;14,66;0,0;-0,5;;;0,0;0,1;36,7;0;0;0;1,0
01.01.2026 10:30;0,64;28,9;5,62;14,51;0,0;-0,1;;;0,0;0,05;34,3;0;0;0;1,0
01.01.2026 10:35;0,78;29,5;5,79;14,47;0,0;0,0;;;0,0;0,07;32,9;0;0;0;1,0
01.01.2026 10:40;0,88;29,1;5,8;14,4;0,0;0,7;;;0,0;0,05;31,8;0;0;0;1,0
01.01.2026 10:45;0,95;29,4;5,93;14,39;0,0;0,6;;;0,0;0,08;31,0;0;0;0;1,0
01.01.2026 10:50;1,1;29,3;5,99;14,36;0,0;0,8;;;0,0;0,05;30,5;0;0;0;1,0
01.01.2026 10:55;1,17;29,3;5,95;14,35;0,0;1,1;;;0,0;0,02;30,2;0;0;0;1,0
01.01.2026 11:00;1,31;29,6;5,99;14,37;0,0;1,1;;;0,0;0,06;30,0;0;0;0;1,0
01.01.2026 11:05;1,4;29,0;6,02;14,32;0,0;1,1;;;0,0;0,03;29,7;0;0;0;1,0
01.01.2026 11:10;1,48;30,1;6,02;14,4;0,0;1,2;;;0,0;0,0;29,8;0;0;0;1,0
01.01.2026 11:15;1,77;29,5;6,08;14,4;0,0;1,4;;;0,0;0,08;29,7;0;0;1;1,0
01.01.2026 11:20;1,87;29,6;6,18;14,41;0,0;1,6;;;0,0;0,03;29,7;0;0;0;1,0
01.01.2026 11:25;1,96;29,9;6,1;14,45;0,0;1,8;;;0,0;0,08;29,7;0;0;0;1,0
01.01.2026 11:30;2,26;30,1;6,15;14,5;0,0;1,8;;;0,0;0,05;29,8;0;0;1;1,0
01.01.2026 11:35;2,04;30,3;5,23;16,86;11,31;-2,3;5,6;5,0;1,17;1,73;51,4;1;0;0;1,0
01.01.2026 11:40;1,76;29,9;4,84;17,45;11,43;-4,3;5,8;4,8;1,14;1,57;58,7;1;0;0;1,0
01.01.2026 11:45;1,5;30,1;4,76;17,74;11,36;-5,4;6,3;5,2;1,18;1,36;62,7;1;0;0;1,0
01.01.2026 11:50;1,46;30,4;4,73;18,05;11,69;-5,2;6,2;5,4;1,24;1,69;64,5;1;0;1;1,0
01.01.2026 11:55;1,22;30,6;4,66;18,19;11,8;-5,6;5,3;5,3;1,21;1,17;65,3;1;0;0;1,0
01.01.2026 12:00;1,37;30,7;5,17;17,19;0,0;0,5;;;0,0;0,07;54,9;0;1;0;1,0
01.01.2026 12:05;1,58;30,5;5,44;16,47;0,0;4,4;;;0,0;0,07;47,6;0;1;0;1,0
01.01.2026 12:10;1,8;30,6;5,65;15,97;0,0;6,8;;;0,0;0,04;42,5;0;1;0;1,0
01.01.2026 12:15;2,25;30,6;5,83;15,62;0,0;8,0;;;0,0;0,04;38,9;0;1;1;1,0
01.01.2026 12:20;2,49;31,4;5,9;15,47;0,0;8,7;;;0,0;0,03;36,7;0;1;0;1,0
01.01.2026 12:25;2,25;31,4;5,13;17,4;11,21;0,5;5,3;4,5;1,21;1,16;54,6;1;0;0;1,0
01.01.2026 12:30;2,03;31,4;4,89;18,38;11,77;-3,1;5,6;5,1;1,24;1,43;62,6;1;0;0;1,0
01.01.2026 12:35;1,8;31,1;4,89;18,37;11,8;-3,9;6,1;5,9;1,18;1,61;64,2;1;0;0;1,0
01.01.2026 12:40;1,56;31,2;4,74;18,37;11,35;-4,8;5,5;5,2;1,19;1,44;65,3;1;0;0;1,0
01.01.2026 12:45;1,34;31,6;4,69;18,33;11,58;-5,3;5,4;5,1;1,2;1,66;66,2;1;0;0;1,0
01.01.2026 12:50;1,16;31,2;4,69;18,5;12,0;-5,6;6,0;5,5;1,22;1,58;66,7;1;0;0;1,0
01.01.2026 12:55;0,93;31,9;4,69;18,61;11,82;-5,7;6,5;5,0;1,26;1,45;66,2;1;0;0;1,0
01.01.2026 13:00;0,73;32,3;4,66;18,66;12,26;-5,9;6,2;5,3;1,18;1,59;66,7;1;0;0;1,0
01.01.2026 13:05;0,45;31,6;4,63;18,66;12,22;-6,2;5,8;4,5;1,21;1,65;67,5;1;0;0;1,0
01.01.2026 13:10;0,45;31,7;4,57;18,62;11,89;-6,5;6,6;5,0;1,19;1,55;66,6;1;0;1;1,0
01.01.2026 13:15;0,24;31,7;4,53;18,85;12,0;-6,7;6,7;5,2;1,27;1,55;67,1;1;0;0;1,0
01.01.2026 13:20;0,03;32,3;4,53;18,75;12,33;-6,4;6,3;4,6;1,19;1,49;67,5;1;0;0;1,0
01.01.2026 13:25;-0,22;31,8;4,49;18,68;11,89;-7,1;5,8;4,7;1,18;1,58;67,8;1;0;0;1,0
01.01.2026 13:30;0,12;31,9;4,92;17,66;0,0;-4,2;;;0,0;0,06;57,0;0;0;1;1,0
01.01.2026 13:35;0,23;32,1;5,18;16,98;0,0;-2,4;;;0,0;0,04;49,6;0;0;0;1,0
01.01.2026 13:40;0,34;31,6;5,38;16,45;0,0;-1,3;;;0,0;0,07;44,2;0;0;0;1,0
01.01.2026 13:45;0,47;32,7;5,56;16,2;0,0;-0,7;;;0,0;0,04;40,7;0;0;0;1,0
01.01.2026 13:50;0,66;32,2;5,65;15,97;0,0;-0,1;;;0,0;0,04;38,2;0;0;0;1,0
01.01.2026 13:55;0,75;32,5;5,73;15,83;0,0;0,3;;;0,0;0,06;36,5;0;0;0;1,0
01.01.2026 14:00;1,1;32,6;5,85;15,76;0,0;0,6;;;0,0;0,07;35,3;0;0;1;1,0
01.01.2026 14:05;1,17;32,4;5,89;15,69;0,0;0,8;;;0,0;0,0;34,4;0;0;0;1,0
01.01.2026 14:10;1,28;32,9;5,98;15,7;0,0;1,1;;;0,0;0,04;34,0;0;0;0;1,0
01.01.2026 14:15;1,4;32,5;5,98;15,65;0,0;1,3;;;0,0;0,04;33,5;0;0;0;1,0
01.01.2026 14:20;1,49;32,4;6,09;15,6;0,0;1,2;;;0,0;0,04;33,2;0;0;0;1,0
01.01.2026 14:25;1,64;32,0;6,12;15,52;0,0;1,5;;;0,0;0,04;32,8;0;0;0;1,0
01.01.2026 14:30;1,77;32,2;6,11;15,5;0,0;1,6;;;0,0;0,09;32,7;0;0;0;1,0
01.01.2026 14:35;1,87;32,9;6,15;15,56;0,0;1,8;;;0,0;0,07;32,7;0;0;0;1,0
01.01.2026 14:40;1,95;32,4;6,15;15,54;0,0;1,9;;;0,0;0,05;32,6;0;0;0;1,0
01.01.2026 14:45;2,09;32,3;6,18;15,52;0,0;1,9;;;0,0;0,04;32,5;0;0;0;1,0
01.01.2026 14:50;1,91;32,6;5,17;18,18;11,79;-2,5;5,5;5,1;1,22;1,36;53,6;1;0;0;1,0
01.01.2026 14:55;1,66;32,8;4,83;18,9;12,21;-3,9;6,3;5,2;1,21;1,63;62,6;1;0;0;1,0
01.01.2026 15:00;1,45;32,8;4,75;18,93;11,82;-5,0;5,1;4,8;1,21;1,28;66,2;1;0;0;1,0
01.01.2026 15:05;1,22;32,2;4,68;18,8;11,66;-5,5;6,0;4,9;1,19;1,37;66,8;1;0;0;1,0
01.01.2026 15:10;0,96;32,4;4,59;18,65;11,93;-6,2;6,4;4,7;1,18;1,51;67,4;1;0;0;1,0
01.01.2026 15:15;0,78;32,2;4,54;18,63;12,01;-6,4;5,3;4,4;1,28;1,35;67,5;1;0;0;1,0
01.01.2026 15:20;0,56;32,4;4,56;19,06;12,14;-6,5;5,0;5,2;1,18;1,52;68,3;1;0;0;1,0
01.01.2026 15:25;0,3;32,6;4,56;19,33;11,88;-6,3;6,5;5,4;1,2;1,38;68,2;1;0;0;1,0
01.01.2026 15:30;0,04;32,4;4,58;19,04;12,46;-6,6;5,6;4,7;1,16;1,34;67,3;1;0;0;1,0
01.01.2026 15:35;-0,19;32,5;4,43;19,12;12,41;-6,9;5,5;5,6;1,2;1,6;68,0;1;0;0;1,0
01.01.2026 15:40;-0,08;32,7;4,9;18,07;0,0;-4,2;;;0,0;0,08;57,4;0;0;0;1,0
01.01.2026 15:45;0,03;32,2;5,16;17,27;0,0;-2,5;;;0,0;0,06;49,9;0;0;0;1,0
01.01.2026 15:50;0,14;32,2;5,37;16,72;0,0;-1,5;;;0,0;0,02;44,6;0;0;0;1,0
01.01.2026 15:55;0,24;32,1;5,51;16,33;0,0;-0,7;;;0,0;0,07;40,8;0;0;0;1,0
01.01.2026 16:00;0,34;32,0;5,66;16,03;0,0;-0,3;;;0,0;0,05;38,2;0;0;0;1,0
01.01.2026 16:05;0,44;32,3;5,72;15,86;0,0;-0,1;;;0,0;0,05;36,4;0;0;0;1,0
01.01.2026 16:10;0,56;32,1;5,8;15,72;0,0;0,3;;;0,0;0,04;35,1;0;0;0;1,0
01.01.2026 16:15;0,74;32,0;5,79;15,61;0,0;0,3;;;0,0;0,06;34,2;0;0;0;1,0
01.01.2026 16:20;0,81;32,0;5,91;15,53;0,0;0,6;;;0,0;0,02;33,5;0;0;0;1,0
01.01.2026 16:25;0,93;32,2;5,88;15,5;0,0;0,8;;;0,0;0,08;33,1;0;0;0;1,0
01.01.2026 16:30;1,03;32,1;5,97;15,46;0,0;0,8;;;0,0;0,04;32,8;0;0;0;1,0
01.01.2026 16:35;1,15;31,9;5,95;15,41;0,0;0,9;;;0,0;0,02;32,5;0;0;0;1,0
01.01.2026 16:40;1,28;31,5;5,97;15,34;0,0;1,0;;;0,0;0,06;32,2;0;0;0;1,0
01.01.2026 16:45;1,39;31,9;6,01;15,33;0,0;1,2;;;0,0;0,06;32,1;0;0;0;1,0
01.01.2026 16:50;1,49;32,2;6,08;15,36;0,0;1,5;;;0,0;0,05;32,1;0;0;0;1,0
01.01.2026 16:55;1,63;31,8;6,02;15,33;0,0;1,4;;;0,0;0,06;32,0;0;0;0;1,0
01.01.2026 17:00;1,67;31,5;6,13;15,27;0,0;1,4;;;0,0;0,08;31,9;0;0;0;1,0
01.01.2026 17:05;1,79;31,7;6,12;15,26;0,0;1,7;;;0,0;0,02;31,8;0;0;0;1,0
01.01.2026 17:10;2,04;31,6;6,13;15,24;0,0;1,9;;;0,0;0,05;31,8;0;0;1;1,0
01.01.2026 17:15;1,84;31,8;5,19;17,62;11,54;-2,2;6,3;5,4;1,21;1,63;52,8;1;0;0;1,0
01.01.2026 17:20;1,66;30,7;4,94;17,86;11,96;-4,2;5,9;4,6;1,21;1,26;60,6;1;0;0;1,0
01.01.2026 17:25;1,37;31,0;4,83;18,1;11,76;-5,1;5,8;4,1;1,25;1,21;64,3;1;0;0;1,0
01.01.2026 17:30;1,15;31,3;4,74;18,4;11,68;-5,4;5,7;5,3;1,15;1,8;65,5;1;0;0;1,0
01.01.2026 17:35;1,1;30,7;4,63;18,15;11,63;-5,7;6,0;5,4;1,21;1,59;64,9;1;0;1;1,0
01.01.2026 17:40;0,9;31,4;4,62;18,19;11,88;-5,9;6,1;4,7;1,2;1,38;65,9;1;0;0;1,0
01.01.2026 17:45;0,68;31,3;4,59;18,37;11,79;-6,1;5,6;4,8;1,25;1,72;66,1;1;0;0;1,0
01.01.2026 17:50;0,49;31,0;4,61;18,61;12,17;-6,2;6,1;4,5;1,19;1,45;65,2;1;0;0;1,0
01.01.2026 17:55;0,31;31,0;4,6;18,38;11,75;-6,2;6,5;4,7;1,23;1,56;65,0;1;0;0;1,0
01.01.2026 18:00;0,56;30,5;4,99;17,29;0,0;0,1;;;0,0;0,06;54,7;0;1;0;1,0
01.01.2026 18:05;0,81;30,6;5,26;16,55;0,0;4,2;;;0,0;0,06;47,5;0;1;0;1,0
01.01.2026 18:10;1,04;30,5;5,55;16,02;0,0;6,5;;;0,0;0,05;42,4;0;1;0;1,0
01.01.2026 18:15;1,43;30,1;5,7;15,59;0,0;8,2;;;0,0;0,03;38,7;0;1;1;1,0
01.01.2026 18:20;1,68;30,5;5,83;15,35;0,0;8,8;;;0,0;0,08;36,2;0;1;0;1,0
01.01.2026 18:25;1,82;30,0;5,91;15,12;0,0;6,2;;;0,0;0,03;34,4;0;0;0;1,0
01.01.2026 18:30;1,95;30,1;6,11;14,96;0,0;4,4;;;0,0;0,06;33,1;0;0;0;1,0
01.01.2026 18:35;2,07;30,2;6,03;14,87;0,0;3,3;;;0,0;0,05;32,2;0;0;0;1,0
01.01.2026 18:40;1,85;30,0;5,21;17,09;10,87;-1,6;5,8;5,3;1,27;1,68;52,1;1;0;0;1,0
01.01.2026 18:45;1,8;29,2;4,89;17,39;11,15;-3,5;5,8;5,4;1,21;1,43;59,0;1;0;1;1,0
01.01.2026 18:50;1,56;30,3;4,83;17,64;11,21;-4,2;6,3;4,5;1,2;1,6;61,9;1;0;0;1,0
01.01.2026 18:55;1,35;29,6;4,75;17,44;11,35;-5,0;6,8;5,2;1,17;1,25;62,4;1;0;0;1,0
01.01.2026 19:00;1,1;29,1;4,73;17,41;11,53;-5,4;5,7;5,5;1,2;1,41;62,6;1;0;0;1,0
01.01.2026 19:05;0,89;29,3;4,64;17,51;11,06;-5,7;6,1;4,6;1,18;1,36;63,4;1;0;0;1,0
01.01.2026 19:10;0,66;28,9;4,66;17,32;11,24;-5,9;6,2;4,9;1,2;1,78;63,2;1;0;0;1,0
01.01.2026 19:15;0,41;29,6;4,61;17,56;11,64;-6,1;5,9;4,9;1,2;1,47;64,7;1;0;0;1,0
01.01.2026 19:20;0,21;29,2;4,57;17,39;11,83;-6,4;6,5;5,2;1,16;1,53;64,0;1;0;0;1,0
01.01.2026 19:25;-0,02;29,2;4,52;17,57;11,42;-6,9;6,5;5,4;1,2;1,65;64,0;1;0;0;1,0
01.01.2026 19:30;0,05;29,2;4,9;16,58;0,0;-4,2;;;0,0;0,04;53,6;0;0;0;1,0
01.01.2026 19:35;0,24;28,4;5,17;15,81;0,0;-2,4;;;0,0;0,04;46,0;0;0;0;1,0
01.01.2026 19:40;0,51;28,1;5,43;15,23;0,0;-1,3;;;0,0;0,05;40,7;0;0;1;1,0
01.01.2026 19:45;0,62;28,8;5,58;14,9;0,0;-0,4;;;0,0;0,05;37,1;0;0;0;1,0
01.01.2026 19:50;0,78;28,0;5,73;14,58;0,0;-0,2;;;0,0;0,03;34,4;0;0;0;1,0
01.01.2026 19:55;0,9;27,6;5,8;14,31;0,0;0,3;;;0,0;0,06;32,3;0;0;0;1,0
01.01.2026 20:00;0,99;28,1;5,9;14,18;0,0;0,6;;;0,0;0,06;31,0;0;0;0;1,0
01.01.2026 20:05;1,07;27,1;5,88;13,98;0,0;0,8;;;0,0;0,07;29,9;0;0;0;1,0
01.01.2026 20:10;1,13;28,0;5,94;13,93;0,0;0,8;;;0,0;0,07;29,3;0;0;0;1,0
01.01.2026 20:15;1,21;27,4;5,94;13,84;0,0;1,0;;;0,0;0,07;28,7;0;0;0;1,0
01.01.2026 20:20;1,34;27,7;5,99;13,8;0,0;1,1;;;0,0;0,08;28,4;0;0;0;1,0
01.01.2026 20:25;1,45;27,8;6,02;13,79;0,0;1,2;;;0,0;0,07;28,2;0;0;0;1,0
01.01.2026 20:30;1,55;27,5;6,08;13,75;0,0;1,4;;;0,0;0,05;28,0;0;0;0;1,0
01.01.2026 20:35;1,64;27,2;6,14;13,68;0,0;1,4;;;0,0;0,06;27,7;0;0;0;1,0
01.01.2026 20:40;1,69;27,1;6,12;13,63;0,0;1,6;;;0,0;0,05;27,5;0;0;0;1,0
01.01.2026 20:45;1,78;26,2;6,07;13,5;0,0;1,5;;;0,0;0,04;27,1;0;0;0;1,0
01.01.2026 20:50;1,89;26,8;6,14;13,47;0,0;1,8;;;0,0;0,05;27,0;0;0;0;1,0
01.01.2026 20:55;1,99;26,9;6,2;13,46;0,0;1,8;;;0,0;0,05;27,0;0;0;0;1,0
01.01.2026 21:00;2,11;25,7;6,19;13,33;0,0;2,0;;;0,0;0,05;26,6;0;0;0;1,0
01.01.2026 21:05;1,85;26,5;5,23;15,37;10,53;-2,4;5,7;4,9;1,16;1,74;47,3;1;0;0;1,0
01.01.2026 21:10;1,61;26,0;4,84;15,93;10,88;-4,1;6,1;4,8;1,26;1,16;55,6;1;0;0;1,0
01.01.2026 21:15;1,43;25,7;4,75;16,22;11,11;-5,1;6,3;5,0;1,22;1,68;59,3;1;0;0;1,0
01.01.2026 21:20;1,21;26,3;4,66;16,19;10,96;-5,6;6,2;4,8;1,17;1,46;60,6;1;0;0;1,0
01.01.2026 21:25;0,97;26,4;4,81;16,4;10,51;-5,5;6,2;4,8;1,2;1,53;62,3;1;0;0;1,0
01.01.2026 21:30;0,74;25,6;4,6;16,12;11,06;-6,3;5,8;5,3;1,17;1,64;61,6;1;0;0;1,0
01.01.2026 21:35;0,5;25,9;4,5;15,95;11,02;-6,7;6,7;5,3;1,19;1,5;60,9;1;0;0;1,0
01.01.2026 21:40;0,27;26,1;4,55;15,95;11,16;-6,9;5,6;5,3;1,19;1,51;60,5;1;0;0;1,0
01.01.2026 21:45;0,1;25,4;4,51;15,9;10,72;-7,0;6,4;4,9;1,17;1,52;60,6;1;0;0;1,0
01.01.2026 21:50;-0,14;25,5;4,5;15,89;11,01;-7,2;6,3;5,4;1,21;1,45;59,8;1;0;0;1,0
01.01.2026 21:55;0,01;25,2;4,91;14,97;0,0;-4,2;;;0,0;0,05;49,4;0;0;0;1,0
01.01.2026 22:00;0,17;24,8;5,17;14,29;0,0;-2,4;;;0,0;0,08;42,0;0;0;0;1,0
01.01.2026 22:05;0,27;24,4;5,41;13,78;0,0;-1,3;;;0,0;0,05;36,7;0;0;0;1,0
01.01.2026 22:10;0,39;24,4;5,62;13,42;0,0;-0,5;;;0,0;0,05;33,0;0;0;0;1,0
01.01.2026 22:15;0,52;24,3;5,67;13,16;0,0;-0,1;;;0,0;0,06;30,4;0;0;0;1,0
01.01.2026 22:20;0,67;24,5;5,76;12,99;0,0;0,2;;;0,0;0,06;28,6;0;0;0;1,0
01.01.2026 22:25;0,73;24,3;5,79;12,86;0,0;0,3;;;0,0;0,07;27,3;0;0;0;1,0
01.01.2026 22:30;0,83;23,9;5,89;12,73;0,0;0,7;;;0,0;0,02;26,3;0;0;0;1,0
01.01.2026 22:35;0,96;23,9;5,9;12,63;0,0;0,7;;;0,0;0,03;25,6;0;0;0;1,0
01.01.2026 22:40;1,04;23,9;5,94;12,57;0,0;0,9;;;0,0;0,02;25,1;0;0;0;1,0
01.01.2026 22:45;1,09;24,3;5,94;12,56;0,0;0,9;;;0,0;0,02;24,8;0;0;0;1,0
01.01.2026 22:50;1,23;24,0;5,97;12,53;0,0;0,9;;;0,0;0,06;24,6;0;0;0;1,0
01.01.2026 22:55;1,33;23,2;6,04;12,43;0,0;1,1;;;0,0;0,05;24,2;0;0;0;1,0
01.01.2026 23:00;1,37;24,0;6,04;12,43;0,0;1,3;;;0,0;0,04;24,1;0;0;0;1,0
01.01.2026 23:05;1,5;23,3;6,07;12,37;0,0;1,2;;;0,0;0,05;23,9;0;0;0;1,0
01.01.2026 23:10;1,53;23,4;6,1;12,33;0,0;1,4;;;0,0;0,09;23,7;0;0;0;1,0
01.01.2026 23:15;1,62;22,8;6,11;12,25;0,0;1,5;;;0,0;0,03;23,5;0;0;0;1,0
01.01.2026 23:20;1,74;23,4;6,18;12,24;0,0;1,8;;;0,0;0,05;23,4;0;0;0;1,0
01.01.2026 23:25;1,84;22,8;6,15;12,19;0,0;1,6;;;0,0;0,03;23,2;0;0;0;1,0
01.01.2026 23:30;1,97;22,8;6,16;12,15;0,0;1,6;;;0,0;0,05;23,1;0;0;0;1,0
01.01.2026 23:35;2,09;22,3;6,2;12,07;0,0;1,9;;;0,0;0,04;22,9;0;0;0;1,0
01.01.2026 23:40;1,85;22,5;5,23;13,97;10,46;-2,5;5,8;5,1;1,21;1,53;43,4;1;0;0;1,0
01.01.2026 23:45;1,55;22,2;4,91;14,39;10,41;-4,2;7,0;4,1;1,22;1,33;51,2;1;0;0;1,0
01.01.2026 23:50;1,24;22,1;4,75;14,72;10,77;-5,0;5,8;4,1;1,19;1,67;55,1;1;0;0;1,0
01.01.2026 23:55;1,02;22,7;4,6;14,72;10,27;-6,0;6,9;4,9;1,2;1,48;56,4;1;0;0;1,0
02.01.2026 00:00;1,24;18,9;5,06;13,56;0,0;0,5;;;0,0;0,06;45,2;0;1;0;1,0
02.01.2026 00:05;1,49;19,5;5,39;12,8;0,0;4,3;;;0,0;0,01;37,5;0;1;0;1,0
02.01.2026 00:10;1,73;18,5;5,6;12,17;0,0;6,6;;;0,0;0,03;31,8;0;1;0;1,0
02.01.2026 00:15;1,95;19,1;5,81;11,79;0,0;7,9;;;0,0;0,05;28,0;0;1;0;1,0
02.01.2026 00:20;2,15;19,2;5,89;11,53;0,0;8,7;;;0,0;0,06;25,4;0;1;0;1,0
02.01.2026 00:25;1,81;18,9;5,11;13,06;9,75;0,2;6,0;5,2;1,16;1,5;43,1;1;0;0;1,0
02.01.2026 00:30;1,56;18,9;4,79;13,24;10,08;-3,4;5,2;5,4;1,22;1,37;48,8;1;0;0;1,0
02.01.2026 00:35;1,27;18,2;4,76;13,24;9,92;-4,8;5,5;4,2;1,2;1,46;51,3;1;0;0;1,0
02.01.2026 00:40;0,99;18,4;4,63;13,2;9,74;-5,5;6,1;4,6;1,19;1,68;52,5;1;0;0;1,0
02.01.2026 00:45;0,66;18,2;4,6;13,35;10,21;-6,1;6,2;5,3;1,2;1,47;53,3;1;0;0;1,0
02.01.2026 00:50;0,38;18,4;4,53;13,27;9,64;-6,7;5,5;5,4;1,19;1,86;53,2;1;0;0;1,0
02.01.2026 00:55;0,09;18,6;4,55;13,32;10,09;-6,6;5,8;6,3;1,18;1,43;53,6;1;0;0;1,0
02.01.2026 01:00;-0,24;18,2;4,5;13,2;9,93;-6,9;5,9;4,4;1,18;1,49;52,6;1;0;0;1,0
02.01.2026 01:05;-0,17;17,7;4,86;12,38;0,0;-4,2;;;0,0;0,07;42,1;0;0;0;1,0
02.01.2026 01:10;-0,05;18,6;5,17;11,89;0,0;-2,5;;;0,0;0,06;35,1;0;0;0;1,0
02.01.2026 01:15;0,03;18,1;5,36;11,5;0,0;-1,4;;;0,0;0,06;30,0;0;0;0;1,0
02.01.2026 01:20;0,11;17,9;5,51;11,21;0,0;-0,7;;;0,0;0,08;26,3;0;0;0;1,0
02.01.2026 01:25;0,23;17,6;5,68;10,98;0,0;-0,3;;;0,0;0,02;23,7;0;0;0;1,0
02.01.2026 01:30;0,34;18,3;5,72;10,88;0,0;0,1;;;0,0;0,05;22,1;0;0;0;1,0
02.01.2026 01:35;0,44;17,6;5,78;10,75;0,0;0,2;;;0,0;0,05;20,7;0;0;0;1,0
02.01.2026 01:40;0,72;17,4;5,88;10,64;0,0;0,4;;;0,0;0,07;19,7;0;0;1;1,0
02.01.2026 01:45;0,83;17,8;5,87;10,61;0,0;0,6;;;0,0;0,06;19,2;0;0;0;1,0
02.01.2026 01:50;0,89;17,6;5,94;10,56;0,0;0,6;;;0,0;0,07;18,7;0;0;0;1,0
02.01.2026 01:55;0,97;17,3;5,92;10,5;0,0;0,8;;;0,0;0,03;18,3;0;0;0;1,0
02.01.2026 02:00;1,01;18,2;5,93;10,54;0,0;0,8;;;0,0;0,06;18,3;0;0;0;1,0
02.01.2026 02:05;1,1;16,7;5,97;10,43;0,0;0,9;;;0,0;0,07;17,8;0;0;0;1,0
02.01.2026 02:10;1,15;17,3;6,03;10,41;0,0;1,0;;;0,0;0,0;17,6;0;0;0;1,0
02.01.2026 02:15;1,23;17,3;6,0;10,4;0,0;1,2;;;0,0;0,04;17,6;0;0;0;1,0
02.01.2026 02:20;1,33;17,5;5,98;10,41;0,0;1,2;;;0,0;0,06;17,5;0;0;0;1,0
02.01.2026 02:25;1,41;17,8;6,08;10,44;0,0;1,5;;;0,0;0,04;17,6;0;0;0;1,0
02.01.2026 02:30;1,44;17,3;6,05;10,41;0,0;1,5;;;0,0;0,05;17,5;0;0;0;1,0
02.01.2026 02:35;1,54;17,4;6,12;10,41;0,0;1,4;;;0,0;0,05;17,5;0;0;0;1,0
02.01.2026 02:40;1,66;18,0;6,07;10,45;0,0;1,3;;;0,0;0,07;17,6;0;0;0;1,0
02.01.2026 02:45;1,7;16,8;6,13;10,39;0,0;1,6;;;0,0;0,08;17,4;0;0;0;1,0
02.01.2026 02:50;1,76;16,9;6,12;10,34;0,0;1,6;;;0,0;0,07;17,2;0;0;0;1,0
02.01.2026 02:55;1,83;17,4;6,13;10,36;0,0;1,7;;;0,0;0,05;17,3;0;0;0;1,0
02.01.2026 03:00;1,9;17,1;6,17;10,34;0,0;1,6;;;0,0;0,06;17,2;0;0;0;1,0
02.01.2026 03:05;2,06;17,0;6,16;10,32;0,0;1,8;;;0,0;0,04;17,2;0;0;0;1,0
02.01.2026 03:10;1,74;17,7;5,16;12,26;9,68;-2,6;5,4;4,8;1,18;1,63;38,3;1;0;0;1,0
02.01.2026 03:15;1,43;17,2;4,81;12,69;9,94;-4,4;6,6;4,4;1,16;1,37;45,8;1;0;0;1,0
02.01.2026 03:20;1,12;17,4;4,77;12,66;9,69;-5,2;6,0;5,9;1,2;1,6;48,9;1;0;0;1,0
02.01.2026 03:25;0,84;17,4;4,61;12,88;10,03;-5,8;6,0;5,6;1,19;1,13;51,4;1;0;0;1,0
02.01.2026 03:30;0,71;16,8;4,67;12,66;10,05;-5,8;5,8;5,1;1,2;1,48;51,1;1;0;1;1,0
02.01.2026 03:35;0,38;17,4;4,54;12,89;9,99;-6,6;5,6;5,4;1,21;1,6;52,2;1;0;0;1,0
02.01.2026 03:40;0,06;18,1;4,53;13,19;9,78;-6,8;5,9;4,7;1,22;1,65;53,7;1;0;0;1,0
02.01.2026 03:45;-0,22;17,1;4,4;12,95;9,78;-7,2;6,4;5,4;1,24;1,43;52,3;1;0;0;1,0
02.01.2026 03:50;-0,12;17,5;4,86;12,19;0,0;-4,4;;;0,0;0,03;41,8;0;0;0;1,0
02.01.2026 03:55;-0,08;17,0;5,13;11,61;0,0;-2,7;;;0,0;0,05;34,4;0;0;0;1,0
02.01.2026 04:00;0,02;17,6;5,36;11,26;0,0;-1,5;;;0,0;0,04;29,4;0;0;0;1,0
02.01.2026 04:05;0,09;17,5;5,52;11,01;0,0;-0,9;;;0,0;0,09;25,8;0;0;0;1,0
02.01.2026 04:10;0,21;17,6;5,65;10,84;0,0;-0,2;;;0,0;0,01;23,3;0;0;0;1,0
02.01.2026 04:15;0,28;17,5;5,65;10,72;0,0;-0,2;;;0,0;0,01;21,6;0;0;0;1,0
02.01.2026 04:20;0,36;17,5;5,76;10,63;0,0;0,1;;;0,0;0,05;20,4;0;0;0;1,0
02.01.2026 04:25;0,52;17,9;5,86;10,61;0,0;0,2;;;0,0;0,04;19,6;0;0;0;1,0
02.01.2026 04:30;0,64;18,2;5,82;10,61;0,0;0,5;;;0,0;0,05;19,2;0;0;0;1,0
02.01.2026 04:35;0,7;17,9;5,92;10,59;0,0;0,5;;;0,0;0,02;18,8;0;0;0;1,0
02.01.2026 04:40;0,81;18,0;5,96;10,58;0,0;0,7;;;0,0;0,05;18,6;0;0;0;1,0
02.01.2026 04:45;0,89;17,4;5,89;10,52;0,0;0,7;;;0,0;0,07;18,2;0;0;0;1,0
02.01.2026 04:50;1,01;18,1;5,98;10,54;0,0;0,8;;;0,0;0,05;18,2;0;0;0;1,0
02.01.2026 04:55;1,05;17,9;6,02;10,54;0,0;1,0;;;0,0;0,03;18,1;0;0;0;1,0
02.01.2026 05:00;1,16;17,9;6,07;10,54;0,0;1,0;;;0,0;0,09;18,0;0;0;0;1,0
02.01.2026 05:05;1,27;17,9;6,03;10,53;0,0;1,1;;;0,0;0,02;18,0;0;0;0;1,0
02.01.2026 05:10;1,35;17,9;5,98;10,54;0,0;1,3;;;0,0;0,07;18,0;0;0;0;1,0
02.01.2026 05:15;1,37;17,8;5,99;10,53;0,0;1,3;;;0,0;0,04;17,9;0;0;0;1,0
02.01.2026 05:20;1,49;18,3;6,01;10,57;0,0;1,3;;;0,0;0,03;18,0;0;0;0;1,0
02.01.2026 05:25;1,6;17,9;6,06;10,56;0,0;1,3;;;0,0;0,02;18,0;0;0;0;1,0
02.01.2026 05:30;1,64;18,8;6,08;10,64;0,0;1,5;;;0,0;0,02;18,2;0;0;0;1,0
02.01.2026 05:35;1,78;18,7;6,12;10,68;0,0;1,6;;;0,0;0,06;18,4;0;0;0;1,0
02.01.2026 05:40;1,89;19,1;6,12;10,74;0,0;1,7;;;0,0;0,04;18,6;0;0;0;1,0
02.01.2026 05:45;1,94;18,9;6,14;10,77;0,0;1,6;;;0,0;0,03;18,7;0;0;0;1,0
02.01.2026 05:50;2,04;18,7;6,16;10,78;0,0;1,9;;;0,0;0,05;18,7;0;0;0;1,0
02.01.2026 05:55;1,79;19,1;5,2;12,65;9,57;-2,2;5,3;5,0;1,23;1,44;39,7;1;0;0;1,0
02.01.2026 06:00;2,04;19,0;5,51;12,11;0,0;2,7;;;0,0;0,05;33,5;0;1;0;1,0
02.01.2026 06:05;2,29;19,2;5,72;11,76;0,0;5,6;;;0,0;0,06;29,2;0;1;0;1,0
02.01.2026 06:10;2,46;18,8;5,93;11,48;0,0;7,4;;;0,0;0,05;26,1;0;1;0;1,0
02.01.2026 06:15;2,69;19,3;6,1;11,32;0,0;8,3;;;0,0;0,06;24,1;0;1;0;1,0
02.01.2026 06:20;2,87;19,2;6,17;11,2;0,0;9,1;;;0,0;0,06;22,6;0;1;0;1,0
02.01.2026 06:25;2,56;19,7;5,3;12,92;9,81;1,0;5,7;5,6;1,2;1,6;42,1;1;0;0;1,0
02.01.2026 06:30;2,27;19,3;4,9;13,52;9,98;-2,5;6,2;4,7;1,16;1,5;50,0;1;0;0;1,0
02.01.2026 06:35;2,0;19,7;4,86;13,77;9,98;-4,0;5,3;5,2;1,2;1,55;53,4;1;0;0;1,0
02.01.2026 06:40;1,67;19,5;4,79;13,68;10,1;-4,9;5,2;4,6;1,24;1,65;54,4;1;0;0;1,0
02.01.2026 06:45;1,4;20,1;4,8;13,79;10,14;-5,1;6,8;5,6;1,17;1,8;54,5;1;0;0;1,0
02.01.2026 06:50;1,13;19,8;4,74;13,82;10,31;-5,7;6,1;5,8;1,2;1,66;54,6;1;0;0;1,0
02.01.2026 06:55;0,83;19,9;4,64;13,71;10,01;-6,1;4,9;5,4;1,18;1,44;54,0;1;0;0;1,0
02.01.2026 07:00;0,58;21,0;4,57;13,9;10,39;-6,2;6,0;4,5;1,19;1,5;54,8;1;0;0;1,0
02.01.2026 07:05;0,27;20,6;4,46;13,97;10,5;-6,6;5,6;5,1;1,21;1,52;55,2;1;0;0;1,0
02.01.2026 07:10;0,17;20,6;4,52;14,04;10,55;-6,9;5,8;5,2;1,13;1,48;56,3;1;0;1;1,0
02.01.2026 07:15;-0,14;20,7;4,5;14,14;10,33;-7,1;6,4;4,7;1,21;1,23;55,9;1;0;0;1,0
02.01.2026 07:20;0,01;20,7;4,9;13,31;0,0;-4,6;;;0,0;0,06;45,4;0;0;0;1,0
02.01.2026 07:25;0,1;20,8;5,14;12,74;0,0;-2,4;;;0,0;0,07;38,0;0;0;0;1,0
02.01.2026 07:30;0,18;20,8;5,38;12,35;0,0;-1,4;;;0,0;0,01;32,8;0;0;0;1,0
02.01.2026 07:35;0,3;20,9;5,51;12,08;0,0;-0,8;;;0,0;0,05;29,3;0;0;0;1,0
02.01.2026 07:40;0,44;21,5;5,58;11,94;0,0;-0,2;;;0,0;0,1;26,9;0;0;0;1,0
02.01.2026 07:45;0,51;21,2;5,74;11,82;0,0;0,1;;;0,0;0,05;25,2;0;0;0;1,0
02.01.2026 07:50;0,66;21,4;5,76;11,76;0,0;0,0;;;0,0;0,04;24,1;0;0;0;1,0
02.01.2026 07:55;0,79;21,1;5,86;11,68;0,0;0,5;;;0,0;0,01;23,2;0;0;0;1,0
02.01.2026 08:00;0,88;22,1;5,95;11,73;0,0;0,6;;;0,0;0,06;22,9;0;0;0;1,0
02.01.2026 08:05;0,96;21,4;5,92;11,69;0,0;0,6;;;0,0;0,06;22,4;0;0;0;1,0
02.01.2026 08:10;1,02;21,9;6,0;11,71;0,0;0,8;;;0,0;0,02;22,3;0;0;0;1,0
02.01.2026 08:15;1,09;22,4;5,97;11,77;0,0;0,8;;;0,0;0,04;22,3;0;0;0;1,0
02.01.2026 08:20;1,31;22,6;6,04;11,84;0,0;1,2;;;0,0;0,06;22,4;0;0;0;1,0
02.01.2026 08:25;1,38;22,2;6,03;11,84;0,0;1,1;;;0,0;0,04;22,3;0;0;0;1,0
02.01.2026 08:30;1,51;23,0;6,07;11,92;0,0;1,2;;;0,0;0,05;22,5;0;0;0;1,0
02.01.2026 08:35;1,67;22,6;6,04;11,94;0,0;1,4;;;0,0;0,05;22,5;0;0;0;1,0
02.01.2026 08:40;1,74;22,4;6,12;11,93;0,0;1,6;;;0,0;0,01;22,5;0;0;0;1,0
02.01.2026 08:45;1,82;23,2;6,09;12,01;0,0;1,7;;;0,0;0,03;22,7;0;0;0;1,0
02.01.2026 08:50;1,89;22,7;6,17;12,01;0,0;1,7;;;0,0;0,07;22,7;0;0;0;1,0
02.01.2026 08:55;1,96;23,1;6,19;12,05;0,0;1,7;;;0,0;0,05;22,8;0;0;0;1,0
02.01.2026 09:00;2,08;22,8;6,21;12,05;0,0;2,1;;;0,0;0,04;22,8;0;0;0;1,0
02.01.2026 09:05;2,01;23,2;5,17;14,13;9,75;-2,4;6,1;5,9;1,23;1,56;43,7;1;0;1;1,0
02.01.2026 09:10;1,78;23,6;4,81;15,01;10,63;-4,4;5,8;5,6;1,24;1,58;53,4;1;0;0;1,0
02.01.2026 09:15;1,54;23,9;4,87;14,99;10,3;-4,7;5,9;5,4;1,19;1,81;56,9;1;0;0;1,0
02.01.2026 09:20;1,3;24,2;4,73;15,31;10,84;-5,5;5,5;4,8;1,2;1,77;58,1;1;0;0;1,0
02.01.2026 09:25;1,06;24,0;4,65;15,26;10,84;-5,9;6,7;4,7;1,19;1,32;59,1;1;0;0;1,0
02.01.2026 09:30;0,79;24,2;4,67;15,37;10,7;-5,8;5,8;5,9;1,19;1,33;58,8;1;0;0;1,0
02.01.2026 09:35;0,52;24,2;4,64;15,22;10,54;-5,9;5,8;4,9;1,2;1,4;58,2;1;0;0;1,0
02.01.2026 09:40;0,27;24,7;4,59;15,59;10,8;-6,5;6,6;5,9;1,21;1,49;57,6;1;0;0;1,0
02.01.2026 09:45;0,0;24,7;4,54;15,75;11,27;-6,5;5,8;5,6;1,21;1,35;59,9;1;0;0;1,0
02.01.2026 09:50;-0,26;24,7;4,51;15,73;10,77;-6,5;6,6;5,2;1,2;1,63;59,7;1;0;0;1,0
02.01.2026 09:55;-0,12;24,6;4,93;14,8;0,0;-4,0;;;0,0;0,04;49,2;0;0;0;1,0
02.01.2026 10:00;-0,05;23,9;5,19;14,09;0,0;-2,5;;;0,0;0,05;41,6;0;0;0;1,0
02.01.2026 10:05;0,07;25,5;5,38;13,75;0,0;-1,4;;;0,0;0,04;36,8;0;0;0;1,0
02.01.2026 10:10;0,17;25,2;5,52;13,48;0,0;-0,8;;;0,0;0,05;33,3;0;0;0;1,0
02.01.2026 10:15;0,28;25,3;5,64;13,3;0,0;-0,4;;;0,0;0,07;30,9;0;0;0;1,0
02.01.2026 10:20;0,38;25,1;5,64;13,15;0,0;-0,3;;;0,0;0,08;29,1;0;0;0;1,0
02.01.2026 10:25;0,48;26,0;5,76;13,14;0,0;0,2;;;0,0;0,05;28,2;0;0;0;1,0
02.01.2026 10:30;0,63;25,5;5,84;13,09;0,0;0,3;;;0,0;0,07;27,4;0;0;0;1,0
02.01.2026 10:35;0,72;25,9;5,89;13,09;0,0;0,4;;;0,0;0,03;26,9;0;0;0;1,0
02.01.2026 10:40;0,83;25,6;5,89;13,06;0,0;0,7;;;0,0;0,07;26,6;0;0;0;1,0
02.01.2026 10:45;0,92;25,8;5,93;13,07;0,0;0,7;;;0,0;0,02;26,3;0;0;0;1,0
02.01.2026 10:50;1,01;26,0;5,96;13,09;0,0;0,8;;;0,0;0,08;26,2;0;0;0;1,0
02.01.2026 10:55;1,11;26,1;6,01;13,11;0,0;0,9;;;0,0;0,06;26,2;0;0;0;1,0
02.01.2026 11:00;1,19;26,4;5,97;13,17;0,0;1,2;;;0,0;0,06;26,3;0;0;0;1,0
02.01.2026 11:05;1,26;26,3;5,97;13,19;0,0;1,2;;;0,0;0,04;26,3;0;0;0;1,0
02.01.2026 11:10;1,37;26,8;6,02;13,25;0,0;1,4;;;0,0;0,05;26,4;0;0;0;1,0
02.01.2026 11:15;1,52;26,5;6,09;13,26;0,0;1,3;;;0,0;0,03;26,4;0;0;0;1,0
02.01.2026 11:20;1,61;26,6;6,06;13,29;0,0;1,6;;;0,0;0,02;26,5;0;0;0;1,0
02.01.2026 11:25;1,67;26,9;6,12;13,34;0,0;1,6;;;0,0;0,06;26,6;0;0;0;1,0
02.01.2026 11:30;1,81;26,5;6,09;13,33;0,0;1,8;;;0,0;0,05;26,6;0;0;0;1,0
02.01.2026 11:35;1,88;26,4;6,16;13,32;0,0;1,6;;;0,0;0,06;26,5;0;0;0;1,0
02.01.2026 11:40;1,99;26,9;6,18;13,35;0,0;1,8;;;0,0;0,03;26,7;0;0;0;1,0
02.01.2026 11:45;2,07;26,9;6,17;13,38;0,0;2,1;;;0,0;0,05;26,7;0;0;0;1,0
02.01.2026 11:50;1,86;27,3;5,22;15,75;10,66;-2,2;6,0;4,7;1,15;1,42;47,2;1;0;0;1,0
02.01.2026 11:55;1,63;27,8;4,92;16,71;10,95;-4,1;6,5;5,4;1,21;1,42;56,3;1;0;0;1,0
02.01.2026 12:00;1,81;27,9;5,22;15,84;0,0;1,6;;;0,0;0,04;47,8;0;1;0;1,0
02.01.2026 12:05;2,07;27,7;5,61;15,2;0,0;5,1;;;0,0;0,05;41,8;0;1;0;1,0
02.01.2026 12:10;2,27;27,9;5,78;14,78;0,0;7,0;;;0,0;0,07;37,6;0;1;0;1,0
02.01.2026 12:15;2,48;28,3;5,93;14,53;0,0;8,2;;;0,0;0,04;34,8;0;1;0;1,0
02.01.2026 12:20;2,94;28,1;6,07;14,34;0,0;8,9;;;0,0;0,08;32,8;0;1;1;1,0
02.01.2026 12:25;2,71;27,4;5,26;15,96;10,66;1,0;5,6;6,3;1,15;1,36;50,3;1;0;0;1,0
02.01.2026 12:30;2,48;27,8;5,04;16,44;11,18;-2,4;5,6;4,8;1,21;1,45;57,5;1;0;0;1,0
02.01.2026 12:35;2,26;28,0;4,91;16,69;11,03;-3,7;6,1;5,1;1,22;1,65;61,1;1;0;0;1,0
02.01.2026 12:40;1,99;28,9;4,83;17,28;11,39;-4,4;6,1;5,3;1,22;1,69;62,9;1;0;0;1,0
02.01.2026 12:45;1,76;28,2;4,8;17,21;11,62;-5,1;6,9;5,7;1,17;1,73;62,9;1;0;0;1,0
02.01.2026 12:50;1,55;28,1;4,73;17,04;11,21;-5,3;5,6;5,2;1,23;1,68;62,3;1;0;0;1,0
02.01.2026 12:55;1,28;28,1;4,66;17,0;11,41;-5,4;5,2;4,8;1,16;1,36;63,5;1;0;0;1,0
02.01.2026 13:00;1,06;28,1;4,58;16,98;10,82;-6,0;5,8;5,2;1,13;1,32;63,7;1;0;0;1,0
02.01.2026 13:05;0,85;28,7;4,62;17,15;11,42;-6,2;6,2;5,5;1,22;1,49;63,4;1;0;0;1,0
02.01.2026 13:10;0,61;28,6;4,65;17,25;11,53;-6,0;6,4;4,4;1,18;1,38;63,2;1;0;0;1,0
02.01.2026 13:15;0,35;28,5;4,63;17,15;11,04;-6,4;6,8;4,4;1,19;1,5;63,3;1;0;0;1,0
02.01.2026 13:20;0,11;28,7;4,45;17,25;11,71;-7,1;6,4;4,9;1,2;1,73;63,7;1;0;0;1,0
02.01.2026 13:25;-0,17;28,3;4,49;17,27;11,43;-7,1;7,0;5,0;1,17;1,65;63,9;1;0;0;1,0
02.01.2026 13:30;-0,12;29,0;4,9;16,35;0,0;-4,3;;;0,0;0,09;53,4;0;0;0;1,0
02.01.2026 13:35;0,18;28,5;5,21;15,66;0,0;-2,6;;;0,0;0,04;46,0;0;0;1;1,0
02.01.2026 13:40;0,26;28,8;5,33;15,2;0,0;-1,6;;;0,0;0,02;40,8;0;0;0;1,0
02.01.2026 13:45;0,38;29,1;5,55;14,91;0,0;-0,8;;;0,0;0,04;37,3;0;0;0;1,0
02.01.2026 13:50;0,43;29,2;5,65;14,73;0,0;-0,4;;;0,0;0,06;34,9;0;0;0;1,0
02.01.2026 13:55;0,55;28,9;5,7;14,56;0,0;0,2;;;0,0;0,06;33,1;0;0;0;1,0
02.01.2026 14:00;0,63;29,1;5,83;14,47;0,0;0,4;;;0,0;0,03;31,9;0;0;0;1,0
02.01.2026 14:05;0,71;29,7;5,86;14,47;0,0;0,4;;;0,0;0,09;31,2;0;0;0;1,0
02.01.2026 14:10;0,86;29,3;5,89;14,43;0,0;0,4;;;0,0;0,08;30,7;0;0;0;1,0
02.01.2026 14:15;0,96;29,3;5,93;14,4;0,0;0,8;;;0,0;0,04;30,3;0;0;0;1,0
02.01.2026 14:20;1,06;28,9;5,98;14,32;0,0;0,9;;;0,0;0,09;29,8;0;0;0;1,0
02.01.2026 14:25;1,11;29,0;6,0;14,29;0,0;1,0;;;0,0;0,06;29,6;0;0;0;1,0
02.01.2026 14:30;1,19;28,7;6,02;14,24;0,0;1,1;;;0,0;0,07;29,3;0;0;0;1,0
02.01.2026 14:35;1,26;29,4;5,99;14,27;0,0;1,4;;;0,0;0,07;29,4;0;0;0;1,0
02.01.2026 14:40;1,4;29,4;6,01;14,3;0,0;1,2;;;0,0;0,03;29,4;0;0;0;1,0
02.01.2026 14:45;1,46;29,8;6,08;14,36;0,0;1,4;;;0,0;0,04;29,5;0;0;0;1,0
02.01.2026 14:50;1,5;29,2;6,03;14,33;0,0;1,3;;;0,0;0,04;29,4;0;0;0;1,0
02.01.2026 14:55;1,62;29,2;6,11;14,32;0,0;1,4;;;0,0;0,02;29,3;0;0;0;1,0
02.01.2026 15:00;1,73;29,2;6,14;14,3;0,0;1,7;;;0,0;0,04;29,3;0;0;0;1,0
02.01.2026 15:05;1,85;29,6;6,13;14,34;0,0;1,7;;;0,0;0,05;29,4;0;0;0;1,0
02.01.2026 15:10;1,91;29,4;6,11;14,35;0,0;1,7;;;0,0;0,08;29,4;0;0;0;1,0
02.01.2026 15:15;2,01;29,1;6,17;14,31;0,0;1,7;;;0,0;0,04;29,3;0;0;0;1,0
02.01.2026 15:20;1,79;29,8;5,2;16,59;11,15;-2,3;6,7;4,7;1,2;1,36;50,8;1;0;0;1,0
02.01.2026 15:25;1,56;29,4;4,89;17,34;11,24;-4,3;5,8;5,0;1,16;1,4;58,9;1;0;0;1,0
02.01.2026 15:30;1,33;28,8;4,74;17,19;11,01;-5,6;5,7;4,1;1,2;1,51;61,5;1;0;0;1,0
02.01.2026 15:35;1,08;29,2;4,72;17,47;11,5;-5,4;5,8;5,5;1,22;1,54;62,8;1;0;0;1,0
02.01.2026 15:40;0,83;28,9;4,72;17,36;11,46;-5,6;6,0;5,3;1,15;1,6;63,8;1;0;0;1,0
02.01.2026 15:45;0,63;29,3;4,67;17,45;11,63;-5,7;6,9;5,7;1,26;1,63;63,6;1;0;0;1,0
02.01.2026 15:50;0,41;29,3;4,64;17,57;11,68;-6,1;5,7;5,2;1,18;1,43;64,0;1;0;0;1,0
02.01.2026 15:55;0,25;29,5;4,58;17,71;11,52;-6,3;6,6;5,5;1,22;1,55;64,4;1;0;0;1,0
02.01.2026 16:00;0,2;29,0;4,5;17,5;11,68;-6,7;6,1;5,1;1,18;1,48;63,4;1;0;1;1,0
02.01.2026 16:05;-0,08;29,5;4,53;17,78;12,01;-6,8;5,8;5,7;1,23;1,86;64,7;1;0;0;1,0
02.01.2026 16:10;0,2;28,9;4,88;16,69;0,0;-4,1;;;0,0;0,05;54,0;0;0;1;1,0
02.01.2026 16:15;0,31;28,8;5,26;15,92;0,0;-2,3;;;0,0;0,05;46,4;0;0;0;1,0
02.01.2026 16:20;0,46;29,1;5,41;15,41;0,0;-1,2;;;0,0;0,04;41,2;0;0;0;1,0
02.01.2026 16:25;0,56;28,5;5,56;15,0;0,0;-0,5;;;0,0;0,03;37,4;0;0;0;1,0
02.01.2026 16:30;0,61;28,6;5,7;14,71;0,0;0,0;;;0,0;0,05;34,8;0;0;0;1,0
02.01.2026 16:35;0,73;28,7;5,76;14,53;0,0;0,2;;;0,0;0,07;33,0;0;0;0;1,0
02.01.2026 16:40;0,82;28,3;5,82;14,35;0,0;0,4;;;0,0;0,09;31,5;0;0;0;1,0
02.01.2026 16:45;0,92;28,5;5,92;14,25;0,0;0,7;;;0,0;0,05;30,6;0;0;0;1,0
02.01.2026 16:50;1,03;27,7;5,96;14,1;0,0;0,9;;;0,0;0,01;29,8;0;0;0;1,0
02.01.2026 16:55;1,1;28,8;5,96;14,11;0,0;0,9;;;0,0;0,07;29,5;0;0;0;1,0
02.01.2026 17:00;1,23;28,0;5,97;14,02;0,0;0,9;;;0,0;0,05;29,0;0;0;0;1,0
02.01.2026 17:05;1,53;28,5;6,07;14,02;0,0;1,1;;;0,0;0,05;28,9;0;0;1;1,0
02.01.2026 17:10;1,66;28,0;6,09;13,97;0,0;1,5;;;0,0;0,05;28,6;0;0;0;1,0
02.01.2026 17:15;1,71;28,4;6,05;13,97;0,0;1,6;;;0,0;0,05;28,5;0;0;0;1,0
02.01.2026 17:20;1,83;28,5;6,1;13,99;0,0;1,4;;;0,0;0,06;28,5;0;0;0;1,0
02.01.2026 17:25;1,92;28,0;6,04;13,94;0,0;1,8;;;0,0;0,07;28,4;0;0;0;1,0
02.01.2026 17:30;2,0;27,8;6,15;13,89;0,0;1,9;;;0,0;0,04;28,2;0;0;0;1,0
02.01.2026 17:35;1,75;27,6;5,17;15,81;11,09;-2,3;6,7;4,6;1,23;1,37;48,7;1;0;0;1,0
02.01.2026 17:40;1,51;27,6;4,9;16,33;10,98;-3,8;6,3;5,0;1,19;1,46;57,2;1;0;0;1,0
02.01.2026 17:45;1,24;28,3;4,76;16,91;11,47;-4,7;6,6;5,2;1,2;1,66;61,1;1;0;0;1,0
02.01.2026 17:50;1,03;28,1;4,7;16,93;11,02;-5,5;6,3;4,4;1,22;1,28;62,9;1;0;0;1,0
02.01.2026 17:55;1,02;27,7;4,67;16,84;11,51;-6,0;6,0;5,4;1,24;1,57;62,7;1;0;1;1,0
02.01.2026 18:00;1,44;27,8;5,06;15,92;0,0;0,6;;;0,0;0,04;52,2;0;1;1;1,0
02.01.2026 18:05;1,64;27,4;5,33;15,23;0,0;4,5;;;0,0;0,05;44,8;0;1;0;1,0
02.01.2026 18:10;1,87;27,3;5,61;14,74;0,0;6,7;;;0,0;0,04;39,5;0;1;0;1,0
02.01.2026 18:15;2,31;27,8;5,9;14,45;0,0;8,0;;;0,0;0,07;36,0;0;1;1;1,0
02.01.2026 18:20;2,56;26,8;5,98;14,14;0,0;8,8;;;0,0;0,05;33,2;0;1;0;1,0
02.01.2026 18:25;2,35;27,0;5,14;16,03;10,95;0,5;5,9;4,7;1,22;1,21;51,1;1;0;0;1,0
02.01.2026 18:30;2,09;27,2;4,96;16,43;10,8;-2,6;7,0;5,0;1,17;1,37;57,8;1;0;0;1,0
02.01.2026 18:35;1,85;26,9;4,76;16,49;11,25;-4,0;6,2;5,3;1,19;1,24;59,9;1;0;0;1,0
02.01.2026 18:40;1,62;26,6;4,72;16,31;11,01;-4,7;6,9;5,6;1,24;1,7;60,2;1;0;0;1,0
02.01.2026 18:45;1,35;26,6;4,71;16,22;11,08;-5,2;6,0;5,5;1,19;1,74;60,3;1;0;0;1,0
02.01.2026 18:50;1,11;26,6;4,68;16,35;11,18;-5,7;5,6;4,8;1,2;1,33;60,8;1;0;0;1,0
02.01.2026 18:55;0,87;26,5;4,58;16,35;11,1;-6,0;5,3;3,9;1,15;1,36;60,7;1;0;0;1,0
02.01.2026 19:00;0,62;26,4;4,56;16,15;11,22;-6,5;6,2;5,2;1,26;1,54;60,9;1;0;0;1,0
02.01.2026 19:05;0,35;26,1;4,61;15,97;11,01;-6,3;6,1;5,2;1,17;1,47;60,4;1;0;0;1,0
02.01.2026 19:10;0,09;26,0;4,53;15,96;11,08;-6,6;6,2;4,8;1,2;1,54;60,0;1;0;0;1,0
02.01.2026 19:15;-0,13;26,0;4,55;16,04;10,58;-6,9;6,0;4,4;1,17;1,4;59,7;1;0;0;1,0
02.01.2026 19:20;-0,07;25,6;4,89;15,13;0,0;-4,1;;;0,0;0,02;49,5;0;0;0;1,0
02.01.2026 19:25;-0,02;26,2;5,18;14,54;0,0;-2,3;;;0,0;0,04;42,5;0;0;0;1,0
02.01.2026 19:30;0,07;25,5;5,38;14,07;0,0;-1,3;;;0,0;0,09;37,4;0;0;0;1,0
02.01.2026 19:35;0,21;25,3;5,51;13,71;0,0;-0,7;;;0,0;0,01;33,8;0;0;0;1,0
02.01.2026 19:40;0,33;25,2;5,62;13,46;0,0;-0,4;;;0,0;0,02;31,2;0;0;0;1,0
02.01.2026 19:45;0,42;25,4;5,76;13,3;0,0;-0,1;;;0,0;0,06;29,5;0;0;0;1,0
02.01.2026 19:50;0,57;24,6;5,8;13,1;0,0;0,1;;;0,0;0,06;28,0;0;0;0;1,0
02.01.2026 19:55;0,66;25,2;5,81;13,03;0,0;0,4;;;0,0;0,07;27,2;0;0;0;1,0
02.01.2026 20:00;0,76;24,3;5,86;12,89;0,0;0,7;;;0,0;0,04;26,3;0;0;0;1,0
02.01.2026 20:05;0,85;24,7;5,94;12,83;0,0;0,6;;;0,0;0,05;25,8;0;0;0;1,0
02.01.2026 20:10;0,95;25,3;5,94;12,85;0,0;0,9;;;0,0;0,02;25,7;0;0;0;1,0
02.01.2026 20:15;1,06;24,3;5,96;12,76;0,0;0,9;;;0,0;0,05;25,3;0;0;0;1,0
02.01.2026 20:20;1,14;24,7;5,97;12,73;0,0;1,0;;;0,0;0,03;25,1;0;0;0;1,0
02.01.2026 20:25;1,19;24,2;6,02;12,67;0,0;1,0;;;0,0;0,07;24,8;0;0;0;1,0
02.01.2026 20:30;1,26;24,4;6,01;12,64;0,0;1,0;;;0,0;0,04;24,7;0;0;0;1,0
02.01.2026 20:35;1,38;23,8;6,09;12,56;0,0;1,2;;;0,0;0,07;24,4;0;0;0;1,0
02.01.2026 20:40;1,53;24,0;6,03;12,53;0,0;1,3;;;0,0;0,06;24,3;0;0;0;1,0
02.01.2026 20:45;1,66;23,9;6,04;12,5;0,0;1,4;;;0,0;0,07;24,2;0;0;0;1,0
02.01.2026 20:50;1,78;23,5;6,11;12,43;0,0;1,6;;;0,0;0,03;24,0;0;0;0;1,0
02.01.2026 20:55;1,87;23,4;6,13;12,38;0,0;1,8;;;0,0;0,03;23,8;0;0;0;1,0
02.01.2026 21:00;1,99;23,5;6,16;12,34;0,0;1,8;;;0,0;0,07;23,7;0;0;0;1,0
02.01.2026 21:05;2,1;22,8;6,13;12,25;0,0;1,9;;;0,0;0,08;23,4;0;0;0;1,0
02.01.2026 21:10;1,84;23,4;5,19;14,26;10,01;-2,3;5,9;4,7;1,21;1,51;45,2;1;0;0;1,0
02.01.2026 21:15;1,61;22,6;4,84;14,72;10,6;-4,3;6,7;4,9;1,14;1,44;52,0;1;0;0;1,0
02.01.2026 21:20;1,38;22,6;4,77;14,71;10,44;-5,1;5,7;4,4;1,26;1,39;55,4;1;0;0;1,0
02.01.2026 21:25;1,1;22,8;4,61;14,77;10,67;-5,9;6,6;4,9;1,18;1,22;56,9;1;0;0;1,0
02.01.2026 21:30;0,85;22,4;4,62;14,78;10,53;-6,2;5,9;4,1;1,18;1,37;57,5;1;0;0;1,0
02.01.2026 21:35;0,59;22,7;4,51;14,75;10,41;-6,5;6,4;4,9;1,2;1,57;57,6;1;0;0;1,0
02.01.2026 21:40;0,32;22,2;4,56;14,46;10,74;-6,7;5,9;4,5;1,25;1,75;57,2;1;0;0;1,0
02.01.2026 21:45;0,07;22,1;4,45;14,5;10,5;-7,0;6,2;5,7;1,27;1,91;56,4;1;0;0;1,0
02.01.2026 21:50;-0,21;22,0;4,48;14,65;10,56;-7,1;6,5;5,1;1,2;1,52;57,2;1;0;0;1,0
02.01.2026 21:55;-0,09;21,5;4,9;13,74;0,0;-4,3;;;0,0;0,05;46,5;0;0;0;1,0
02.01.2026 22:00;0,02;21,9;5,15;13,15;0,0;-2,8;;;0,0;0,06;39,1;0;0;0;1,0
02.01.2026 22:05;0,1;21,7;5,4;12,72;0,0;-1,4;;;0,0;0,06;33,9;0;0;0;1,0
02.01.2026 22:10;0,23;21,6;5,51;12,4;0,0;-0,7;;;0,0;0,04;30,2;0;0;0;1,0
02.01.2026 22:15;0,28;21,4;5,65;12,17;0,0;-0,5;;;0,0;0,05;27,6;0;0;0;1,0
02.01.2026 22:20;0,43;21,0;5,76;11,96;0,0;-0,0;;;0,0;0,05;25,6;0;0;0;1,0
02.01.2026 22:25;0,55;21,0;5,79;11,81;0,0;0,6;;;0,0;0,04;24,2;0;0;0;1,0
02.01.2026 22:30;0,68;21,6;5,85;11,76;0,0;0,4;;;0,0;0,02;23,4;0;0;0;1,0
02.01.2026 22:35;0,76;20,6;5,88;11,64;0,0;0,4;;;0,0;0,03;22,6;0;0;0;1,0
02.01.2026 22:40;0,83;20,6;5,93;11,55;0,0;0,6;;;0,0;0,01;22,0;0;0;0;1,0
02.01.2026 22:45;0,85;20,5;5,94;11,49;0,0;0,7;;;0,0;0,07;21,6;0;0;0;1,0
02.01.2026 22:50;0,94;20,4;5,97;11,43;0,0;0,8;;;0,0;0,03;21,2;0;0;0;1,0
02.01.2026 22:55;1,06;20,5;6,01;11,4;0,0;0,9;;;0,0;0,06;21,0;0;0;0;1,0
02.01.2026 23:00;1,15;19,9;6,01;11,32;0,0;0,8;;;0,0;0,07;20,7;0;0;0;1,0
02.01.2026 23:05;1,22;20,4;6,02;11,31;0,0;0,9;;;0,0;0,02;20,6;0;0;0;1,0
02.01.2026 23:10;1,27;20,1;6,07;11,27;0,0;1,2;;;0,0;0,05;20,4;0;0;0;1,0
02.01.2026 23:15;1,35;20,1;6,06;11,25;0,0;1,3;;;0,0;0,04;20,3;0;0;0;1,0
02.01.2026 23:20;1,4;19,4;6,09;11,18;0,0;1,3;;;0,0;0,04;20,1;0;0;0;1,0
02.01.2026 23:25;1,52;19,5;6,08;11,12;0,0;1,5;;;0,0;0,02;19,9;0;0;0;1,0
02.01.2026 23:30;1,61;19,8;6,08;11,12;0,0;1,4;;;0,0;0,02;19,9;0;0;0;1,0
02.01.2026 23:35;1,67;19,6;6,09;11,09;0,0;1,4;;;0,0;0,07;19,8;0;0;0;1,0
02.01.2026 23:40;1,72;19,5;6,13;11,07;0,0;1,6;;;0,0;0,05;19,7;0;0;0;1,0
02.01.2026 23:45;1,85;19,4;6,11;11,05;0,0;1,7;;;0,0;0,04;19,6;0;0;0;1,0
02.01.2026 23:50;1,96;19,2;6,15;11,01;0,0;1,6;;;0,0;0,03;19,5;0;0;0;1,0
02.01.2026 23:55;2,01;19,0;6,16;10,96;0,0;1,8;;;0,0;0,04;19,3;0;0;0;1,0
03.01.2026 00:00;2,21;21,7;6,22;11,18;0,0;5,2;;;0,0;0,1;20,0;0;1;0;1,0
03.01.2026 00:05;2,41;21,5;6,2;11,32;0,0;7,2;;;0,0;0,01;20,5;0;1;0;1,0
03.01.2026 00:10;2,58;21,7;6,3;11,43;0,0;8,3;;;0,0;0,02;20,9;0;1;0;1,0
03.01.2026 00:15;2,74;21,2;6,27;11,46;0,0;9,0;;;0,0;0,05;20,9;0;1;0;1,0
03.01.2026 00:20;2,97;21,2;6,3;11,48;0,0;9,3;;;0,0;0,04;21,0;0;1;0;1,0
03.01.2026 00:25;2,68;21,4;5,33;13,47;9,9;1,3;6,0;5,6;1,2;1,49;42,2;1;0;0;1,0
03.01.2026 00:30;2,44;21,6;5,03;14,1;10,19;-1,9;5,2;4,8;1,22;1,47;50,6;1;0;0;1,0
03.01.2026 00:35;2,19;21,5;4,82;14,34;9,95;-3,9;5,7;4,6;1,15;1,56;54,0;1;0;0;1,0
03.01.2026 00:40;1,91;21,1;4,77;14,09;10,08;-5,0;6,2;5,0;1,2;1,59;55,7;1;0;0;1,0
03.01.2026 00:45;1,64;21,7;4,79;14,08;9,88;-4,8;6,7;5,0;1,22;1,65;56,2;1;0;0;1,0
03.01.2026 00:50;1,34;20,8;4,7;14,15;10,47;-5,5;5,7;5,0;1,21;1,83;57,1;1;0;0;1,0
03.01.2026 00:55;1,03;20,5;4,7;13,97;10,4;-5,6;5,5;4,9;1,19;1,44;56,3;1;0;0;1,0
03.01.2026 01:00;0,73;21,1;4,6;14,1;10,1;-6,0;6,5;5,3;1,24;1,32;56,6;1;0;0;1,0
03.01.2026 01:05;0,45;20,5;4,5;13,96;10,28;-6,5;6,3;4,4;1,2;1,22;55,9;1;0;0;1,0
03.01.2026 01:10;0,17;20,6;4,59;13,97;10,5;-6,4;6,7;5,6;1,24;1,55;55,3;1;0;0;1,0
03.01.2026 01:15;-0,11;20,7;4,4;14,13;10,4;-7,1;6,2;4,5;1,22;1,48;56,1;1;0;0;1,0
03.01.2026 01:20;-0,0;20,5;4,83;13,29;0,0;-4,3;;;0,0;0,08;45,4;0;0;0;1,0
03.01.2026 01:25;0,05;20,8;5,18;12,73;0,0;-2,6;;;0,0;0,02;38,0;0;0;0;1,0
03.01.2026 01:30;0,16;20,6;5,4;12,32;0,0;-1,5;;;0,0;0,02;32,8;0;0;0;1,0
03.01.2026 01:35;0,27;20,5;5,51;12,02;0,0;-0,9;;;0,0;0,05;29,1;0;0;0;1,0
03.01.2026 01:40;0,41;20,0;5,64;11,76;0,0;-0,3;;;0,0;0,05;26,4;0;0;0;1,0
03.01.2026 01:45;0,55;20,4;5,7;11,62;0,0;-0,0;;;0,0;0,03;24,6;0;0;0;1,0
03.01.2026 01:50;0,64;20,2;5,77;11,5;0,0;0,2;;;0,0;0,07;23,3;0;0;0;1,0
03.01.2026 01:55;0,71;20,0;5,81;11,4;0,0;0,4;;;0,0;0,01;22,3;0;0;0;1,0
03.01.2026 02:00;0,81;20,0;5,86;11,33;0,0;0,6;;;0,0;0,04;21,6;0;0;0;1,0
03.01.2026 02:05;1,14;19,9;5,95;11,27;0,0;0,7;;;0,0;0,03;21,1;0;0;1;1,0
03.01.2026 02:10;1,24;19,9;5,92;11,23;0,0;1,0;;;0,0;0,03;20,7;0;0;0;1,0
03.01.2026 02:15;1,34;20,1;6,01;11,23;0,0;1,1;;;0,0;0,01;20,6;0;0;0;1,0
03.01.2026 02:20;1,41;19,9;6,03;11,2;0,0;1,2;;;0,0;0,05;20,4;0;0;0;1,0
03.01.2026 02:25;1,42;19,7;6,06;11,17;0,0;1,3;;;0,0;0,06;20,2;0;0;0;1,0
03.01.2026 02:30;1,49;20,2;6,09;11,19;0,0;1,3;;;0,0;0,06;20,2;0;0;0;1,0
03.01.2026 02:35;1,58;19,9;6,07;11,17;0,0;1,3;;;0,0;0,08;20,1;0;0;0;1,0
03.01.2026 02:40;1,68;20,4;6,16;11,21;0,0;1,6;;;0,0;0,06;20,2;0;0;0;1,0
03.01.2026 02:45;1,77;20,0;6,12;11,2;0,0;1,6;;;0,0;0,05;20,1;0;0;0;1,0
03.01.2026 02:50;1,87;20,2;6,14;11,21;0,0;1,8;;;0,0;0,08;20,2;0;0;0;1,0
03.01.2026 02:55;1,93;20,2;6,14;11,21;0,0;1,8;;;0,0;0,03;20,2;0;0;0;1,0
03.01.2026 03:00;2,0;20,1;6,17;11,21;0,0;1,9;;;0,0;0,02;20,1;0;0;0;1,0
03.01.2026 03:05;1,73;19,6;5,17;13,07;9,77;-2,5;5,7;4,5;1,17;1,55;40,5;1;0;0;1,0
03.01.2026 03:10;1,43;20,0;4,83;13,6;10,0;-4,5;5,7;5,0;1,13;1,48;49,8;1;0;0;1,0
03.01.2026 03:15;1,13;20,2;4,67;13,88;10,29;-5,6;6,5;5,2;1,21;1,48;53,3;1;0;0;1,0
03.01.2026 03:20;0,83;19,8;4,61;13,76;9,73;-5,9;4,8;5,0;1,25;1,59;54,3;1;0;0;1,0
03.01.2026 03:25;0,55;20,0;4,61;13,82;10,02;-6,3;6,3;5,2;1,13;1,49;54,4;1;0;0;1,0
03.01.2026 03:30;0,29;20,6;4,55;14,13;10,49;-6,4;6,0;5,1;1,2;1,42;55,1;1;0;0;1,0
03.01.2026 03:35;0,0;20,3;4,54;14,12;10,26;-6,5;5,4;5,4;1,24;1,56;55,4;1;0;0;1,0
03.01.2026 03:40;-0,26;20,2;4,56;14,01;10,09;-7,1;5,5;5,2;1,22;1,56;55,7;1;0;0;1,0
03.01.2026 03:45;-0,16;20,1;4,85;13,17;0,0;-4,3;;;0,0;0,04;45,0;0;0;0;1,0
03.01.2026 03:50;-0,1;20,3;5,15;12,6;0,0;-2,7;;;0,0;0,05;37,6;0;0;0;1,0
03.01.2026 03:55;0,01;20,5;5,34;12,21;0,0;-1,6;;;0,0;0,05;32,5;0;0;0;1,0
03.01.2026 04:00;0,16;20,2;5,5;11,91;0,0;-0,8;;;0,0;0,06;28,8;0;0;0;1,0
03.01.2026 04:05;0,26;20,3;5,6;11,72;0,0;-0,4;;;0,0;0,07;26,2;0;0;0;1,0
03.01.2026 04:10;0,33;20,5;5,68;11,6;0,0;-0,0;;;0,0;0,06;24,5;0;0;0;1,0
03.01.2026 04:15;0,43;20,5;5,77;11,52;0,0;0,2;;;0,0;0,07;23,3;0;0;0;1,0
03.01.2026 04:20;0,53;20,3;5,82;11,44;0,0;0,2;;;0,0;0,05;22,4;0;0;0;1,0
03.01.2026 04:25;0,63;20,7;5,91;11,43;0,0;0,3;;;0,0;0,05;21,9;0;0;0;1,0
03.01.2026 04:30;0,68;20,8;5,88;11,42;0,0;0,5;;;0,0;0,06;21,6;0;0;0;1,0
03.01.2026 04:35;0,74;20,7;5,91;11,41;0,0;0,6;;;0,0;0,03;21,3;0;0;0;1,0
03.01.2026 04:40;0,78;20,7;5,91;11,41;0,0;0,6;;;0,0;0,08;21,1;0;0;0;1,0
03.01.2026 04:45;0,92;20,9;5,96;11,42;0,0;0,9;;;0,0;0,0;21,1;0;0;0;1,0
03.01.2026 04:50;1,01;20,1;5,99;11,35;0,0;0,8;;;0,0;0,06;20,8;0;0;0;1,0
03.01.2026 04:55;1,14;20,4;5,99;11,34;0,0;1,0;;;0,0;0,08;20,7;0;0;0;1,0
03.01.2026 05:00;1,26;20,8;6,02;11,36;0,0;1,1;;;0,0;0,03;20,7;0;0;0;1,0
03.01.2026 05:05;1,33;20,8;6,01;11,37;0,0;1,2;;;0,0;0,04;20,7;0;0;0;1,0
03.01.2026 05:10;1,45;20,9;6,1;11,4;0,0;1,5;;;0,0;0,06;20,8;0;0;0;1,0
03.01.2026 05:15;1,53;20,8;6,08;11,4;0,0;1,4;;;0,0;0,08;20,8;0;0;0;1,0
03.01.2026 05:20;1,62;21,0;6,11;11,43;0,0;1,6;;;0,0;0,05;20,9;0;0;0;1,0
03.01.2026 05:25;1,76;21,4;6,15;11,48;0,0;1,4;;;0,0;0,04;21,0;0;0;0;1,0
03.01.2026 05:30;1,82;21,0;6,13;11,48;0,0;1,8;;;0,0;0,04;21,0;0;0;0;1,0
03.01.2026 05:35;1,88;21,2;6,13;11,49;0,0;1,8;;;0,0;0,05;21,1;0;0;0;1,0
03.01.2026 05:40;1,99;21,3;6,21;11,51;0,0;1,9;;;0,0;0,09;21,1;0;0;0;1,0
03.01.2026 05:45;2,07;21,4;6,17;11,54;0,0;2,0;;;0,0;0,02;21,2;0;0;0;1,0
03.01.2026 05:50;1,82;21,4;5,19;13,44;9,95;-2,1;5,7;5,3;1,18;1,53;42,1;1;0;0;1,0
03.01.2026 05:55;1,56;22,0;4,86;14,34;10,7;-4,3;6,4;4,5;1,17;1,37;51,1;1;0;0;1,0
03.01.2026 06:00;1,81;21,8;5,21;13,56;0,0;1,4;;;0,0;0,03;42,3;0;1;0;1,0
03.01.2026 06:05;2,02;21,6;5,56;12,99;0,0;4,9;;;0,0;0,03;36,1;0;1;0;1,0
03.01.2026 06:10;2,22;22,1;5,73;12,64;0,0;6,9;;;0,0;0,01;31,9;0;1;0;1,0
03.01.2026 06:15;2,51;22,0;5,9;12,39;0,0;8,1;;;0,0;0,1;29,0;0;1;0;1,0
03.01.2026 06:20;2,75;22,3;6,09;12,24;0,0;8,9;;;0,0;0,08;27,0;0;1;0;1,0
03.01.2026 06:25;2,46;22,6;5,24;13,97;10,33;1,1;5,3;5,2;1,23;1,31;45,6;1;0;0;1,0
03.01.2026 06:30;2,22;21,7;4,97;14,36;10,48;-2,3;5,1;4,4;1,22;1,57;52,2;1;0;0;1,0
03.01.2026 06:35;1,92;22,4;4,89;14,58;10,24;-3,8;6,5;5,3;1,25;1,33;55,5;1;0;0;1,0
03.01.2026 06:40;1,68;22,0;4,84;14,72;10,45;-4,4;4,9;4,7;1,19;1,7;56,4;1;0;0;1,0
03.01.2026 06:45;1,38;22,3;4,71;14,71;10,68;-5,2;6,5;4,9;1,15;1,04;56,8;1;0;0;1,0
03.01.2026 06:50;1,13;22,5;4,72;14,75;10,9;-5,2;5,6;4,7;1,2;1,59;57,8;1;0;0;1,0
03.01.2026 06:55;0,89;23,2;4,67;15,07;10,53;-5,8;5,7;5,0;1,22;1,4;58,5;1;0;0;1,0
03.01.2026 07:00;0,63;23,0;4,59;14,96;10,84;-6,0;5,9;4,2;1,18;1,46;57,7;1;0;0;1,0
03.01.2026 07:05;0,62;23,3;4,63;15,18;10,94;-6,0;6,3;4,5;1,24;1,63;58,8;1;0;1;1,0
03.01.2026 07:10;0,4;23,6;4,57;15,29;10,82;-6,7;6,1;5,4;1,23;1,65;59,3;1;0;0;1,0
03.01.2026 07:15;0,11;23,4;4,56;15,03;10,57;-6,7;6,5;5,7;1,23;1,57;58,8;1;0;0;1,0
03.01.2026 07:20;-0,12;23,6;4,48;15,26;11,04;-6,9;6,1;5,3;1,21;1,65;59,0;1;0;0;1,0
03.01.2026 07:25;0,02;23,9;4,88;14,4;0,0;-4,1;;;0,0;0,04;48,5;0;0;0;1,0
03.01.2026 07:30;0,12;24,3;5,18;13,85;0,0;-2,5;;;0,0;0,03;41,3;0;0;0;1,0
03.01.2026 07:35;0,18;23,7;5,39;13,4;0,0;-1,3;;;0,0;0,01;36,0;0;0;0;1,0
03.01.2026 07:40;0,49;23,9;5,53;13,1;0,0;-0,6;;;0,0;0,09;32,4;0;0;1;1,0
03.01.2026 07:45;0,57;24,0;5,69;12,9;0,0;-0,1;;;0,0;0,04;29,8;0;0;0;1,0
03.01.2026 07:50;0,67;24,2;5,78;12,79;0,0;0,3;;;0,0;0,09;28,2;0;0;0;1,0
03.01.2026 07:55;0,73;24,9;5,79;12,78;0,0;0,4;;;0,0;0,01;27,2;0;0;0;1,0
03.01.2026 08:00;1,1;24,5;5,86;12,73;0,0;0,7;;;0,0;0,05;26,4;0;0;1;1,0
03.01.2026 08:05;1,2;24,6;5,92;12,71;0,0;0,8;;;0,0;0,06;25,8;0;0;0;1,0
03.01.2026 08:10;1,3;24,6;5,98;12,69;0,0;1,0;;;0,0;0,07;25,5;0;0;0;1,0
03.01.2026 08:15;1,42;25,7;6,02;12,79;0,0;1,4;;;0,0;0,08;25,5;0;0;0;1,0
03.01.2026 08:20;1,5;25,2;6,06;12,81;0,0;1,3;;;0,0;0,04;25,4;0;0;0;1,0
03.01.2026 08:25;1,58;25,1;6,07;12,81;0,0;1,3;;;0,0;0,03;25,3;0;0;0;1,0
03.01.2026 08:30;1,65;25,3;6,06;12,84;0,0;1,4;;;0,0;0,06;25,3;0;0;0;1,0
03.01.2026 08:35;1,75;26,4;6,09;12,97;0,0;1,6;;;0,0;0,06;25,6;0;0;0;1,0
03.01.2026 08:40;1,87;24,8;6,17;12,9;0,0;1,7;;;0,0;0,06;25,4;0;0;0;1,0
03.01.2026 08:45;1,93;25,6;6,14;12,93;0,0;1,6;;;0,0;0,04;25,5;0;0;0;1,0
03.01.2026 08:50;2,03;25,8;6,12;12,97;0,0;2,0;;;0,0;0,06;25,6;0;0;0;1,0
03.01.2026 08:55;1,78;25,8;5,18;15,25;10,56;-2,4;6,4;5,0;1,24;1,45;46,8;1;0;0;1,0
03.01.2026 09:00;1,75;26,5;4,94;15,96;10,37;-4,0;5,6;5,0;1,21;1,64;55,5;1;0;1;1,0
03.01.2026 09:05;1,54;26,2;4,84;16,23;11,04;-4,7;6,5;5,2;1,21;1,51;59,6;1;0;0;1,0
03.01.2026 09:10;1,27;26,5;4,77;16,25;11,31;-5,2;6,2;5,3;1,22;1,4;60,7;1;0;0;1,0
03.01.2026 09:15;1,03;25,9;4,61;16,21;11,23;-5,9;6,2;5,2;1,21;1,41;61,2;1;0;0;1,0
03.01.2026 09:20;0,76;26,6;4,69;16,29;10,92;-5,8;5,7;4,8;1,19;1,69;61,7;1;0;0;1,0
03.01.2026 09:25;0,53;26,5;4,58;16,58;11,27;-6,1;5,3;4,5;1,19;1,36;62,3;1;0;0;1,0
03.01.2026 09:30;0,3;26,9;4,65;16,63;11,09;-6,2;6,1;4,9;1,15;1,44;62,7;1;0;0;1,0
03.01.2026 09:35;0,02;26,9;4,51;16,68;11,28;-6,6;5,5;4,4;1,22;1,34;62,4;1;0;0;1,0
03.01.2026 09:40;-0,21;26,7;4,48;16,45;11,01;-7,2;4,8;5,7;1,2;1,34;62,0;1;0;0;1,0
03.01.2026 09:45;-0,08;27,2;4,88;15,58;0,0;-4,2;;;0,0;0,04;51,6;0;0;0;1,0
03.01.2026 09:50;0,24;27,4;5,21;15,0;0,0;-2,4;;;0,0;0,06;44,3;0;0;1;1,0
03.01.2026 09:55;0,36;26,8;5,44;14,52;0,0;-1,2;;;0,0;0,05;39,1;0;0;0;1,0
03.01.2026 10:00;0,47;28,0;5,54;14,31;0,0;-0,7;;;0,0;0,03;35,7;0;0;0;1,0
03.01.2026 10:05;0,59;27,2;5,65;14,08;0,0;0,0;;;0,0;0,04;33,2;0;0;0;1,0
03.01.2026 10:10;0,88;27,9;5,81;14,0;0,0;0,5;;;0,0;0,07;31,6;0;0;1;1,0
03.01.2026 10:15;0,97;27,8;5,83;13,93;0,0;0,7;;;0,0;0,03;30,5;0;0;0;1,0
03.01.2026 10:20;1,07;28,1;5,94;13,91;0,0;0,5;;;0,0;0,05;29,7;0;0;0;1,0
03.01.2026 10:25;1,15;28,4;5,89;13,93;0,0;1,0;;;0,0;0,07;29,3;0;0;0;1,0
03.01.2026 10:30;1,21;28,1;5,92;13,92;0,0;1,1;;;0,0;0,09;29,0;0;0;0;1,0
03.01.2026 10:35;1,3;28,2;5,98;13,92;0,0;1,2;;;0,0;0,04;28,7;0;0;0;1,0
03.01.2026 10:40;1,35;28,5;6,05;13,95;0,0;1,1;;;0,0;0,05;28,7;0;0;0;1,0
03.01.2026 10:45;1,47;29,0;6,0;14,03;0,0;1,3;;;0,0;0,02;28,8;0;0;0;1,0
03.01.2026 10:50;1,6;29,0;6,09;14,09;0,0;1,4;;;0,0;0,07;28,9;0;0;0;1,0
03.01.2026 10:55;1,7;29,2;6,14;14,14;0,0;1,6;;;0,0;0,05;29,0;0;0;0;1,0
03.01.2026 11:00;1,99;29,4;6,1;14,21;0,0;1,8;;;0,0;0,0;29,1;0;0;1;1,0
03.01.2026 11:05;2,08;29,3;6,16;14,24;0,0;1,9;;;0,0;0,05;29,2;0;0;0;1,0
03.01.2026 11:10;1,86;29,3;5,19;16,43;11,36;-2,4;5,8;4,8;1,25;1,43;49,8;1;0;0;1,0
03.01.2026 11:15;1,6;29,2;4,93;17,29;11,16;-4,0;5,2;4,3;1,21;1,58;58,5;1;0;0;1,0
03.01.2026 11:20;1,37;29,7;4,76;17,64;11,52;-5,1;6,0;4,6;1,16;1,64;62,5;1;0;0;1,0
03.01.2026 11:25;1,09;30,0;4,68;17,96;11,37;-5,6;5,2;4,9;1,2;1,14;63,6;1;0;0;1,0
03.01.2026 11:30;0,88;29,8;4,7;17,9;11,59;-5,6;6,3;4,6;1,29;1,83;64,9;1;0;0;1,0
03.01.2026 11:35;0,71;29,7;4,61;17,75;11,66;-6,2;7,1;4,2;1,15;1,4;64,7;1;0;0;1,0
03.01.2026 11:40;0,49;29,7;4,54;17,67;11,33;-6,5;5,3;5,2;1,22;1,43;64,4;1;0;0;1,0
03.01.2026 11:45;0,28;29,5;4,48;17,65;11,63;-7,0;5,8;4,4;1,19;1,79;64,3;1;0;0;1,0
03.01.2026 11:50;0,04;29,9;4,57;17,74;11,38;-6,9;6,1;4,9;1,19;1,35;63,9;1;0;0;1,0
03.01.2026 11:55;-0,18;30,7;4,42;18,08;11,66;-7,1;6,7;5,1;1,19;1,66;66,3;1;0;0;1,0
03.01.2026 12:00;0,05;30,5;4,88;17,09;0,0;-0,3;;;0,0;0,03;55,6;0;1;0;1,0
03.01.2026 12:05;0,28;30,0;5,23;16,33;0,0;3,9;;;0,0;0,06;47,9;0;1;0;1,0
03.01.2026 12:10;0,53;30,8;5,36;15,9;0,0;6,3;;;0,0;0,06;42,8;0;1;0;1,0
03.01.2026 12:15;0,78;30,8;5,57;15,59;0,0;7,7;;;0,0;0,04;39,2;0;1;0;1,0
03.01.2026 12:20;0,99;30,3;5,7;15,33;0,0;8,5;;;0,0;0,07;36,5;0;1;0;1,0
03.01.2026 12:25;1,08;31,1;5,76;15,22;0,0;5,7;;;0,0;0,06;34,9;0;0;0;1,0
03.01.2026 12:30;1,14;30,8;5,91;15,13;0,0;3,8;;;0,0;0,05;33,7;0;0;0;1,0
03.01.2026 12:35;1,28;31,0;6,03;15,07;0,0;2,7;;;0,0;0,05;32,9;0;0;0;1,0
03.01.2026 12:40;1,42;30,9;5,93;15,03;0,0;2,3;;;0,0;0,03;32,3;0;0;0;1,0
03.01.2026 12:45;1,5;31,1;6,03;15,02;0,0;2,1;;;0,0;0,03;31,9;0;0;0;1,0
03.01.2026 12:50;1,6;31,4;6,02;15,05;0,0;1,8;;;0,0;0,03;31,8;0;0;0;1,0
03.01.2026 12:55;1,72;30,9;6,12;15,01;0,0;2,0;;;0,0;0,05;31,5;0;0;0;1,0
03.01.2026 13:00;1,81;30,8;6,09;14,97;0,0;1,6;;;0,0;0,05;31,3;0;0;0;1,0
03.01.2026 13:05;1,93;31,5;6,16;15,03;0,0;2,1;;;0,0;0,04;31,4;0;0;0;1,0
03.01.2026 13:10;2,03;31,3;6,13;15,04;0,0;1,9;;;0,0;0,06;31,4;0;0;0;1,0
03.01.2026 13:15;1,78;30,9;5,22;17,33;11,08;-2,4;6,5;4,8;1,22;1,67;51,9;1;0;0;1,0
03.01.2026 13:20;1,57;31,6;4,76;18,34;11,64;-4,5;6,3;5,0;1,16;1,48;61,0;1;0;0;1,0
03.01.2026 13:25;1,35;32,0;4,72;18,48;11,82;-5,2;6,2;5,5;1,15;1,44;64,6;1;0;0;1,0
03.01.2026 13:30;1,11;31,7;4,74;18,4;12,08;-5,5;5,1;4,7;1,17;1,49;65,6;1;0;0;1,0
03.01.2026 13:35;0,91;31,7;4,61;18,31;11,75;-6,2;4,6;4,9;1,22;1,72;65,7;1;0;0;1,0
03.01.2026 13:40;0,68;32,2;4,61;18,62;11,74;-6,2;5,8;5,3;1,17;1,59;66,5;1;0;0;1,0
03.01.2026 13:45;0,46;31,9;4,59;18,71;12,1;-6,0;6,7;5,5;1,19;1,51;66,5;1;0;0;1,0
03.01.2026 13:50;0,29;31,9;4,51;18,6;11,67;-6,8;5,8;4,6;1,18;1,69;66,9;1;0;0;1,0
03.01.2026 13:55;0,1;31,3;4,53;18,34;11,73;-6,7;6,1;4,9;1,17;1,39;65,8;1;0;0;1,0
03.01.2026 14:00;-0,11;32,0;4,43;18,86;12,1;-7,2;5,1;5,5;1,2;1,42;66,9;1;0;0;1,0
03.01.2026 14:05;-0,05;31,9;4,9;17,79;0,0;-4,2;;;0,0;0,05;56,4;0;0;0;1,0
03.01.2026 14:10;0,06;32,5;5,17;17,11;0,0;-2,5;;;0,0;0,06;49,2;0;0;0;1,0
03.01.2026 14:15;0,21;32,0;5,38;16,58;0,0;-1,6;;;0,0;0,04;44,0;0;0;0;1,0
03.01.2026 14:20;0,36;32,2;5,52;16,24;0,0;-0,7;;;0,0;0,05;40,5;0;0;0;1,0
03.01.2026 14:25;0,47;31,8;5,64;15,95;0,0;-0,3;;;0,0;0,08;37,9;0;0;0;1,0
03.01.2026 14:30;0,57;32,2;5,77;15,79;0,0;0,2;;;0,0;0,03;36,2;0;0;0;1,0
03.01.2026 14:35;0,68;32,4;5,81;15,71;0,0;0,3;;;0,0;0,07;35,1;0;0;0;1,0
03.01.2026 14:40;0,77;32,1;5,88;15,61;0,0;0,4;;;0,0;0,05;34,2;0;0;0;1,0
03.01.2026 14:45;0,88;31,5;5,92;15,48;0,0;0,6;;;0,0;0,06;33,4;0;0;0;1,0
03.01.2026 14:50;1,17;32,2;5,92;15,46;0,0;1,0;;;0,0;0,03;33,0;0;0;1;1,0
03.01.2026 14:55;1,43;32,1;6,01;15,44;0,0;1,1;;;0,0;0,07;32,8;0;0;1;1,0
03.01.2026 15:00;1,56;31,7;6,03;15,38;0,0;1,4;;;0,0;0,04;32,4;0;0;0;1,0
03.01.2026 15:05;1,86;32,5;6,09;15,42;0,0;1,5;;;0,0;0,04;32,4;0;0;1;1,0
03.01.2026 15:10;1,99;32,2;6,11;15,42;0,0;1,6;;;0,0;0,05;32,4;0;0;0;1,0
03.01.2026 15:15;2,08;32,5;6,14;15,46;0,0;2,0;;;0,0;0,07;32,4;0;0;0;1,0
03.01.2026 15:20;1,88;31,8;5,09;17,5;11,42;-2,5;6,6;4,3;1,15;1,49;52,6;1;0;0;1,0
03.01.2026 15:25;1,66;32,0;4,86;18,35;11,77;-4,1;6,5;4,7;1,17;1,55;61,5;1;0;0;1,0
03.01.2026 15:30;1,49;32,1;4,7;18,79;12,14;-5,2;5,7;4,7;1,21;1,69;64,4;1;0;0;1,0
03.01.2026 15:35;1,22;31,9;4,72;18,75;11,73;-5,4;5,5;4,5;1,24;1,48;65,8;1;0;0;1,0
03.01.2026 15:40;1,03;32,0;4,71;18,86;11,89;-5,7;5,4;5,0;1,2;1,49;66,4;1;0;0;1,0
03.01.2026 15:45;0,79;31,8;4,64;18,82;11,79;-5,9;5,9;5,0;1,19;1,66;67,2;1;0;0;1,0
03.01.2026 15:50;0,58;31,4;4,63;18,71;12,12;-6,0;7,0;5,1;1,17;1,68;67,4;1;0;0;1,0
03.01.2026 15:55;0,42;32,0;4,53;18,82;11,77;-6,5;6,5;4,7;1,21;1,52;67,6;1;0;0;1,0
03.01.2026 16:00;0,25;32,0;4,51;18,71;12,35;-6,8;5,5;5,3;1,16;1,61;67,6;1;0;0;1,0
03.01.2026 16:05;0,02;31,5;4,56;18,66;12,0;-6,9;6,1;5,3;1,17;1,71;67,7;1;0;0;1,0
03.01.2026 16:10;-0,18;31,9;4,52;18,38;11,8;-6,8;5,2;5,3;1,17;1,72;66,9;1;0;0;1,0
03.01.2026 16:15;-0,02;32,0;4,95;17,47;0,0;-4,0;;;0,0;0,04;56,4;0;0;0;1,0
03.01.2026 16:20;0,1;31,9;5,18;16,82;0,0;-2,4;;;0,0;0,07;49,1;0;0;0;1,0
03.01.2026 16:25;0,22;31,8;5,43;16,36;0,0;-1,0;;;0,0;0,07;43,9;0;0;0;1,0
03.01.2026 16:30;0,35;31,4;5,55;15,99;0,0;-0,6;;;0,0;0,07;40,2;0;0;0;1,0
03.01.2026 16:35;0,39;31,7;5,68;15,75;0,0;-0,2;;;0,0;0,01;37,6;0;0;0;1,0
03.01.2026 16:40;0,71;31,4;5,76;15,57;0,0;0,1;;;0,0;0,05;35,8;0;0;1;1,0
03.01.2026 16:45;0,81;31,6;5,79;15,45;0,0;0,4;;;0,0;0,02;34,5;0;0;0;1,0
03.01.2026 16:50;0,93;31,8;5,84;15,39;0,0;0,6;;;0,0;0,05;33,7;0;0;0;1,0
03.01.2026 16:55;1,01;31,4;5,93;15,31;0,0;0,9;;;0,0;0,02;33,0;0;0;0;1,0
03.01.2026 17:00;1,11;31,8;5,98;15,3;0,0;0,8;;;0,0;0,01;32,6;0;0;0;1,0
03.01.2026 17:05;1,23;31,0;6,01;15,19;0,0;1,1;;;0,0;0,03;32,1;0;0;0;1,0
03.01.2026 17:10;1,34;30,6;5,96;15,07;0,0;1,1;;;0,0;0,03;31,7;0;0;0;1,0
03.01.2026 17:15;1,49;31,5;6,07;15,09;0,0;1,4;;;0,0;0,08;31,6;0;0;0;1,0
03.01.2026 17:20;1,76;30,6;6,08;15,0;0,0;1,5;;;0,0;0,05;31,3;0;0;1;1,0
03.01.2026 17:25;1,84;31,0;6,09;14,99;0,0;1,6;;;0,0;0,04;31,2;0;0;0;1,0
03.01.2026 17:30;1,95;30,5;6,15;14,92;0,0;1,9;;;0,0;0,01;31,0;0;0;0;1,0
03.01.2026 17:35;2,03;30,6;6,13;14,88;0,0;2,0;;;0,0;0,07;30,9;0;0;0;1,0
03.01.2026 17:40;1,8;30,9;5,15;17,22;11,55;-2,7;6,3;5,2;1,23;1,11;51,7;1;0;0;1,0
03.01.2026 17:45;1,54;30,8;4,79;17,92;11,66;-4,5;5,9;5,7;1,22;1,77;60,0;1;0;0;1,0
03.01.2026 17:50;1,35;30,6;4,82;18,05;11,38;-5,1;5,7;4,7;1,21;1,71;62,2;1;0;0;1,0
03.01.2026 17:55;1,14;29,9;4,64;17,98;11,84;-5,6;6,4;5,1;1,2;1,59;65,0;1;0;0;1,0
03.01.2026 18:00;1,57;30,1;5,15;16,97;0,0;0,5;;;0,0;0,05;54,5;0;1;1;1,0
03.01.2026 18:05;1,82;30,3;5,5;16,29;0,0;4,3;;;0,0;0,06;47,3;0;1;0;1,0
03.01.2026 18:10;2,04;29,6;5,67;15,73;0,0;6,6;;;0,0;0,05;42,0;0;1;0;1,0
03.01.2026 18:15;2,26;30,2;5,81;15,41;0,0;8,0;;;0,0;0,02;38,4;0;1;0;1,0
03.01.2026 18:20;2,46;29,9;5,97;15,14;0,0;8,9;;;0,0;0,04;35,9;0;1;0;1,0
03.01.2026 18:25;2,29;29,6;5,28;16,93;11,13;0,9;5,9;5,2;1,24;1,37;53,2;1;0;0;1,0
03.01.2026 18:30;2,06;30,3;4,91;17,84;11,73;-2,4;5,9;4,7;1,22;1,48;61,6;1;0;0;1,0
03.01.2026 18:35;2,05;29,7;4,99;17,77;11,57;-3,5;5,9;5,2;1,16;1,53;63,4;1;0;1;1,0
03.01.2026 18:40;1,79;29,2;4,83;17,5;11,69;-4,6;5,7;5,1;1,16;1,28;62,9;1;0;0;1,0
03.01.2026 18:45;1,51;29,0;4,72;17,57;11,64;-5,1;6,6;5,1;1,21;1,43;64,8;1;0;0;1,0
03.01.2026 18:50;1,24;29,2;4,67;17,65;11,97;-5,5;5,4;5,5;1,21;1,34;64,3;1;0;0;1,0
03.01.2026 18:55;1,22;28,8;4,74;17,51;11,72;-5,7;5,4;5,8;1,23;1,42;65,1;1;0;1;1,0
03.01.2026 19:00;0,97;29,4;4,63;17,8;11,67;-6,0;6,5;5,0;1,21;1,4;65,1;1;0;0;1,0
03.01.2026 19:05;0,71;29,1;4,61;17,58;11,8;-5,9;6,4;5,4;1,22;1,62;64,5;1;0;0;1,0
03.01.2026 19:10;0,51;28,8;4,56;17,46;11,41;-6,3;5,5;5,6;1,21;1,51;64,7;1;0;0;1,0
03.01.2026 19:15;0,28;28,2;4,53;17,25;11,22;-6,7;6,8;4,1;1,21;1,7;64,1;1;0;0;1,0
03.01.2026 19:20;0,11;28,8;4,52;17,16;11,28;-6,6;5,8;5,1;1,19;1,44;63,4;1;0;0;1,0
03.01.2026 19:25;-0,14;28,2;4,46;17,35;11,62;-7,1;6,2;5,6;1,14;1,57;63,4;1;0;0;1,0
03.01.2026 19:30;-0,08;28,9;4,88;16,4;0,0;-4,2;;;0,0;0,05;53,1;0;0;0;1,0
03.01.2026 19:35;-0,02;28,7;5,17;15,71;0,0;-2,4;;;0,0;0,04;45,8;0;0;0;1,0
03.01.2026 19:40;0,1;28,0;5,33;15,15;0,0;-1,4;;;0,0;0,07;40,4;0;0;0;1,0
03.01.2026 19:45;0,2;28,0;5,54;14,76;0,0;-0,8;;;0,0;0,05;36,7;0;0;0;1,0
03.01.2026 19:50;0,3;27,6;5,6;14,45;0,0;-0,5;;;0,0;0,07;34,0;0;0;0;1,0
03.01.2026 19:55;0,37;28,0;5,71;14,27;0,0;-0,1;;;0,0;0,02;32,2;0;0;0;1,0
03.01.2026 20:00;0,42;28,1;5,74;14,14;0,0;-0,0;;;0,0;0,05;31,0;0;0;0;1,0
03.01.2026 20:05;0,56;27,8;5,85;14,03;0,0;0,4;;;0,0;0,08;30,0;0;0;0;1,0
03.01.2026 20:10;0,66;27,1;5,83;13,87;0,0;0,5;;;0,0;0,06;29,1;0;0;0;1,0
03.01.2026 20:15;0,75;27,7;5,91;13,83;0,0;0,5;;;0,0;0,04;28,7;0;0;0;1,0
03.01.2026 20:20;0,88;26,8;5,94;13,7;0,0;0,7;;;0,0;0,07;28,1;0;0;0;1,0
03.01.2026 20:25;0,93;27,2;5,94;13,65;0,0;0,8;;;0,0;0,06;27,8;0;0;0;1,0
03.01.2026 20:30;1,04;27,1;5,96;13,61;0,0;0,7;;;0,0;0,04;27,6;0;0;0;1,0
03.01.2026 20:35;1,13;25,9;6,07;13,46;0,0;1,0;;;0,0;0,04;27,1;0;0;0;1,0
03.01.2026 20:40;1,17;26,6;5,98;13,43;0,0;0,9;;;0,0;0,04;27,0;0;0;0;1,0
03.01.2026 20:45;1,3;25,8;6,0;13,32;0,0;1,2;;;0,0;0,04;26,6;0;0;0;1,0
03.01.2026 20:50;1,38;25,9;6,04;13,26;0,0;1,3;;;0,0;0,07;26,4;0;0;0;1,0
03.01.2026 20:55;1,53;26,2;6,02;13,24;0,0;1,4;;;0,0;0,01;26,4;0;0;0;1,0
03.01.2026 21:00;1,63;26,0;6,14;13,21;0,0;1,4;;;0,0;0,04;26,3;0;0;0;1,0
03.01.2026 21:05;1,66;26,1;6,15;13,19;0,0;1,7;;;0,0;0,0;26,2;0;0;0;1,0
03.01.2026 21:10;1,72;25,7;6,1;13,14;0,0;1,5;;;0,0;0,01;26,1;0;0;0;1,0
03.01.2026 21:15;1,84;25,5;6,13;13,09;0,0;1,7;;;0,0;0,0;25,9;0;0;0;1,0
03.01.2026 21:20;1,94;25,5;6,21;13,05;0,0;1,9;;;0,0;0,02;25,8;0;0;0;1,0
03.01.2026 21:25;2,04;25,2;6,2;12,99;0,0;1,8;;;0,0;0,07;25,6;0;0;0;1,0
03.01.2026 21:30;1,77;25,5;5,21;14,89;10,62;-2,5;6,0;5,4;1,22;1,63;45,9;1;0;0;1,0
03.01.2026 21:35;1,5;25,3;4,88;15,67;10,68;-4,2;6,4;5,1;1,21;1,77;54,8;1;0;0;1,0
03.01.2026 21:40;1,25;24,6;4,73;15,74;11,34;-5,2;6,1;5,4;1,19;1,37;58,2;1;0;0;1,0
03.01.2026 21:45;1,02;24,7;4,68;15,42;11,01;-5,7;5,9;5,1;1,18;1,38;59,2;1;0;0;1,0
03.01.2026 21:50;0,79;24,9;4,62;15,5;10,7;-6,0;6,5;4,8;1,26;1,64;58,8;1;0;0;1,0
03.01.2026 21:55;0,48;24,4;4,63;15,6;10,89;-6,2;6,1;4,8;1,22;1,34;59,2;1;0;0;1,0
03.01.2026 22:00;0,19;24,6;4,52;15,79;10,82;-6,8;5,5;5,1;1,24;1,49;59,7;1;0;0;1,0
03.01.2026 22:05;-0,03;24,7;4,44;15,84;11,02;-7,1;5,9;4,6;1,18;1,41;59,8;1;0;0;1,0
03.01.2026 22:10;0,08;23,7;4,79;14,8;0,0;-4,2;;;0,0;0,04;48,9;0;0;0;1,0
03.01.2026 22:15;0,19;24,0;5,19;14,1;0,0;-2,4;;;0,0;0,04;41,5;0;0;0;1,0
03.01.2026 22:20;0,28;24,7;5,4;13,67;0,0;-1,5;;;0,0;0,04;36,4;0;0;0;1,0
03.01.2026 22:25;0,4;24,1;5,54;13,31;0,0;-0,6;;;0,0;0,05;32,7;0;0;0;1,0
03.01.2026 22:30;0,5;23,6;5,67;13,01;0,0;-0,4;;;0,0;0,03;30,0;0;0;0;1,0
03.01.2026 22:35;0,64;23,2;5,72;12,77;0,0;0,3;;;0,0;0,1;28,0;0;0;0;1,0
03.01.2026 22:40;0,77;23,6;5,78;12,63;0,0;0,3;;;0,0;0,02;26,7;0;0;0;1,0
03.01.2026 22:45;0,89;23,2;5,86;12,49;0,0;0,7;;;0,0;0,08;25,6;0;0;0;1,0
03.01.2026 22:50;0,93;22,7;5,94;12,35;0,0;0,6;;;0,0;0,07;24,7;0;0;0;1,0
03.01.2026 22:55;1,03;23,3;6,0;12,31;0,0;0,8;;;0,0;0,06;24,3;0;0;0;1,0
03.01.2026 23:00;1,15;22,9;5,98;12,24;0,0;1,0;;;0,0;0,05;23,9;0;0;0;1,0
03.01.2026 23:05;1,23;22,8;6,02;12,19;0,0;1,0;;;0,0;0,03;23,6;0;0;0;1,0
03.01.2026 23:10;1,34;22,8;6,04;12,15;0,0;1,0;;;0,0;0,08;23,3;0;0;0;1,0
03.01.2026 23:15;1,49;22,7;6,0;12,11;0,0;1,3;;;0,0;0,08;23,1;0;0;0;1,0
03.01.2026 23:20;1,58;22,7;6,03;12,08;0,0;1,4;;;0,0;0,04;23,0;0;0;0;1,0
03.01.2026 23:25;1,67;22,4;6,09;12,03;0,0;1,5;;;0,0;0,07;22,8;0;0;0;1,0
03.01.2026 23:30;1,75;22,6;6,12;12,02;0,0;1,6;;;0,0;0,05;22,7;0;0;0;1,0
03.01.2026 23:35;1,82;22,3;6,15;11,98;0,0;1,6;;;0,0;0,06;22,6;0;0;0;1,0
03.01.2026 23:40;1,9;22,2;6,14;11,95;0,0;1,6;;;0,0;0,07;22,5;0;0;0;1,0
03.01.2026 23:45;2,0;22,0;6,14;11,9;0,0;1,8;;;0,0;0,02;22,3;0;0;0;1,0
03.01.2026 23:50;1,72;22,0;5,26;13,62;10,1;-2,4;7,2;5,5;1,16;1,17;42,4;1;0;0;1,0
03.01.2026 23:55;1,43;22,3;4,85;14,51;10,43;-4,0;6,0;5,5;1,18;1,32;51,6;1;0;0;1,0
04.01.2026 00:00;1,67;23,1;5,26;13,8;0,0;1,5;;;0,0;0,03;43,0;0;1;0;1,0
04.01.2026 00:05;1,92;23,6;5,56;13,35;0,0;4,8;;;0,0;0,05;37,2;0;1;0;1,0
04.01.2026 00:10;2,17;24,0;5,78;13,08;0,0;7,0;;;0,0;0,02;33,2;0;1;0;1,0
04.01.2026 00:15;2,37;22,9;5,9;12,78;0,0;8,2;;;0,0;0,03;30,1;0;1;0;1,0
04.01.2026 00:20;2,53;23,7;6,01;12,65;0,0;8,9;;;0,0;0,08;28,2;0;1;0;1,0
04.01.2026 00:25;2,3;23,2;5,21;14,32;9,86;0,8;6,2;5,3;1,2;1,39;46,4;1;0;0;1,0
04.01.2026 00:30;2,22;23,5;4,92;14,78;10,41;-2,6;6,0;5,0;1,16;1,49;53,2;1;0;1;1,0
04.01.2026 00:35;1,96;23,4;4,75;14,98;10,87;-4,7;5,3;5,4;1,2;1,57;55,5;1;0;0;1,0
04.01.2026 00:40;1,65;22,8;4,79;14,96;10,74;-5,1;6,3;5,6;1,19;1,52;57,3;1;0;0;1,0
04.01.2026 00:45;1,38;23,1;4,72;15,42;11,12;-5,6;6,4;5,4;1,23;1,53;59,1;1;0;0;1,0
04.01.2026 00:50;1,12;22,3;4,72;14,74;10,73;-5,4;7,0;4,5;1,18;1,55;57,3;1;0;0;1,0
04.01.2026 00:55;0,89;23,3;4,65;14,98;10,65;-5,7;5,9;5,3;1,2;1,29;57,8;1;0;0;1,0
04.01.2026 01:00;0,62;22,8;4,56;14,8;10,53;-6,3;5,6;4,9;1,24;1,34;56,6;1;0;0;1,0
04.01.2026 01:05;0,44;22,5;4,66;14,86;10,79;-6,0;6,5;5,1;1,18;1,39;57,1;1;0;0;1,0
04.01.2026 01:10;0,21;22,3;4,5;14,87;10,6;-6,6;5,9;5,4;1,19;1,5;57,6;1;0;0;1,0
04.01.2026 01:15;-0,05;23,0;4,45;14,68;10,87;-7,1;4,6;4,8;1,15;1,46;56,4;1;0;0;1,0
04.01.2026 01:20;0,09;22,5;4,87;13,87;0,0;-4,3;;;0,0;0,09;46,2;0;0;0;1,0
04.01.2026 01:25;0,17;23,0;5,2;13,34;0,0;-2,5;;;0,0;0,04;39,3;0;0;0;1,0
04.01.2026 01:30;0,27;22,1;5,36;12,89;0,0;-1,3;;;0,0;0,02;34,1;0;0;0;1,0
04.01.2026 01:35;0,36;22,1;5,58;12,56;0,0;-0,6;;;0,0;0,03;30,5;0;0;0;1,0
04.01.2026 01:40;0,5;21,9;5,64;12,32;0,0;-0,2;;;0,0;0,01;27,9;0;0;0;1,0
04.01.2026 01:45;0,6;22,6;5,8;12,22;0,0;0,1;;;0,0;0,07;26,3;0;0;0;1,0
04.01.2026 01:50;0,91;21,8;5,82;12,07;0,0;0,7;;;0,0;0,07;24,9;0;0;1;1,0
04.01.2026 01:55;1,02;21,8;5,82;11,97;0,0;0,5;;;0,0;0,09;24,0;0;0;0;1,0
04.01.2026 02:00;1,06;22,0;5,89;11,91;0,0;0,7;;;0,0;0,06;23,4;0;0;0;1,0
04.01.2026 02:05;1,15;22,8;5,91;11,95;0,0;0,8;;;0,0;0,05;23,2;0;0;0;1,0
04.01.2026 02:10;1,23;22,2;6,01;11,93;0,0;1,1;;;0,0;0,08;22,9;0;0;0;1,0
04.01.2026 02:15;1,35;22,1;6,01;11,89;0,0;1,2;;;0,0;0,07;22,7;0;0;0;1,0
04.01.2026 02:20;1,48;22,0;6,04;11,86;0,0;1,3;;;0,0;0,06;22,5;0;0;0;1,0
04.01.2026 02:25;1,76;21,6;6,03;11,8;0,0;1,4;;;0,0;0,06;22,2;0;0;1;1,0
04.01.2026 02:30;1,82;21,7;6,08;11,78;0,0;1,6;;;0,0;0,07;22,1;0;0;0;1,0
04.01.2026 02:35;1,91;22,3;6,13;11,81;0,0;1,8;;;0,0;0,08;22,1;0;0;0;1,0
04.01.2026 02:40;1,98;21,8;6,21;11,78;0,0;1,9;;;0,0;0,05;22,0;0;0;0;1,0
04.01.2026 02:45;2,08;21,6;6,19;11,75;0,0;2,0;;;0,0;0,08;21,9;0;0;0;1,0
04.01.2026 02:50;1,82;22,2;5,24;13,87;9,68;-2,2;5,4;5,0;1,14;1,38;42,6;1;0;0;1,0
04.01.2026 02:55;1,54;21,8;4,91;14,28;10,21;-4,2;6,1;5,2;1,18;1,43;51,4;1;0;0;1,0
04.01.2026 03:00;1,32;21,8;4,76;14,36;10,35;-5,4;6,3;5,2;1,26;1,52;54,6;1;0;0;1,0
04.01.2026 03:05;1,06;22,1;4,61;14,58;10,68;-6,0;5,8;5,2;1,18;1,54;56,7;1;0;0;1,0
04.01.2026 03:10;0,98;21,5;4,55;14,57;10,5;-6,1;6,1;4,5;1,16;1,01;57,4;1;0;1;1,0
04.01.2026 03:15;0,72;21,6;4,54;14,39;10,33;-6,3;5,8;4,9;1,21;1,47;56,4;1;0;0;1,0
04.01.2026 03:20;0,41;22,3;4,54;14,64;10,79;-6,5;6,2;5,1;1,17;1,49;57,1;1;0;0;1,0
04.01.2026 03:25;0,12;22,3;4,48;14,64;10,51;-6,7;5,9;5,1;1,21;1,52;57,4;1;0;0;1,0
04.01.2026 03:30;-0,15;22,4;4,56;14,72;10,9;-6,9;5,9;4,2;1,18;1,39;58,0;1;0;0;1,0
04.01.2026 03:35;-0,03;22,4;4,94;13,88;0,0;-4,1;;;0,0;0,06;47,3;0;0;0;1,0
04.01.2026 03:40;0,07;21,5;5,17;13,21;0,0;-2,5;;;0,0;0,03;39,6;0;0;0;1,0
04.01.2026 03:45;0,17;22,1;5,41;12,79;0,0;-1,5;;;0,0;0,05;34,3;0;0;0;1,0
04.01.2026 03:50;0,29;22,3;5,53;12,52;0,0;-0,8;;;0,0;0,05;30,7;0;0;0;1,0
04.01.2026 03:55;0,42;22,1;5,64;12,31;0,0;-0,2;;;0,0;0,02;28,1;0;0;0;1,0
04.01.2026 04:00;0,55;22,1;5,73;12,16;0,0;0,1;;;0,0;0,03;26,3;0;0;0;1,0
04.01.2026 04:05;0,63;21,5;5,78;12,0;0,0;0,3;;;0,0;0,03;24,9;0;0;0;1,0
04.01.2026 04:10;0,72;22,2;5,86;11,96;0,0;0,6;;;0,0;0,06;24,1;0;0;0;1,0
04.01.2026 04:15;0,87;21,8;5,94;11,89;0,0;0,6;;;0,0;0,07;23,4;0;0;0;1,0
04.01.2026 04:20;0,95;22,4;5,94;11,9;0,0;0,6;;;0,0;0,03;23,1;0;0;0;1,0
04.01.2026 04:25;1,08;22,2;5,98;11,88;0,0;0,8;;;0,0;0,06;22,8;0;0;0;1,0
04.01.2026 04:30;1,15;22,1;6,04;11,86;0,0;0,9;;;0,0;0,08;22,6;0;0;0;1,0
04.01.2026 04:35;1,24;22,6;5,98;11,9;0,0;1,2;;;0,0;0,04;22,6;0;0;0;1,0
04.01.2026 04:40;1,31;22,7;6,0;11,93;0,0;1,2;;;0,0;0,05;22,6;0;0;0;1,0
04.01.2026 04:45;1,33;22,3;6,08;11,92;0,0;1,2;;;0,0;0,06;22,5;0;0;0;1,0
04.01.2026 04:50;1,43;22,9;6,08;11,96;0,0;1,5;;;0,0;0,04;22,6;0;0;0;1,0
04.01.2026 04:55;1,54;22,4;6,08;11,95;0,0;1,6;;;0,0;0,04;22,5;0;0;0;1,0
04.01.2026 05:00;1,61;23,1;6,07;12,01;0,0;1,5;;;0,0;0,06;22,7;0;0;0;1,0
04.01.2026 05:05;1,68;22,3;6,1;11,98;0,0;1,6;;;0,0;0,02;22,6;0;0;0;1,0
04.01.2026 05:10;1,75;22,9;6,18;12,01;0,0;1,5;;;0,0;0,01;22,7;0;0;0;1,0
04.01.2026 05:15;1,86;22,7;6,09;12,01;0,0;1,8;;;0,0;0,07;22,7;0;0;0;1,0
04.01.2026 05:20;1,98;22,9;6,14;12,03;0,0;1,9;;;0,0;0,11;22,7;0;0;0;1,0
04.01.2026 05:25;2,06;23,0;6,14;12,06;0,0;2,0;;;0,0;0,04;22,8;0;0;0;1,0
04.01.2026 05:30;1,78;23,3;5,16;14,14;10,32;-2,5;6,5;5,2;1,18;1,46;43,5;1;0;0;1,0
04.01.2026 05:35;1,54;23,0;4,84;14,8;10,5;-4,2;6,1;5,4;1,23;1,58;52,7;1;0;0;1,0
04.01.2026 05:40;1,34;22,8;4,72;14,91;11,13;-5,1;5,9;4,8;1,17;1,49;55,9;1;0;0;1,0
04.01.2026 05:45;1,06;23,1;4,68;15,06;10,93;-5,6;5,4;5,2;1,23;1,33;56,0;1;0;0;1,0
04.01.2026 05:50;0,84;23,2;4,64;15,07;10,57;-6,2;5,5;5,1;1,18;1,66;57,5;1;0;0;1,0
04.01.2026 05:55;0,56;23,8;4,63;15,2;10,85;-6,4;5,9;5,0;1,19;1,81;57,9;1;0;0;1,0
04.01.2026 06:00;0,79;24,3;5,03;14,41;0,0;0,4;;;0,0;0,08;47,8;0;1;0;1,0
04.01.2026 06:05;1,0;23,8;5,35;13,8;0,0;4,0;;;0,0;0,07;40,6;0;1;0;1,0
04.01.2026 06:10;1,21;24,0;5,54;13,39;0,0;6,5;;;0,0;0,05;35,6;0;1;0;1,0
04.01.2026 06:15;1,42;23,8;5,69;13,09;0,0;8,0;;;0,0;0,04;32,1;0;1;0;1,0
04.01.2026 06:20;1,62;23,6;5,83;12,85;0,0;8,9;;;0,0;0,02;29,5;0;1;0;1,0
04.01.2026 06:25;1,7;24,3;5,95;12,76;0,0;5,8;;;0,0;0,04;27,9;0;0;0;1,0
04.01.2026 06:30;1,83;23,6;5,99;12,63;0,0;4,3;;;0,0;0,04;26,6;0;0;0;1,0
04.01.2026 06:35;1,87;24,1;6,04;12,58;0,0;3,3;;;0,0;0,06;25,9;0;0;0;1,0
04.01.2026 06:40;1,93;25,1;6,06;12,65;0,0;2,8;;;0,0;0,03;25,6;0;0;0;1,0
04.01.2026 06:45;2,0;24,2;6,14;12,62;0,0;2,4;;;0,0;0,04;25,2;0;0;0;1,0
04.01.2026 06:50;1,78;24,6;5,15;14,68;10,4;-2,6;6,2;4,6;1,19;1,33;46,4;1;0;0;1,0
04.01.2026 06:55;1,49;24,6;4,74;15,23;10,28;-4,5;5,6;5,1;1,24;1,63;54,8;1;0;0;1,0
04.01.2026 07:00;1,23;24,7;4,7;15,44;10,44;-5,1;6,0;5,1;1,25;1,33;57,7;1;0;0;1,0
04.01.2026 07:05;1,03;25,0;4,68;15,76;11,03;-5,7;6,2;5,1;1,19;1,47;59,8;1;0;0;1,0
04.01.2026 07:10;0,78;24,7;4,66;15,77;10,77;-5,7;6,2;4,8;1,21;1,71;60,0;1;0;0;1,0
04.01.2026 07:15;0,51;25,5;4,58;15,79;10,73;-6,3;6,3;5,2;1,18;1,44;59,4;1;0;0;1,0
04.01.2026 07:20;0,31;25,5;4,59;15,88;10,91;-6,6;6,1;4,8;1,23;1,54;60,0;1;0;0;1,0
04.01.2026 07:25;0,27;25,2;4,48;15,78;11,06;-6,7;6,1;4,8;1,2;1,3;58,9;1;0;1;1,0
04.01.2026 07:30;0,03;26,0;4,46;16,1;10,89;-6,9;5,9;5,0;1,22;1,67;60,0;1;0;0;1,0
04.01.2026 07:35;-0,25;25,7;4,37;16,3;10,83;-7,5;6,7;5,5;1,21;1,56;61,0;1;0;0;1,0
04.01.2026 07:40;-0,18;25,7;4,77;15,32;0,0;-4,5;;;0,0;0,07;50,4;0;0;0;1,0
04.01.2026 07:45;-0,06;25,8;5,15;14,64;0,0;-2,7;;;0,0;0,06;43,0;0;0;0;1,0
04.01.2026 07:50;0,04;26,1;5,31;14,2;0,0;-1,8;;;0,0;0,06;38,0;0;0;0;1,0
04.01.2026 07:55;0,09;25,8;5,5;13,86;0,0;-1,0;;;0,0;0,07;34,3;0;0;0;1,0
04.01.2026 08:00;0,2;26,5;5,61;13,69;0,0;-0,4;;;0,0;0,08;32,0;0;0;0;1,0
04.01.2026 08:05;0,55;27,2;5,72;13,65;0,0;-0,1;;;0,0;0,03;30,5;0;0;1;1,0
04.01.2026 08:10;0,6;26,5;5,75;13,55;0,0;0,3;;;0,0;0,02;29,3;0;0;0;1,0
04.01.2026 08:15;0,71;26,1;5,77;13,43;0,0;0,2;;;0,0;0,09;28,4;0;0;0;1,0
04.01.2026 08:20;0,82;26,9;5,87;13,44;0,0;0,6;;;0,0;0,02;27,9;0;0;0;1,0
04.01.2026 08:25;0,92;26,6;5,92;13,41;0,0;0,7;;;0,0;0,05;27,5;0;0;0;1,0
04.01.2026 08:30;1,1;26,5;5,91;13,38;0,0;0,8;;;0,0;0,04;27,2;0;0;0;1,0
04.01.2026 08:35;1,16;27,7;5,95;13,49;0,0;0,8;;;0,0;0,06;27,4;0;0;0;1,0
04.01.2026 08:40;1,25;27,5;6,0;13,54;0,0;1,1;;;0,0;0,03;27,4;0;0;0;1,0
04.01.2026 08:45;1,37;27,2;5,99;13,55;0,0;1,1;;;0,0;0,02;27,4;0;0;0;1,0
04.01.2026 08:50;1,49;27,2;6,08;13,55;0,0;1,4;;;0,0;0,04;27,3;0;0;0;1,0
04.01.2026 08:55;1,58;27,6;6,12;13,59;0,0;1,6;;;0,0;0,04;27,4;0;0;0;1,0
04.01.2026 09:00;1,92;28,0;6,08;13,67;0,0;1,7;;;0,0;0,02;27,6;0;0;1;1,0
04.01.2026 09:05;2,02;27,9;6,11;13,71;0,0;1,8;;;0,0;0,02;27,7;0;0;0;1,0
04.01.2026 09:10;1,97;28,3;5,19;16,06;10,69;-2,6;7,1;4,9;1,22;1,42;49,1;1;0;1;1,0
04.01.2026 09:15;1,7;28,2;4,9;16,73;10,8;-3,8;5,9;4,5;1,18;1,27;57,7;1;0;0;1,0
04.01.2026 09:20;1,45;27,9;4,73;16,88;11,26;-5,0;6,1;4,8;1,23;1,75;60,6;1;0;0;1,0
04.01.2026 09:25;1,25;28,2;4,75;17,01;11,08;-5,3;6,2;4,9;1,25;1,63;62,3;1;0;0;1,0
04.01.2026 09:30;1,04;28,5;4,65;17,22;11,32;-5,7;5,9;6,0;1,21;1,56;63,0;1;0;0;1,0
04.01.2026 09:35;0,81;28,6;4,61;17,37;11,19;-6,1;6,3;5,4;1,21;1,38;63,7;1;0;0;1,0
04.01.2026 09:40;0,61;28,8;4,59;17,56;11,44;-6,4;5,0;5,1;1,17;1,51;63,6;1;0;0;1,0
04.01.2026 09:45;0,44;28,9;4,55;17,28;11,4;-6,8;5,0;4,8;1,2;1,28;63,1;1;0;0;1,0
04.01.2026 09:50;0,13;28,7;4,5;17,32;11,25;-6,5;6,2;5,1;1,23;1,34;64,4;1;0;0;1,0
04.01.2026 09:55;-0,03;29,5;4,47;17,66;11,08;-7,0;5,9;4,7;1,24;1,43;64,9;1;0;0;1,0
04.01.2026 10:00;0,28;29,7;4,91;16,7;0,0;-4,1;;;0,0;0,02;54,3;0;0;1;1,0
04.01.2026 10:05;0,38;30,0;5,25;16,07;0,0;-2,3;;;0,0;0,07;47,0;0;0;0;1,0
04.01.2026 10:10;0,5;29,9;5,45;15,61;0,0;-1,1;;;0,0;0,03;41,9;0;0;0;1,0
04.01.2026 10:15;0,64;29,7;5,6;15,26;0,0;-0,4;;;0,0;0,04;38,2;0;0;0;1,0
04.01.2026 10:20;0,78;30,1;5,71;15,07;0,0;0,1;;;0,0;0,08;35,8;0;0;0;1,0
04.01.2026 10:25;0,96;29,9;5,74;14,92;0,0;0,4;;;0,0;0,04;34,0;0;0;0;1,0
04.01.2026 10:30;1,13;30,2;5,8;14,84;0,0;0,8;;;0,0;0,03;32,9;0;0;0;1,0
04.01.2026 10:35;1,19;29,6;5,92;14,72;0,0;0,8;;;0,0;0,07;31,9;0;0;0;1,0
04.01.2026 10:40;1,25;30,7;5,99;14,75;0,0;1,1;;;0,0;0,07;31,5;0;0;0;1,0
04.01.2026 10:45;1,29;30,8;6,01;14,78;0,0;1,1;;;0,0;0,04;31,3;0;0;0;1,0
04.01.2026 10:50;1,43;30,2;6,04;14,75;0,0;1,1;;;0,0;0,06;31,0;0;0;0;1,0
04.01.2026 10:55;1,51;31,1;6,05;14,82;0,0;1,6;;;0,0;0,06;31,0;0;0;0;1,0
04.01.2026 11:00;1,61;31,1;6,12;14,87;0,0;1,4;;;0,0;0,04;31,0;0;0;0;1,0
04.01.2026 11:05;1,74;31,0;6,1;14,89;0,0;1,6;;;0,0;0,04;31,0;0;0;0;1,0
04.01.2026 11:10;1,83;31,6;6,09;14,98;0,0;1,7;;;0,0;0,03;31,2;0;0;0;1,0
04.01.2026 11:15;1,95;31,0;6,13;14,98;0,0;1,8;;;0,0;0,05;31,1;0;0;0;1,0
04.01.2026 11:20;2,04;30,9;6,13;14,96;0,0;1,8;;;0,0;0,04;31,1;0;0;0;1,0
04.01.2026 11:25;1,82;31,2;5,18;17,08;11,11;-2,5;6,2;4,9;1,18;1,15;52,4;1;0;0;1,0
04.01.2026 11:30;1,64;31,9;4,88;18,21;11,79;-4,1;6,2;5,4;1,19;1,57;61,3;1;0;0;1,0
04.01.2026 11:35;1,44;32,0;4,77;18,59;11,8;-4,9;5,7;4,6;1,22;1,69;64,7;1;0;0;1,0
04.01.2026 11:40;1,23;32,1;4,65;18,81;11,93;-5,3;5,3;5,0;1,2;1,32;66,8;1;0;0;1,0
04.01.2026 11:45;1,04;31,8;4,67;18,65;12,28;-5,6;5,5;5,0;1,2;1,54;67,6;1;0;0;1,0
04.01.2026 11:50;0,85;32,2;4,66;18,83;11,81;-6,1;6,0;5,1;1,19;1,37;67,5;1;0;0;1,0
04.01.2026 11:55;0,6;32,2;4,64;19,01;12,03;-6,3;6,1;5,4;1,22;1,36;68,0;1;0;0;1,0
04.01.2026 12:00;0,76;31,6;5,07;17,86;0,0;0,3;;;0,0;0,05;57,1;0;1;0;1,0
04.01.2026 12:05;1,0;31,9;5,29;17,1;0,0;4,2;;;0,0;0,06;49,6;0;1;0;1,0
04.01.2026 12:10;1,24;32,0;5,55;16,58;0,0;6,4;;;0,0;0,04;44,3;0;1;0;1,0
04.01.2026 12:15;1,48;32,4;5,71;16,25;0,0;8,0;;;0,0;0,06;40,7;0;1;0;1,0
04.01.2026 12:20;1,69;32,9;5,84;16,09;0,0;8,8;;;0,0;0,05;38,4;0;1;0;1,0
04.01.2026 12:25;1,74;32,7;5,93;15,95;0,0;5,9;;;0,0;0,06;36,7;0;0;0;1,0
04.01.2026 12:30;1,81;32,1;6,01;15,78;0,0;4,3;;;0,0;0,03;35,3;0;0;0;1,0
04.01.2026 12:35;1,95;32,9;6,12;15,76;0,0;3,3;;;0,0;0,05;34,6;0;0;0;1,0
04.01.2026 12:40;2,04;33,1;6,14;15,76;0,0;2,8;;;0,0;0,1;34,1;0;0;0;1,0
04.01.2026 12:45;1,8;32,8;5,17;17,95;11,7;-1,7;6,4;5,1;1,16;1,69;54,2;1;0;0;1,0
04.01.2026 12:50;1,62;33,5;4,93;18,88;11,72;-3,8;6,3;5,3;1,16;1,38;63,3;1;0;0;1,0
04.01.2026 12:55;1,41;33,1;4,8;19,06;12,05;-4,9;6,6;5,1;1,16;1,55;65,7;1;0;0;1,0
04.01.2026 13:00;1,2;32,7;4,73;19,21;12,13;-5,2;5,7;5,1;1,17;1,17;66,2;1;0;0;1,0
04.01.2026 13:05;0,97;32,7;4,64;19,05;11,88;-5,9;6,0;5,9;1,2;1,38;66,7;1;0;0;1,0
04.01.2026 13:10;0,78;33,0;4,64;19,03;12,11;-5,9;7,0;4,5;1,27;1,39;67,9;1;0;0;1,0
04.01.2026 13:15;0,83;32,7;4,59;18,96;12,23;-6,1;6,7;4,7;1,18;1,58;67,1;1;0;1;1,0
04.01.2026 13:20;0,63;33,1;4,62;19,16;11,72;-6,2;6,7;5,0;1,19;1,51;68,2;1;0;0;1,0
04.01.2026 13:25;0,45;33,3;4,55;19,44;12,14;-6,8;6,2;5,2;1,2;1,4;68,8;1;0;0;1,0
04.01.2026 13:30;0,31;33,5;4,49;19,43;12,19;-6,7;6,1;5,0;1,17;1,33;68,4;1;0;0;1,0
04.01.2026 13:35;0,11;33,1;4,55;19,26;12,31;-6,8;6,3;5,4;1,19;1,44;67,2;1;0;0;1,0
04.01.2026 13:40;-0,05;33,1;4,6;19,21;11,92;-6,7;6,5;4,4;1,19;1,5;67,6;1;0;0;1,0
04.01.2026 13:45;0,07;33,6;4,88;18,24;0,0;-4,0;;;0,0;0,03;57,4;0;0;0;1,0
04.01.2026 13:50;0,41;34,2;5,26;17,63;0,0;-2,3;;;0,0;0,04;50,4;0;0;1;1,0
04.01.2026 13:55;0,52;33,8;5,38;17,17;0,0;-1,1;;;0,0;0,07;45,5;0;0;0;1,0
04.01.2026 14:00;0,68;33,7;5,66;16,82;0,0;-0,4;;;0,0;0,04;41,9;0;0;0;1,0
04.01.2026 14:05;0,83;33,7;5,75;16,58;0,0;-0,1;;;0,0;0,04;39,5;0;0;0;1,0
04.01.2026 14:10;0,97;33,8;5,78;16,43;0,0;0,4;;;0,0;0,04;37,8;0;0;0;1,0
04.01.2026 14:15;1,04;33,6;5,86;16,29;0,0;0,7;;;0,0;0,07;36,5;0;0;0;1,0
04.01.2026 14:20;1,19;34,1;5,92;16,26;0,0;0,9;;;0,0;0,05;35,8;0;0;0;1,0
04.01.2026 14:25;1,28;33,5;5,99;16,16;0,0;1,1;;;0,0;0,07;35,1;0;0;0;1,0
04.01.2026 14:30;1,39;34,1;5,93;16,17;0,0;1,3;;;0,0;0,03;34,8;0;0;0;1,0
04.01.2026 14:35;1,77;33,5;6,08;16,1;0,0;1,4;;;0,0;0,03;34,4;0;0;1;1,0
04.01.2026 14:40;1,86;33,9;6,15;16,1;0,0;1,7;;;0,0;0,04;34,3;0;0;0;1,0
04.01.2026 14:45;1,96;34,3;6,11;16,15;0,0;1,8;;;0,0;0,07;34,3;0;0;0;1,0
04.01.2026 14:50;2,03;33,3;6,16;16,06;0,0;1,7;;;0,0;0,05;34,0;0;0;0;1,0
04.01.2026 14:55;1,86;33,7;5,17;18,58;11,71;-2,5;5,6;5,1;1,21;1,36;54,9;1;0;0;1,0
04.01.2026 15:00;1,74;34,0;4,83;19,44;12,19;-4,0;6,1;5,5;1,23;1,55;64,7;1;0;0;1,0
04.01.2026 15:05;1,54;33,9;4,69;19,46;12,19;-5,3;5,8;4,7;1,15;1,61;67,4;1;0;0;1,0
04.01.2026 15:10;1,33;33,8;4,73;19,61;12,5;-5,3;7,0;4,9;1,18;1,48;67,9;1;0;0;1,0
04.01.2026 15:15;1,17;34,0;4,67;19,7;12,15;-5,6;6,5;5,0;1,21;1,58;69,0;1;0;0;1,0
04.01.2026 15:20;1,01;34,0;4,67;19,7;12,62;-5,9;5,7;5,1;1,21;1,36;69,2;1;0;0;1,0
04.01.2026 15:25;0,99;33,4;4,67;19,27;11,96;-5,9;6,6;4,2;1,16;1,4;68,8;1;0;1;1,0
04.01.2026 15:30;0,73;34,0;4,66;19,29;12,03;-6,0;5,8;4,8;1,22;1,38;69,3;1;0;0;1,0
04.01.2026 15:35;0,56;34,0;4,61;19,81;12,33;-6,2;5,5;5,2;1,19;1,55;69,2;1;0;0;1,0
04.01.2026 15:40;0,39;33,8;4,53;19,4;12,71;-6,5;5,7;4,9;1,19;1,66;68,9;1;0;0;1,0
04.01.2026 15:45;0,4;33,9;4,51;19,42;12,28;-6,8;5,6;5,6;1,2;1,5;68,4;1;0;1;1,0
04.01.2026 15:50;0,23;33,9;4,48;19,59;12,24;-7,1;6,7;4,6;1,21;1,67;69,1;1;0;0;1,0
04.01.2026 15:55;0,05;34,0;4,57;19,69;12,27;-6,5;5,5;4,7;1,19;1,59;69,3;1;0;0;1,0
04.01.2026 16:00;-0,17;34,1;4,46;19,79;12,41;-7,2;6,1;5,3;1,18;1,76;69,9;1;0;0;1,0
04.01.2026 16:05;-0,03;33,6;4,86;18,65;0,0;-4,1;;;0,0;0,07;59,0;0;0;0;1,0
04.01.2026 16:10;0,09;33,9;5,19;17,88;0,0;-2,6;;;0,0;0,06;51,5;0;0;0;1,0
04.01.2026 16:15;0,17;33,3;5,31;17,28;0,0;-1,4;;;0,0;0,09;46,0;0;0;0;1,0
04.01.2026 16:20;0,47;33,7;5,52;16,9;0,0;-1,0;;;0,0;0,06;42,3;0;0;1;1,0
04.01.2026 16:25;0,63;33,4;5,64;16,6;0,0;-0,0;;;0,0;0,07;39,6;0;0;0;1,0
04.01.2026 16:30;0,77;33,3;5,75;16,38;0,0;0,3;;;0,0;0,06;37,7;0;0;0;1,0
04.01.2026 16:35;0,88;33,6;5,86;16,26;0,0;0,5;;;0,0;0,06;36,5;0;0;0;1,0
04.01.2026 16:40;1,05;33,4;5,9;16,15;0,0;0,7;;;0,0;0,08;35,6;0;0;0;1,0
04.01.2026 16:45;1,12;33,4;5,97;16,07;0,0;0,9;;;0,0;0,06;34,9;0;0;0;1,0
04.01.2026 16:50;1,27;33,4;5,95;16,02;0,0;1,1;;;0,0;0,04;34,5;0;0;0;1,0
04.01.2026 16:55;1,33;32,9;6,03;15,93;0,0;0,9;;;0,0;0,06;34,0;0;0;0;1,0
04.01.2026 17:00;1,64;33,2;6,06;15,9;0,0;1,2;;;0,0;0,04;33,8;0;0;1;1,0
04.01.2026 17:05;1,8;33,6;6,05;15,93;0,0;1,5;;;0,0;0,03;33,7;0;0;0;1,0
04.01.2026 17:10;1,95;32,8;6,08;15,85;0,0;1,6;;;0,0;0,03;33,4;0;0;0;1,0
04.01.2026 17:15;2,08;32,8;6,13;15,79;0,0;1,7;;;0,0;0,07;33,2;0;0;0;1,0
04.01.2026 17:20;1,9;33,3;5,23;18,4;11,38;-2,2;5,3;4,7;1,18;1,46;54,8;1;0;0;1,0
04.01.2026 17:25;1,68;33,5;4,82;19,2;12,11;-4,2;5,6;4,9;1,18;1,58;63,8;1;0;0;1,0
04.01.2026 17:30;1,44;32,7;4,75;19,03;12,17;-5,1;6,2;5,5;1,19;1,34;64,9;1;0;0;1,0
04.01.2026 17:35;1,22;32,6;4,7;18,81;12,08;-5,5;5,2;4,3;1,14;1,61;65,7;1;0;0;1,0
04.01.2026 17:40;1,26;32,7;4,69;18,85;12,1;-5,8;5,8;4,7;1,2;1,5;66,9;1;0;1;1,0
04.01.2026 17:45;1,05;31,8;4,71;18,61;11,82;-5,9;5,7;5,4;1,14;1,3;67,1;1;0;0;1,0
04.01.2026 17:50;1,05;32,7;4,61;18,8;12,06;-5,7;5,8;4,7;1,16;1,48;67,3;1;0;1;1,0
04.01.2026 17:55;1,02;31,6;4,67;18,66;12,03;-5,9;6,1;5,8;1,22;1,43;67,3;1;0;1;1,0
04.01.2026 18:00;1,27;32,0;5,04;17,67;0,0;0,4;;;0,0;0,04;56,7;0;1;0;1,0
04.01.2026 18:05;1,51;31,8;5,41;16,95;0,0;4,1;;;0,0;0,03;49,3;0;1;0;1,0
04.01.2026 18:10;1,74;31,6;5,58;16,42;0,0;6,5;;;0,0;0,01;44,0;0;1;0;1,0
04.01.2026 18:15;1,95;32,1;5,78;16,12;0,0;7,9;;;0,0;0,07;40,4;0;1;0;1,0
04.01.2026 18:20;2,2;31,7;5,95;15,85;0,0;8,7;;;0,0;0,08;37,8;0;1;0;1,0
04.01.2026 18:25;1,99;31,3;5,15;17,39;11,33;0,5;6,3;5,5;1,16;1,61;53,9;1;0;0;1,0
04.01.2026 18:30;1,72;31,3;4,86;18,08;11,77;-3,0;5,6;4,7;1,2;1,43;61,0;1;0;0;1,0
04.01.2026 18:35;1,46;31,3;4,73;18,24;11,9;-4,6;6,0;5,4;1,22;1,51;63,9;1;0;0;1,0
04.01.2026 18:40;1,22;31,2;4,78;18,31;11,68;-5,3;6,9;5,2;1,22;1,43;65,7;1;0;0;1,0
04.01.2026 18:45;1,2;30,8;4,71;18,27;11,61;-5,8;6,3;4,6;1,21;1,64;65,3;1;0;1;1,0
04.01.2026 18:50;1,02;31,3;4,61;18,34;11,77;-6,1;6,1;5,2;1,2;1,64;65,6;1;0;0;1,0
04.01.2026 18:55;0,81;30,8;4,59;18,18;11,68;-6,2;6,7;5,1;1,24;1,42;65,6;1;0;0;1,0
04.01.2026 19:00;0,8;30,7;4,56;18,11;11,79;-6,5;6,1;5,1;1,27;1,59;65,5;1;0;1;1,0
04.01.2026 19:05;0,58;30,8;4,64;18,04;11,47;-6,0;6,3;5,2;1,22;1,57;65,1;1;0;0;1,0
04.01.2026 19:10;0,35;30,5;4,56;18,08;11,53;-6,7;6,0;4,4;1,18;1,44;65,2;1;0;0;1,0
04.01.2026 19:15;0,13;30,8;4,44;18,12;11,83;-7,1;6,2;5,0;1,2;1,28;64,3;1;0;0;1,0
04.01.2026 19:20;-0,09;30,5;4,42;18,23;11,6;-7,1;5,4;5,0;1,2;1,56;65,6;1;0;0;1,0
04.01.2026 19:25;0,04;30,3;4,89;17,17;0,0;-4,2;;;0,0;0,07;55,0;0;0;0;1,0
04.01.2026 19:30;0,17;29,9;5,21;16,38;0,0;-2,6;;;0,0;0,01;47,5;0;0;0;1,0
04.01.2026 19:35;0,26;30,2;5,43;15,85;0,0;-1,5;;;0,0;0,0;42,3;0;0;0;1,0
04.01.2026 19:40;0,4;29,7;5,55;15,44;0,0;-0,7;;;0,0;0,07;38,5;0;0;0;1,0
04.01.2026 19:45;0,49;29,8;5,62;15,16;0,0;-0,2;;;0,0;0,05;35,9;0;0;0;1,0
04.01.2026 19:50;0,55;29,6;5,69;14,94;0,0;0,2;;;0,0;0,04;34,0;0;0;0;1,0
04.01.2026 19:55;0,66;29,4;5,83;14,77;0,0;0,4;;;0,0;0,05;32,6;0;0;0;1,0
04.01.2026 20:00;0,8;29,6;5,86;14,67;0,0;0,5;;;0,0;0,08;31,7;0;0;0;1,0
04.01.2026 20:05;0,93;29,4;5,92;14,57;0,0;1,0;;;0,0;0,06;31,0;0;0;0;1,0
04.01.2026 20:10;1,01;29,4;5,93;14,5;0,0;0,7;;;0,0;0,04;30,5;0;0;0;1,0
04.01.2026 20:15;1,1;29,1;5,95;14,42;0,0;0,9;;;0,0;0,04;30,1;0;0;0;1,0
04.01.2026 20:20;1,2;28,9;6,0;14,35;0,0;1,0;;;0,0;0,06;29,7;0;0;0;1,0
04.01.2026 20:25;1,31;29,1;6,01;14,31;0,0;1,2;;;0,0;0,06;29,5;0;0;0;1,0
04.01.2026 20:30;1,4;28,4;6,04;14,21;0,0;1,2;;;0,0;0,06;29,2;0;0;0;1,0
04.01.2026 20:35;1,47;28,6;6,04;14,17;0,0;1,2;;;0,0;0,05;29,0;0;0;0;1,0
04.01.2026 20:40;1,55;27,7;6,09;14,04;0,0;1,5;;;0,0;0,04;28,6;0;0;0;1,0
04.01.2026 20:45;1,62;27,9;6,11;13,97;0,0;1,6;;;0,0;0,04;28,4;0;0;0;1,0
04.01.2026 20:50;1,74;28,1;6,11;13,94;0,0;1,5;;;0,0;0,04;28,3;0;0;0;1,0
04.01.2026 20:55;1,8;27,7;6,09;13,88;0,0;1,7;;;0,0;0,04;28,1;0;0;0;1,0
04.01.2026 21:00;1,93;27,9;6,13;13,86;0,0;1,9;;;0,0;0,04;28,1;0;0;0;1,0
04.01.2026 21:05;2,02;27,8;6,15;13,83;0,0;1,9;;;0,0;0,04;28,0;0;0;0;1,0
04.01.2026 21:10;1,74;27,5;5,18;15,59;10,81;-2,4;6,1;5,5;1,22;1,44;48,3;1;0;0;1,0
04.01.2026 21:15;1,4;27,4;4,86;16,44;11,18;-4,2;6,4;4,6;1,21;1,17;56,0;1;0;0;1,0
04.01.2026 21:20;1,15;27,3;4,81;16,39;10,8;-4,9;5,3;4,6;1,18;1,49;58,7;1;0;0;1,0
04.01.2026 21:25;0,97;27,5;4,73;16,65;11,53;-5,4;6,8;5,3;1,19;1,19;60,4;1;0;0;1,0
04.01.2026 21:30;0,76;27,0;4,55;16,5;11,18;-6,1;6,5;5,0;1,24;1,66;60,8;1;0;0;1,0
04.01.2026 21:35;0,53;26,9;4,48;16,69;11,43;-6,6;7,0;5,2;1,24;1,47;62,3;1;0;0;1,0
04.01.2026 21:40;0,28;26,5;4,6;16,47;10,92;-6,5;6,5;4,8;1,26;1,89;62,1;1;0;0;1,0
04.01.2026 21:45;0,03;26,3;4,51;16,4;11,05;-7,1;6,1;4,8;1,16;1,38;62,3;1;0;0;1,0
04.01.2026 21:50;-0,21;26,3;4,47;16,27;11,28;-7,2;6,4;4,2;1,22;1,5;61,7;1;0;0;1,0
04.01.2026 21:55;-0,13;26,4;4,88;15,38;0,0;-4,4;;;0,0;0,04;51,1;0;0;0;1,0
04.01.2026 22:00;-0,05;26,2;5,12;14,72;0,0;-2,6;;;0,0;0,03;43,6;0;0;0;1,0
04.01.2026 22:05;0,09;26,2;5,36;14,27;0,0;-1,6;;;0,0;0,07;38,4;0;0;0;1,0
04.01.2026 22:10;0,22;25,9;5,48;13,91;0,0;-0,9;;;0,0;0,06;34,6;0;0;0;1,0
04.01.2026 22:15;0,27;25,8;5,6;13,65;0,0;-0,4;;;0,0;0,07;32,0;0;0;0;1,0
04.01.2026 22:20;0,39;25,0;5,73;13,4;0,0;-0,1;;;0,0;0,03;29,9;0;0;0;1,0
04.01.2026 22:25;0,5;25,7;5,79;13,29;0,0;-0,1;;;0,0;0,04;28,6;0;0;0;1,0
04.01.2026 22:30;0,62;25,2;5,88;13,16;0,0;0,5;;;0,0;0,05;27,6;0;0;0;1,0
04.01.2026 22:35;0,71;25,5;5,91;13,1;0,0;0,7;;;0,0;0,04;27,0;0;0;0;1,0
04.01.2026 22:40;0,82;25,4;5,9;13,05;0,0;0,6;;;0,0;0,05;26,5;0;0;0;1,0
04.01.2026 22:45;0,9;25,2;5,9;12,99;0,0;0,8;;;0,0;0,05;26,1;0;0;0;1,0
04.01.2026 22:50;0,99;25,1;5,93;12,94;0,0;0,7;;;0,0;0,07;25,8;0;0;0;1,0
04.01.2026 22:55;1,06;24,4;6,01;12,83;0,0;1,1;;;0,0;0,06;25,4;0;0;0;1,0
04.01.2026 23:00;1,16;24,6;5,99;12,78;0,0;1,0;;;0,0;0,02;25,2;0;0;0;1,0
04.01.2026 23:05;1,26;25,1;6,07;12,79;0,0;1,0;;;0,0;0,06;25,1;0;0;0;1,0
04.01.2026 23:10;1,4;24,6;6,04;12,75;0,0;1,3;;;0,0;0,02;25,0;0;0;0;1,0
04.01.2026 23:15;1,51;24,0;6,01;12,65;0,0;1,4;;;0,0;0,04;24,7;0;0;0;1,0
04.01.2026 23:20;1,57;24,7;6,07;12,66;0,0;1,6;;;0,0;0,04;24,7;0;0;0;1,0
04.01.2026 23:25;1,69;24,4;6,11;12,64;0,0;1,3;;;0,0;0,08;24,6;0;0;0;1,0
04.01.2026 23:30;1,8;24,5;6,09;12,63;0,0;1,7;;;0,0;0,08;24,6;0;0;0;1,0
04.01.2026 23:35;1,88;23,8;6,16;12,55;0,0;1,9;;;0,0;0,05;24,3;0;0;0;1,0
04.01.2026 23:40;1,97;24,1;6,18;12,53;0,0;1,6;;;0,0;0,03;24,2;0;0;0;1,0
04.01.2026 23:45;2,09;24,0;6,13;12,51;0,0;1,9;;;0,0;0,04;24,2;0;0;0;1,0
04.01.2026 23:50;1,86;23,6;5,23;14,38;10,16;-1,9;5,8;5,5;1,17;1,48;45,1;1;0;0;1,0
04.01.2026 23:55;1,59;23,9;4,92;15,04;10,48;-3,9;6,1;4,6;1,19;0,98;53,8;1;0;0;1,0
05.01.2026 00:00;1,81;25,4;5,34;14,4;0,0;1,7;;;0,0;0,05;45,3;0;1;0;1,0
05.01.2026 00:05;2,02;25,6;5,61;13,98;0,0;5,0;;;0,0;0,03;39,4;0;1;0;1,0
05.01.2026 00:10;2,2;24,9;5,77;13,61;0,0;6,9;;;0,0;0,07;35,0;0;1;0;1,0
05.01.2026 00:15;2,41;25,5;5,96;13,41;0,0;8,3;;;0,0;0,04;32,2;0;1;0;1,0
05.01.2026 00:20;2,58;25,4;6,02;13,26;0,0;8,8;;;0,0;0,03;30,1;0;1;0;1,0
05.01.2026 00:25;2,31;25,1;5,24;15,01;10,42;0,9;6,1;5,3;1,23;1,62;47,7;1;0;0;1,0
05.01.2026 00:30;2,08;25,0;5,0;15,6;10,69;-2,2;5,3;5,2;1,19;1,55;55,1;1;0;0;1,0
05.01.2026 00:35;1,85;24,9;4,92;15,79;10,85;-3,9;6,3;5,0;1,14;1,29;58,7;1;0;0;1,0
05.01.2026 00:40;1,56;25,3;4,76;16,16;10,94;-4,7;5,6;5,2;1,19;1,46;60,4;1;0;0;1,0
05.01.2026 00:45;1,29;24,9;4,75;15,87;10,76;-5,2;5,6;5,1;1,18;1,67;59,3;1;0;0;1,0
05.01.2026 00:50;1,07;24,5;4,72;15,49;10,64;-5,7;6,3;5,2;1,22;1,61;58,8;1;0;0;1,0
05.01.2026 00:55;0,77;24,4;4,64;15,24;10,16;-6,1;5,8;5,6;1,21;1,37;58,4;1;0;0;1,0
05.01.2026 01:00;0,49;24,5;4,61;15,41;10,89;-6,5;6,6;4,5;1,21;1,21;59,5;1;0;0;1,0
05.01.2026 01:05;0,24;25,0;4,53;15,52;10,8;-6,6;5,3;5,3;1,19;1,48;59,9;1;0;0;1,0
05.01.2026 01:10;-0,01;24,3;4,58;15,27;10,78;-6,6;5,5;5,2;1,24;1,7;60,0;1;0;0;1,0
05.01.2026 01:15;0,12;24,3;4,96;14,45;0,0;-3,7;;;0,0;0,04;49,3;0;0;0;1,0
05.01.2026 01:20;0,2;24,6;5,2;13,91;0,0;-2,2;;;0,0;0,08;41,9;0;0;0;1,0
05.01.2026 01:25;0,28;24,4;5,39;13,51;0,0;-1,3;;;0,0;0,06;36,6;0;0;0;1,0
05.01.2026 01:30;0,42;23,8;5,53;13,17;0,0;-0,6;;;0,0;0,07;32,8;0;0;0;1,0
05.01.2026 01:35;0,57;23,6;5,64;12,91;0,0;-0,2;;;0,0;0,06;30,0;0;0;0;1,0
05.01.2026 01:40;0,67;24,0;5,78;12,77;0,0;0,2;;;0,0;0,07;28,2;0;0;0;1,0
05.01.2026 01:45;0,8;23,8;5,89;12,65;0,0;0,4;;;0,0;0,08;26,9;0;0;0;1,0
05.01.2026 01:50;0,88;23,9;5,88;12,58;0,0;0,6;;;0,0;0,03;26,0;0;0;0;1,0
05.01.2026 01:55;0,98;24,1;5,95;12,55;0,0;0,8;;;0,0;0,05;25,4;0;0;0;1,0
05.01.2026 02:00;1,07;23,8;5,95;12,5;0,0;0,8;;;0,0;0,04;24,9;0;0;0;1,0
05.01.2026 02:05;1,14;23,9;5,97;12,47;0,0;0,9;;;0,0;0,05;24,6;0;0;0;1,0
05.01.2026 02:10;1,23;23,3;6,03;12,39;0,0;1,3;;;0,0;0,02;24,2;0;0;0;1,0
05.01.2026 02:15;1,24;23,9;6,01;12,4;0,0;1,4;;;0,0;0,07;24,1;0;0;0;1,0
05.01.2026 02:20;1,38;23,6;6,02;12,37;0,0;1,2;;;0,0;0,05;24,0;0;0;0;1,0
05.01.2026 02:25;1,49;23,4;6,11;12,34;0,0;1,6;;;0,0;0,04;23,8;0;0;0;1,0
05.01.2026 02:30;1,54;23,5;6,04;12,32;0,0;1,5;;;0,0;0,07;23,7;0;0;0;1,0
05.01.2026 02:35;1,61;23,7;6,07;12,33;0,0;1,5;;;0,0;0,03;23,7;0;0;0;1,0
05.01.2026 02:40;1,73;24,0;6,13;12,37;0,0;1,6;;;0,0;0,04;23,8;0;0;0;1,0
05.01.2026 02:45;2,03;23,4;6,12;12,33;0,0;1,8;;;0,0;0,06;23,7;0;0;1;1,0
05.01.2026 02:50;1,76;23,7;5,1;14,54;10,0;-2,8;6,4;4,7;1,18;1,38;44,8;1;0;0;1,0
05.01.2026 02:55;1,51;23,7;4,76;15,03;10,52;-4,8;5,5;4,6;1,18;1,6;53,5;1;0;0;1,0
05.01.2026 03:00;1,31;24,2;4,73;15,29;10,59;-5,3;6,5;5,6;1,25;1,48;57,4;1;0;0;1,0
05.01.2026 03:05;1,05;23,6;4,73;15,12;10,55;-5,6;5,9;5,2;1,26;1,28;59,1;1;0;0;1,0
05.01.2026 03:10;0,82;24,2;4,54;15,29;10,94;-6,1;6,1;5,2;1,23;1,72;58,6;1;0;0;1,0
05.01.2026 03:15;0,53;23,8;4,5;15,36;10,48;-6,7;6,0;5,4;1,16;1,49;58,6;1;0;0;1,0
05.01.2026 03:20;0,24;23,6;4,5;15,21;10,82;-6,5;5,4;5,3;1,21;1,53;58,4;1;0;0;1,0
05.01.2026 03:25;-0,05;23,3;4,52;15,24;10,97;-6,9;6,0;4,9;1,19;1,6;58,8;1;0;0;1,0
05.01.2026 03:30;0,01;23,8;4,96;14,38;0,0;-3,9;;;0,0;0,02;48,3;0;0;0;1,0
05.01.2026 03:35;0,15;23,5;5,2;13,75;0,0;-2,3;;;0,0;0,05;40,9;0;0;0;1,0
05.01.2026 03:40;0,24;23,8;5,41;13,34;0,0;-1,3;;;0,0;0,04;35,7;0;0;0;1,0
05.01.2026 03:45;0,39;23,5;5,55;13,02;0,0;-0,8;;;0,0;0,05;32,1;0;0;0;1,0
05.01.2026 03:50;0,52;24,3;5,7;12,88;0,0;-0,3;;;0,0;0,06;29,8;0;0;0;1,0
05.01.2026 03:55;0,61;24,0;5,78;12,75;0,0;0,1;;;0,0;0,05;28,0;0;0;0;1,0
05.01.2026 04:00;0,72;24,4;5,81;12,7;0,0;0,5;;;0,0;0,04;26,9;0;0;0;1,0
05.01.2026 04:05;0,86;24,0;5,88;12,63;0,0;0,5;;;0,0;0,05;26,1;0;0;0;1,0
05.01.2026 04:10;0,95;24,1;5,9;12,58;0,0;0,5;;;0,0;0,03;25,5;0;0;0;1,0
05.01.2026 04:15;1,29;23,5;5,95;12,5;0,0;0,9;;;0,0;0,05;24,9;0;0;1;1,0
05.01.2026 04:20;1,43;24,1;5,96;12,49;0,0;1,3;;;0,0;0,01;24,6;0;0;0;1,0
05.01.2026 04:25;1,5;23,9;5,99;12,47;0,0;1,4;;;0,0;0,04;24,4;0;0;0;1,0
05.01.2026 04:30;1,56;23,7;6,11;12,43;0,0;1,5;;;0,0;0,01;24,2;0;0;0;1,0
05.01.2026 04:35;1,63;24,1;6,08;12,44;0,0;1,4;;;0,0;0,08;24,2;0;0;0;1,0
05.01.2026 04:40;1,72;23,9;6,18;12,43;0,0;1,5;;;0,0;0,03;24,1;0;0;0;1,0
05.01.2026 04:45;1,84;24,6;6,09;12,49;0,0;1,7;;;0,0;0,04;24,2;0;0;0;1,0
05.01.2026 04:50;1,94;24,6;6,14;12,54;0,0;1,9;;;0,0;0,03;24,3;0;0;0;1,0
05.01.2026 04:55;1,94;25,0;6,18;12,61;0,0;1,6;;;0,0;0,07;24,5;0;0;0;1,0
05.01.2026 05:00;2,01;24,6;6,18;12,62;0,0;1,9;;;0,0;0,04;24,6;0;0;0;1,0
05.01.2026 05:05;1,76;24,8;5,13;14,59;10,15;-2,3;6,3;5,1;1,2;1,08;45,4;1;0;0;1,0
05.01.2026 05:10;1,49;24,8;4,85;15,31;10,59;-4,2;6,3;5,0;1,21;1,62;52,9;1;0;0;1,0
05.01.2026 05:15;1,27;24,4;4,75;15,32;10,56;-4,8;5,5;5,3;1,19;1,2;56,5;1;0;0;1,0
05.01.2026 05:20;1,07;24,7;4,71;15,7;10,51;-5,4;6,4;5,5;1,18;1,25;59,9;1;0;0;1,0
05.01.2026 05:25;0,79;24,6;4,52;15,87;10,67;-6,4;6,0;5,0;1,2;1,56;60,3;1;0;0;1,0
05.01.2026 05:30;0,57;25,0;4,56;15,83;11,04;-6,5;6,0;4,6;1,19;1,36;60,6;1;0;0;1,0
05.01.2026 05:35;0,35;25,3;4,55;15,84;10,79;-6,5;6,3;4,9;1,21;1,52;60,5;1;0;0;1,0
05.01.2026 05:40;0,11;25,0;4,55;15,67;10,95;-6,5;5,9;4,7;1,16;1,57;60,4;1;0;0;1,0
05.01.2026 05:45;-0,13;24,7;4,43;15,57;11,05;-7,1;5,9;4,7;1,25;1,18;59,5;1;0;0;1,0
05.01.2026 05:50;-0,02;25,1;4,9;14,75;0,0;-4,3;;;0,0;0,03;49,2;0;0;0;1,0
05.01.2026 05:55;0,02;25,6;5,15;14,22;0,0;-2,7;;;0,0;0,06;42,1;0;0;0;1,0
05.01.2026 06:00;0,25;25,9;5,33;13,88;0,0;2,6;;;0,0;0,08;37,2;0;1;0;1,0
05.01.2026 06:05;0,47;25,5;5,55;13,61;0,0;5,5;;;0,0;0,05;33,7;0;1;0;1,0
05.01.2026 06:10;0,7;25,9;5,64;13,45;0,0;7,4;;;0,0;0,09;31,4;0;1;0;1,0
05.01.2026 06:15;0,89;26,3;5,73;13,39;0,0;8,5;;;0,0;0,1;29,9;0;1;0;1,0
05.01.2026 06:20;1,12;25,6;5,87;13,27;0,0;9,0;;;0,0;0,05;28,6;0;1;0;1,0
05.01.2026 06:25;1,23;26,0;5,88;13,23;0,0;5,8;;;0,0;0,04;27,8;0;0;0;1,0
05.01.2026 06:30;1,32;26,2;5,93;13,22;0,0;4,1;;;0,0;0,06;27,3;0;0;0;1,0
05.01.2026 06:35;1,43;26,1;6,01;13,2;0,0;3,1;;;0,0;0,03;27,0;0;0;0;1,0
05.01.2026 06:40;1,53;26,3;6,07;13,21;0,0;2,4;;;0,0;0,03;26,8;0;0;0;1,0
05.01.2026 06:45;1,62;26,0;6,03;13,19;0,0;2,0;;;0,0;0,06;26,5;0;0;0;1,0
05.01.2026 06:50;1,69;27,1;6,07;13,28;0,0;1,9;;;0,0;0,03;26,7;0;0;0;1,0
05.01.2026 06:55;1,76;26,5;6,12;13,29;0,0;1,9;;;0,0;0,07;26,6;0;0;0;1,0
05.01.2026 07:00;1,82;27,4;6,1;13,39;0,0;1,8;;;0,0;0,04;26,9;0;0;0;1,0
05.01.2026 07:05;1,93;27,2;6,17;13,44;0,0;1,9;;;0,0;0,05;27,0;0;0;0;1,0
05.01.2026 07:10;2,01;26,3;6,17;13,38;0,0;2,0;;;0,0;0,04;26,8;0;0;0;1,0
05.01.2026 07:15;1,76;26,9;5,19;15,54;10,32;-2,4;6,0;4,9;1,25;1,68;48,6;1;0;0;1,0
05.01.2026 07:20;1,55;27,3;4,8;16,38;10,91;-4,4;5,6;4,9;1,25;1,58;57,0;1;0;0;1,0
05.01.2026 07:25;1,31;27,1;4,66;16,52;11,11;-5,3;6,5;4,9;1,23;1,54;60,6;1;0;0;1,0
05.01.2026 07:30;1,02;27,1;4,74;16,6;11,23;-5,7;5,9;4,6;1,2;1,55;61,2;1;0;0;1,0
05.01.2026 07:35;0,78;27,2;4,66;16,42;11,07;-5,6;6,5;5,0;1,21;1,32;60,4;1;0;0;1,0
05.01.2026 07:40;0,59;27,9;4,62;16,83;11,36;-6,1;6,5;5,6;1,24;1,46;61,9;1;0;0;1,0
05.01.2026 07:45;0,42;27,9;4,58;16,91;11,37;-6,3;7,1;5,1;1,21;1,45;62,1;1;0;0;1,0
05.01.2026 07:50;0,19;27,6;4,51;16,77;11,62;-6,6;5,3;4,9;1,23;1,66;62,3;1;0;0;1,0
05.01.2026 07:55;-0,02;27,9;4,42;16,88;11,2;-7,4;6,3;5,6;1,21;1,4;62,5;1;0;0;1,0
05.01.2026 08:00;0,1;28,5;4,9;16,02;0,0;-4,2;;;0,0;0,08;52,3;0;0;0;1,0
05.01.2026 08:05;0,21;28,0;5,18;15,37;0,0;-2,3;;;0,0;0,05;45,0;0;0;0;1,0
05.01.2026 08:10;0,3;28,7;5,36;14,99;0,0;-1,7;;;0,0;0,05;40,1;0;0;0;1,0
05.01.2026 08:15;0,43;28,6;5,57;14,71;0,0;-0,7;;;0,0;0,06;36,7;0;0;0;1,0
05.01.2026 08:20;0,51;28,7;5,65;14,53;0,0;-0,1;;;0,0;0,07;34,3;0;0;0;1,0
05.01.2026 08:25;0,59;28,5;5,76;14,38;0,0;0,2;;;0,0;0,09;32,6;0;0;0;1,0
05.01.2026 08:30;0,89;28,8;5,86;14,3;0,0;0,4;;;0,0;0,04;31,4;0;0;1;1,0
05.01.2026 08:35;1,0;28,7;5,89;14,24;0,0;0,6;;;0,0;0,05;30,6;0;0;0;1,0
05.01.2026 08:40;1,32;29,1;5,96;14,24;0,0;1,0;;;0,0;0,06;30,2;0;0;1;1,0
05.01.2026 08:45;1,6;28,6;6,01;14,19;0,0;1,3;;;0,0;0,04;29,7;0;0;1;1,0
05.01.2026 08:50;1,73;29,8;6,08;14,28;0,0;1,4;;;0,0;0,04;29,7;0;0;0;1,0
05.01.2026 08:55;1,84;29,7;6,06;14,33;0,0;1,6;;;0,0;0,07;29,7;0;0;0;1,0
05.01.2026 09:00;1,96;29,5;6,13;14,35;0,0;1,8;;;0,0;0,08;29,7;0;0;0;1,0
05.01.2026 09:05;2,0;29,4;6,15;14,36;0,0;1,9;;;0,0;0,04;29,6;0;0;0;1,0
05.01.2026 09:10;1,81;30,1;5,26;16,87;11,13;-2,1;6,1;4,1;1,2;1,7;51,7;1;0;0;1,0
05.01.2026 09:15;1,59;30,1;4,84;17,52;11,28;-4,3;6,3;5,4;1,22;1,85;59,1;1;0;0;1,0
05.01.2026 09:20;1,43;30,5;4,8;17,89;11,57;-5,0;5,8;4,9;1,21;1,37;63,8;1;0;0;1,0
05.01.2026 09:25;1,18;30,4;4,73;17,97;11,54;-5,7;6,1;5,3;1,28;1,67;64,4;1;0;0;1,0
05.01.2026 09:30;0,96;30,6;4,63;17,86;11,94;-6,0;5,3;6,0;1,18;1,78;64,0;1;0;0;1,0
05.01.2026 09:35;0,73;30,4;4,52;17,95;11,75;-6,4;6,8;5,4;1,23;1,24;65,9;1;0;0;1,0
05.01.2026 09:40;0,5;30,6;4,61;18,09;12,07;-6,4;5,0;5,5;1,17;1,72;66,5;1;0;0;1,0
05.01.2026 09:45;0,31;30,5;4,55;18,34;12,05;-6,8;5,7;4,5;1,22;1,5;66,6;1;0;0;1,0
05.01.2026 09:50;0,08;30,8;4,52;18,21;11,85;-7,1;6,2;4,4;1,16;1,45;66,1;1;0;0;1,0
05.01.2026 09:55;-0,09;31,6;4,53;18,4;11,89;-6,9;6,9;4,9;1,21;1,3;66,1;1;0;0;1,0
05.01.2026 10:00;-0,0;31,2;4,93;17,39;0,0;-4,1;;;0,0;0,03;55,7;0;0;0;1,0
05.01.2026 10:05;0,1;31,3;5,14;16,69;0,0;-2,2;;;0,0;0,05;48,3;0;0;0;1,0
05.01.2026 10:10;0,18;31,5;5,35;16,23;0,0;-1,5;;;0,0;0,06;43,3;0;0;0;1,0
05.01.2026 10:15;0,31;31,5;5,61;15,91;0,0;-0,7;;;0,0;0,06;39,8;0;0;0;1,0
05.01.2026 10:20;0,43;31,4;5,63;15,67;0,0;-0,2;;;0,0;0,03;37,2;0;0;0;1,0
05.01.2026 10:25;0,53;31,6;5,79;15,53;0,0;0,1;;;0,0;0,06;35,6;0;0;0;1,0
05.01.2026 10:30;0,65;32,1;5,81;15,49;0,0;0,2;;;0,0;0,03;34,5;0;0;0;1,0
05.01.2026 10:35;0,73;32,1;5,86;15,45;0,0;0,5;;;0,0;0,04;33,8;0;0;0;1,0
05.01.2026 10:40;0,85;31,9;5,88;15,41;0,0;0,8;;;0,0;0,08;33,2;0;0;0;1,0
05.01.2026 10:45;0,93;32,3;5,9;15,42;0,0;0,9;;;0,0;0,09;32,9;0;0;0;1,0
05.01.2026 10:50;1,25;32,2;5,95;15,42;0,0;1,0;;;0,0;0,04;32,7;0;0;1;1,0
05.01.2026 10:55;1,34;32,9;6,04;15,51;0,0;1,1;;;0,0;0,04;32,8;0;0;0;1,0
05.01.2026 11:00;1,47;32,1;5,96;15,48;0,0;1,2;;;0,0;0,07;32,6;0;0;0;1,0
05.01.2026 11:05;1,59;32,6;6,05;15,51;0,0;1,5;;;0,0;0,05;32,6;0;0;0;1,0
05.01.2026 11:10;1,7;33,2;6,01;15,61;0,0;1,4;;;0,0;0,05;32,8;0;0;0;1,0
05.01.2026 11:15;1,8;33,0;6,16;15,65;0,0;1,6;;;0,0;0,07;32,9;0;0;0;1,0
05.01.2026 11:20;2,14;33,3;6,14;15,71;0,0;1,8;;;0,0;0,0;33,0;0;0;1;1,0
05.01.2026 11:25;1,89;33,8;5,18;18,32;11,85;-2,3;6,3;4,6;1,17;1,55;54,7;1;0;0;1,0
05.01.2026 11:30;1,71;33,3;4,88;18,99;12,02;-3,8;5,7;5,0;1,2;1,72;62,1;1;0;0;1,0
05.01.2026 11:35;1,46;33,1;4,73;19,22;12,07;-4,9;6,1;4,9;1,19;1,67;66,3;1;0;0;1,0
05.01.2026 11:40;1,45;34,0;4,77;19,67;11,89;-5,3;6,5;4,1;1,19;1,31;68,3;1;0;1;1,0
05.01.2026 11:45;1,28;33,6;4,7;19,51;12,13;-5,4;5,5;5,4;1,21;1,61;68,2;1;0;0;1,0
05.01.2026 11:50;1,07;33,8;4,71;19,67;12,14;-5,7;6,0;5,2;1,16;1,45;69,3;1;0;0;1,0
05.01.2026 11:55;0,86;33,6;4,62;19,61;11,91;-5,9;6,2;4,6;1,24;1,66;68,9;1;0;0;1,0
05.01.2026 12:00;1,14;34,1;5,02;18,58;0,0;0,5;;;0,0;0,06;58,4;0;1;0;1,0
05.01.2026 12:05;1,6;34,2;5,37;17,87;0,0;4,2;;;0,0;0,09;51,2;0;1;1;1,0
05.01.2026 12:10;1,82;33,8;5,61;17,33;0,0;6,4;;;0,0;0,04;45,9;0;1;0;1,0
05.01.2026 12:15;2,02;34,5;5,83;17,03;0,0;7,9;;;0,0;0,07;42,5;0;1;0;1,0
05.01.2026 12:20;2,26;34,0;5,9;16,76;0,0;8,7;;;0,0;0,05;40,0;0;1;0;1,0
05.01.2026 12:25;2,07;34,3;5,19;18,88;11,85;0,5;6,9;4,8;1,23;1,58;57,9;1;0;0;1,0
05.01.2026 12:30;2,07;34,4;4,91;19,78;12,35;-2,7;7,0;5,0;1,22;1,52;65,7;1;0;1;1,0
05.01.2026 12:35;1,87;35,1;4,8;20,32;12,36;-4,2;7,4;5,0;1,15;1,5;70,2;1;0;0;1,0
05.01.2026 12:40;1,69;34,9;4,66;20,12;12,57;-5,3;6,5;4,3;1,16;1,67;70,3;1;0;0;1,0
05.01.2026 12:45;1,49;34,6;4,74;19,9;12,12;-5,4;6,2;5,3;1,19;1,57;69,9;1;0;0;1,0
05.01.2026 12:50;1,31;34,7;4,57;19,89;12,6;-6,3;6,6;4,5;1,14;1,71;69,6;1;0;0;1,0
05.01.2026 12:55;1,3;34,8;4,61;19,89;12,6;-6,2;6,8;5,1;1,18;1,45;69,6;1;0;1;1,0
05.01.2026 13:00;1,13;35,4;4,63;20,37;12,62;-6,1;5,9;4,4;1,21;1,52;71,0;1;0;0;1,0
05.01.2026 13:05;0,96;35,1;4,6;20,23;12,68;-6,0;6,4;4,0;1,15;1,5;71,9;1;0;0;1,0
05.01.2026 13:10;0,76;35,5;4,62;20,29;12,45;-6,3;6,7;5,2;1,23;1,37;71,5;1;0;0;1,0
05.01.2026 13:15;0,56;34,9;4,6;19,97;12,3;-6,3;5,7;5,2;1,19;1,48;71,5;1;0;0;1,0
05.01.2026 13:20;0,34;35,2;4,55;20,19;12,22;-6,7;5,9;5,4;1,2;1,55;72,5;1;0;0;1,0
05.01.2026 13:25;0,15;35,9;4,53;20,48;12,38;-6,9;5,6;5,1;1,2;1,28;72,1;1;0;0;1,0
05.01.2026 13:30;-0,02;35,6;4,46;20,4;12,54;-7,0;6,1;6,0;1,2;1,39;71,1;1;0;0;1,0
05.01.2026 13:35;0,08;35,0;4,88;19,25;0,0;-4,2;;;0,0;0,05;60,3;0;0;0;1,0
05.01.2026 13:40;0,4;34,9;5,22;18,43;0,0;-2,4;;;0,0;0,08;52,7;0;0;1;1,0
05.01.2026 13:45;0,51;35,3;5,38;17,9;0,0;-1,2;;;0,0;0,06;47,5;0;0;0;1,0
05.01.2026 13:50;0,64;35,6;5,59;17,58;0,0;-0,4;;;0,0;0,03;43,9;0;0;0;1,0
05.01.2026 13:55;0,79;35,1;5,69;17,28;0,0;0,1;;;0,0;0,09;41,3;0;0;0;1,0
05.01.2026 14:00;0,83;35,9;5,77;17,18;0,0;0,3;;;0,0;0,06;39,7;0;0;0;1,0
05.01.2026 14:05;0,94;35,9;5,86;17,1;0,0;0,4;;;0,0;0,05;38,5;0;0;0;1,0
05.01.2026 14:10;1,03;35,2;5,91;16,96;0,0;0,8;;;0,0;0,05;37,5;0;0;0;1,0
05.01.2026 14:15;1,11;35,4;5,94;16,9;0,0;0,8;;;0,0;0,06;36,9;0;0;0;1,0
05.01.2026 14:20;1,2;35,7;5,95;16,88;0,0;1,0;;;0,0;0,06;36,5;0;0;0;1,0
05.01.2026 14:25;1,29;35,2;5,98;16,8;0,0;1,1;;;0,0;0,04;36,1;0;0;0;1,0
05.01.2026 14:30;1,35;35,6;6,06;16,81;0,0;1,2;;;0,0;0,02;36,0;0;0;0;1,0
05.01.2026 14:35;1,45;35,5;6,1;16,79;0,0;1,4;;;0,0;0,04;35,8;0;0;0;1,0
05.01.2026 14:40;1,5;35,5;6,07;16,78;0,0;1,3;;;0,0;0,01;35,7;0;0;0;1,0
05.01.2026 14:45;1,62;35,9;6,09;16,82;0,0;1,6;;;0,0;0,03;35,8;0;0;0;1,0
05.01.2026 14:50;1,68;35,9;6,08;16,86;0,0;1,6;;;0,0;0,01;35,8;0;0;0;1,0
05.01.2026 14:55;1,79;35,9;6,15;16,88;0,0;1,6;;;0,0;0,05;35,8;0;0;0;1,0
05.01.2026 15:00;2,08;35,5;6,12;16,84;0,0;1,8;;;0,0;0,02;35,7;0;0;1;1,0
05.01.2026 15:05;1,91;35,6;5,22;19,52;12,07;-2,1;6,7;4,6;1,18;1,57;56,6;1;0;0;1,0
05.01.2026 15:10;1,68;35,6;4,88;20,03;12,15;-4,2;6,5;4,6;1,22;1,71;64,4;1;0;0;1,0
05.01.2026 15:15;1,47;35,6;4,85;20,15;12,3;-4,8;6,5;4,7;1,13;1,62;68,0;1;0;0;1,0
05.01.2026 15:20;1,26;35,6;4,64;20,43;12,2;-5,8;6,4;4,7;1,17;1,54;69,9;1;0;0;1,0
05.01.2026 15:25;1,16;35,7;4,61;20,12;12,11;-6,2;6,7;4,7;1,21;1,45;69,5;1;0;0;1,0
05.01.2026 15:30;0,91;35,6;4,61;20,13;12,33;-5,9;7,0;5,0;1,21;1,4;70,0;1;0;0;1,0
05.01.2026 15:35;0,7;35,8;4,55;20,51;12,09;-6,3;5,7;5,0;1,16;1,42;71,3;1;0;0;1,0
05.01.2026 15:40;0,73;35,5;4,54;20,44;12,4;-6,8;7,0;5,4;1,18;1,34;70,9;1;0;1;1,0
05.01.2026 15:45;0,52;35,6;4,56;20,5;12,51;-6,4;6,1;4,8;1,15;1,51;71,4;1;0;0;1,0
05.01.2026 15:50;0,53;35,4;4,56;20,46;12,64;-6,5;5,9;4,9;1,14;1,69;71,0;1;0;1;1,0
05.01.2026 15:55;0,35;35,4;4,53;20,45;12,38;-6,6;6,2;4,4;1,17;1,6;70,6;1;0;0;1,0
05.01.2026 16:00;0,2;35,4;4,51;20,3;12,28;-7,0;6,8;5,2;1,27;1,57;70,0;1;0;0;1,0
05.01.2026 16:05;0,04;35,5;4,51;20,44;12,38;-6,6;7,4;5,1;1,24;1,38;71,1;1;0;0;1,0
05.01.2026 16:10;-0,15;35,2;4,47;20,43;12,71;-7,1;6,4;5,6;1,18;1,4;71,1;1;0;0;1,0
05.01.2026 16:15;-0,02;35,6;4,94;19,34;0,0;-4,2;;;0,0;0,05;60,5;0;0;0;1,0
05.01.2026 16:20;0,09;35,0;5,17;18,51;0,0;-2,6;;;0,0;0,09;52,8;0;0;0;1,0
05.01.2026 16:25;0,43;35,2;5,36;17,95;0,0;-1,4;;;0,0;0,04;47,5;0;0;1;1,0
05.01.2026 16:30;0,55;35,4;5,54;17,58;0,0;-0,4;;;0,0;0,07;43,9;0;0;0;1,0
05.01.2026 16:35;0,63;35,4;5,69;17,33;0,0;-0,2;;;0,0;0,04;41,4;0;0;0;1,0
05.01.2026 16:40;0,77;34,8;5,75;17,07;0,0;0,2;;;0,0;0,02;39,4;0;0;0;1,0
05.01.2026 16:45;0,89;35,0;5,84;16,91;0,0;0,6;;;0,0;0,04;38,1;0;0;0;1,0
05.01.2026 16:50;1,0;34,6;5,91;16,75;0,0;0,6;;;0,0;0,09;37,0;0;0;0;1,0
05.01.2026 16:55;1,15;35,3;5,93;16,73;0,0;0,9;;;0,0;0,08;36,5;0;0;0;1,0
05.01.2026 17:00;1,21;34,7;6,0;16,64;0,0;1,0;;;0,0;0,08;36,0;0;0;0;1,0
05.01.2026 17:05;1,28;34,5;5,99;16,55;0,0;1,2;;;0,0;0,05;35,5;0;0;0;1,0
05.01.2026 17:10;1,43;35,2;6,02;16,58;0,0;1,2;;;0,0;0,04;35,4;0;0;0;1,0
05.01.2026 17:15;1,58;35,0;6,11;16,57;0,0;1,5;;;0,0;0,06;35,3;0;0;0;1,0
05.01.2026 17:20;1,61;34,4;6,03;16,48;0,0;1,5;;;0,0;0,04;35,0;0;0;0;1,0
05.01.2026 17:25;1,7;34,8;6,17;16,48;0,0;1,6;;;0,0;0,04;34,9;0;0;0;1,0
05.01.2026 17:30;1,86;33,9;6,14;16,36;0,0;1,8;;;0,0;0,09;34,6;0;0;0;1,0
05.01.2026 17:35;1,96;33,8;6,09;16,28;0,0;1,8;;;0,0;0,04;34,4;0;0;0;1,0
05.01.2026 17:40;2,13;34,7;6,17;16,32;0,0;2,0;;;0,0;0,08;34,5;0;0;0;1,0
05.01.2026 17:45;2,0;34,7;5,27;18,79;11,86;-2,3;6,4;4,5;1,22;1,41;56,3;1;0;0;1,0
05.01.2026 17:50;1,85;34,4;4,84;19,38;11,84;-4,4;5,6;5,2;1,24;1,54;64,6;1;0;0;1,0
05.01.2026 17:55;1,68;34,1;4,76;19,65;12,17;-5,3;6,2;5,3;1,2;1,59;68,3;1;0;0;1,0
05.01.2026 18:00;1,93;33,7;5,17;18,56;0,0;0,9;;;0,0;0,02;57,9;0;1;0;1,0
05.01.2026 18:05;2,19;33,6;5,5;17,79;0,0;4,6;;;0,0;0,05;50,6;0;1;0;1,0
05.01.2026 18:10;2,37;33,8;5,75;17,26;0,0;6,7;;;0,0;0,06;45,6;0;1;0;1,0
05.01.2026 18:15;2,58;33,9;5,91;16,91;0,0;8,2;;;0,0;0,06;42,1;0;1;0;1,0
05.01.2026 18:20;2,82;33,7;6,02;16,64;0,0;8,8;;;0,0;0,04;39,5;0;1;0;1,0
05.01.2026 18:25;2,63;33,5;5,17;18,86;11,79;0,6;6,5;5,0;1,2;1,62;58,5;1;0;0;1,0
05.01.2026 18:30;2,57;33,5;4,95;19,22;11,88;-2,5;6,7;4,3;1,17;1,43;65,1;1;0;1;1,0
05.01.2026 18:35;2,37;33,6;4,77;19,24;12,07;-4,4;6,8;5,1;1,21;1,38;67,3;1;0;0;1,0
05.01.2026 18:40;2,15;32,9;4,73;19,11;11,89;-4,7;6,2;5,3;1,25;1,66;67,3;1;0;0;1,0
05.01.2026 18:45;1,96;33,5;4,73;19,01;12,17;-5,3;6,4;4,3;1,16;1,47;68,0;1;0;0;1,0
05.01.2026 18:50;1,77;32,9;4,67;19,12;11,78;-5,8;6,0;4,9;1,19;1,59;68,9;1;0;0;1,0
05.01.2026 18:55;1,61;32,5;4,63;19,07;12,02;-5,7;6,3;4,3;1,17;1,61;68,9;1;0;0;1,0
05.01.2026 19:00;1,44;33,2;4,58;19,45;12,21;-6,1;7,4;4,4;1,16;1,48;69,4;1;0;0;1,0
05.01.2026 19:05;1,21;32,6;4,58;19,17;12,19;-6,0;6,6;5,3;1,21;1,67;68,1;1;0;0;1,0
05.01.2026 19:10;0,99;32,5;4,67;18,91;11,92;-6,2;6,2;4,8;1,21;1,37;67,2;1;0;0;1,0
05.01.2026 19:15;0,77;32,0;4,54;18,85;11,82;-6,6;6,3;5,3;1,21;1,61;68,0;1;0;0;1,0
05.01.2026 19:20;0,52;32,2;4,61;18,84;11,99;-6,5;6,8;4,3;1,21;1,65;67,7;1;0;0;1,0
05.01.2026 19:25;0,31;32,0;4,49;18,53;11,68;-6,8;6,4;5,5;1,19;1,68;67,5;1;0;0;1,0
05.01.2026 19:30;0,11;32,0;4,49;18,63;12,06;-6,9;7,0;4,1;1,18;1,5;67,3;1;0;0;1,0
05.01.2026 19:35;-0,11;32,1;4,47;18,83;12,01;-7,1;7,1;4,7;1,19;1,48;67,8;1;0;0;1,0
05.01.2026 19:40;0,04;32,2;4,87;17,81;0,0;-4,3;;;0,0;0,08;57,1;0;0;0;1,0
05.01.2026 19:45;0,16;31,4;5,19;17,0;0,0;-2,5;;;0,0;0,06;49,4;0;0;0;1,0
05.01.2026 19:50;0,25;31,0;5,39;16,39;0,0;-1,5;;;0,0;0,07;43,9;0;0;0;1,0
05.01.2026 19:55;0,38;31,3;5,56;15,99;0,0;-0,7;;;0,0;0,06;40,1;0;0;0;1,0
05.01.2026 20:00;0,48;31,1;5,61;15,69;0,0;-0,2;;;0,0;0,02;37,4;0;0;0;1,0
05.01.2026 20:05;0,76;31,7;5,79;15,55;0,0;0,2;;;0,0;0,08;35,7;0;0;1;1,0
05.01.2026 20:10;0,87;30,7;5,87;15,34;0,0;0,4;;;0,0;0,03;34,2;0;0;0;1,0
05.01.2026 20:15;0,92;30,2;5,9;15,13;0,0;0,7;;;0,0;0,01;33,0;0;0;0;1,0
05.01.2026 20:20;1,02;30,5;5,96;15,02;0,0;0,8;;;0,0;0,05;32,2;0;0;0;1,0
05.01.2026 20:25;1,14;30,9;5,99;15,0;0,0;0,9;;;0,0;0,05;31,8;0;0;0;1,0
05.01.2026 20:30;1,22;30,2;6,01;14,89;0,0;1,0;;;0,0;0,03;31,4;0;0;0;1,0
05.01.2026 20:35;1,33;30,9;5,99;14,9;0,0;1,1;;;0,0;0,03;31,2;0;0;0;1,0
05.01.2026 20:40;1,47;30,1;6,0;14,81;0,0;1,2;;;0,0;0,04;30,9;0;0;0;1,0
05.01.2026 20:45;1,61;29,6;6,05;14,7;0,0;1,4;;;0,0;0,04;30,5;0;0;0;1,0
05.01.2026 20:50;1,76;30,3;6,08;14,69;0,0;1,7;;;0,0;0,05;30,4;0;0;0;1,0
05.01.2026 20:55;1,87;29,7;6,1;14,63;0,0;1,7;;;0,0;0,07;30,2;0;0;0;1,0
05.01.2026 21:00;1,95;29,6;6,15;14,56;0,0;1,9;;;0,0;0,06;30,0;0;0;0;1,0
05.01.2026 21:05;2,06;29,6;6,16;14,52;0,0;2,1;;;0,0;0,06;29,9;0;0;0;1,0
05.01.2026 21:10;1,85;29,0;5,16;16,53;11,22;-2,1;6,9;5,2;1,22;1,75;50,9;1;0;0;1,0
05.01.2026 21:15;1,64;29,6;4,82;17,13;11,07;-4,4;7,2;4,8;1,18;1,48;59,3;1;0;0;1,0
05.01.2026 21:20;1,42;29,3;4,75;17,33;11,31;-4,8;7,1;5,5;1,23;1,55;62,6;1;0;0;1,0
05.01.2026 21:25;1,15;28,9;4,66;17,42;11,28;-5,5;6,6;5,2;1,23;1,49;63,8;1;0;0;1,0
05.01.2026 21:30;0,94;29,1;4,63;17,41;11,52;-6,0;6,1;5,0;1,21;1,48;65,2;1;0;0;1,0
05.01.2026 21:35;0,69;28,9;4,55;17,4;11,15;-6,5;7,0;4,9;1,19;1,54;65,3;1;0;0;1,0
05.01.2026 21:40;0,52;29,0;4,48;17,46;11,55;-7,1;6,5;5,0;1,17;1,38;65,3;1;0;0;1,0
05.01.2026 21:45;0,37;28,4;4,52;17,45;11,71;-6,9;6,3;5,1;1,16;1,37;65,3;1;0;0;1,0
05.01.2026 21:50;0,18;28,6;4,48;17,2;11,38;-7,3;7,4;4,6;1,15;1,48;63,8;1;0;0;1,0
05.01.2026 21:55;-0,03;28,4;4,42;17,18;11,83;-7,3;6,2;4,7;1,16;1,43;63,4;1;0;0;1,0
05.01.2026 22:00;0,04;27,8;4,81;16,15;0,0;-4,6;;;0,0;0,06;52,8;0;0;0;1,0
05.01.2026 22:05;0,11;28,1;5,15;15,47;0,0;-2,5;;;0,0;0,07;45,4;0;0;0;1,0
05.01.2026 22:10;0,16;27,8;5,35;14,97;0,0;-1,5;;;0,0;0,07;40,1;0;0;0;1,0
05.01.2026 22:15;0,24;27,8;5,48;14,6;0,0;-0,9;;;0,0;0,04;36,4;0;0;0;1,0
05.01.2026 22:20;0,37;27,8;5,62;14,35;0,0;-0,4;;;0,0;0,05;33,8;0;0;0;1,0
05.01.2026 22:25;0,46;27,5;5,7;14,14;0,0;-0,1;;;0,0;0,01;31,9;0;0;0;1,0
05.01.2026 22:30;0,55;27,0;5,72;13,95;0,0;0,1;;;0,0;0,05;30,5;0;0;0;1,0
05.01.2026 22:35;0,67;27,0;5,85;13,81;0,0;0,2;;;0,0;0,05;29,4;0;0;0;1,0
05.01.2026 22:40;0,76;26,7;5,85;13,67;0,0;0,5;;;0,0;0,07;28,6;0;0;0;1,0
05.01.2026 22:45;0,84;27,1;5,9;13,63;0,0;0,8;;;0,0;0,03;28,1;0;0;0;1,0
05.01.2026 22:50;0,98;26,7;5,95;13,55;0,0;0,7;;;0,0;0,06;27,7;0;0;0;1,0
05.01.2026 22:55;1,08;26,3;5,98;13,45;0,0;0,9;;;0,0;0,04;27,3;0;0;0;1,0
05.01.2026 23:00;1,2;26,7;5,99;13,43;0,0;0,9;;;0,0;0,05;27,1;0;0;0;1,0
05.01.2026 23:05;1,28;27,0;6,01;13,44;0,0;1,2;;;0,0;0,05;27,1;0;0;0;1,0
05.01.2026 23:10;1,39;27,3;6,0;13,48;0,0;1,2;;;0,0;0,02;27,1;0;0;0;1,0
05.01.2026 23:15;1,52;26,1;6,1;13,39;0,0;1,2;;;0,0;0,06;26,8;0;0;0;1,0
05.01.2026 23:20;1,59;26,1;6,06;13,32;0,0;1,3;;;0,0;0,04;26,6;0;0;0;1,0
05.01.2026 23:25;1,66;26,7;6,1;13,34;0,0;1,5;;;0,0;0,07;26,6;0;0;0;1,0
05.01.2026 23:30;1,75;25,5;6,12;13,22;0,0;1,6;;;0,0;0,04;26,3;0;0;0;1,0
05.01.2026 23:35;1,82;26,2;6,18;13,22;0,0;1,8;;;0,0;0,04;26,3;0;0;0;1,0
05.01.2026 23:40;1,88;26,4;6,11;13,23;0,0;1,8;;;0,0;0,05;26,3;0;0;0;1,0
05.01.2026 23:45;2,0;25,6;6,14;13,16;0,0;2,0;;;0,0;0,05;26,1;0;0;0;1,0
05.01.2026 23:50;2,07;25,4;6,22;13,09;0,0;2,0;;;0,0;0,03;25,9;0;0;0;1,0
05.01.2026 23:55;1,84;25,3;5,12;14,94;10,13;-2,7;6,4;4,5;1,18;1,49;47,1;1;0;0;1,0
06.01.2026 00:00;2,01;20,2;5,44;13,82;0,0;2,4;;;0,0;0,05;39,0;0;1;0;1,0
06.01.2026 00:05;2,23;20,4;5,69;13,06;0,0;5,5;;;0,0;0,08;33,4;0;1;0;1,0
06.01.2026 00:10;2,44;20,2;5,82;12,52;0,0;7,5;;;0,0;0,05;29,5;0;1;0;1,0
06.01.2026 00:15;2,63;19,7;6,04;12,09;0,0;8,4;;;0,0;0,05;26,6;0;1;0;1,0
06.01.2026 00:20;2,82;19,9;6,15;11,8;0,0;9,1;;;0,0;0,03;24,6;0;1;0;1,0
06.01.2026 00:25;2,56;20,0;5,23;13,23;9,54;0,6;7,2;5,4;1,21;1,73;44,0;1;0;0;1,0
06.01.2026 00:30;2,29;19,9;4,84;13,67;10,15;-3,2;6,1;5,6;1,2;1,59;51,3;1;0;0;1,0
06.01.2026 00:35;2,0;19,8;4,83;13,81;10,34;-4,4;7,4;5,3;1,22;1,69;54,1;1;0;0;1,0
06.01.2026 00:40;1,72;20,2;4,7;14,06;10,39;-5,3;7,4;5,5;1,21;1,41;55,3;1;0;0;1,0
06.01.2026 00:45;1,41;19,7;4,61;13,72;10,16;-5,8;6,7;3,7;1,25;1,42;55,3;1;0;0;1,0
06.01.2026 00:50;1,12;19,7;4,56;13,7;9,94;-6,2;6,8;4,8;1,22;1,34;55,8;1;0;0;1,0
06.01.2026 00:55;0,82;19,4;4,54;13,59;10,19;-6,6;7,2;5,1;1,19;1,28;55,3;1;0;0;1,0
06.01.2026 01:00;0,54;19,2;4,58;13,4;9,88;-6,6;6,9;5,3;1,17;1,47;54,7;1;0;0;1,0
06.01.2026 01:05;0,29;19,3;4,44;13,44;10,3;-7,1;7,0;4,5;1,19;1,48;54,3;1;0;0;1,0
06.01.2026 01:10;-0,03;19,1;4,43;13,62;10,12;-7,4;6,0;5,5;1,23;1,35;56,0;1;0;0;1,0
06.01.2026 01:15;0,02;19,7;4,85;12,86;0,0;-4,5;;;0,0;0,08;45,1;0;0;0;1,0
06.01.2026 01:20;0,15;19,0;5,16;12,26;0,0;-2,6;;;0,0;0,09;37,3;0;0;0;1,0
06.01.2026 01:25;0,21;19,5;5,39;11,89;0,0;-1,5;;;0,0;0,0;32,0;0;0;0;1,0
06.01.2026 01:30;0,4;19,0;5,56;11,58;0,0;-0,6;;;0,0;0,01;28,1;0;0;0;1,0
06.01.2026 01:35;0,5;18,8;5,64;11,35;0,0;-0,1;;;0,0;0,08;25,3;0;0;0;1,0
06.01.2026 01:40;0,56;18,7;5,72;11,17;0,0;-0,2;;;0,0;0,06;23,3;0;0;0;1,0
06.01.2026 01:45;0,66;19,0;5,8;11,08;0,0;0,5;;;0,0;0,04;22,0;0;0;0;1,0
06.01.2026 01:50;0,7;18,9;5,91;11,0;0,0;0,2;;;0,0;0,06;21,1;0;0;0;1,0
06.01.2026 01:55;0,78;19,2;5,9;10,97;0,0;0,7;;;0,0;0,05;20,5;0;0;0;1,0
06.01.2026 02:00;0,85;18,9;5,92;10,93;0,0;0,7;;;0,0;0,02;20,0;0;0;0;1,0
06.01.2026 02:05;0,93;18,4;5,98;10,86;0,0;0,9;;;0,0;0,02;19,5;0;0;0;1,0
06.01.2026 02:10;1,02;18,1;5,95;10,78;0,0;0,9;;;0,0;0,07;19,1;0;0;0;1,0
06.01.2026 02:15;1,1;18,8;6,02;10,78;0,0;1,0;;;0,0;0,03;19,0;0;0;0;1,0
06.01.2026 02:20;1,15;18,7;5,98;10,78;0,0;1,0;;;0,0;0,04;18,9;0;0;0;1,0
06.01.2026 02:25;1,24;18,5;6,0;10,76;0,0;1,3;;;0,0;0,04;18,8;0;0;0;1,0
06.01.2026 02:30;1,36;19,0;6,07;10,79;0,0;1,2;;;0,0;0,07;18,8;0;0;0;1,0
06.01.2026 02:35;1,41;18,6;6,02;10,77;0,0;1,3;;;0,0;0,04;18,8;0;0;0;1,0
06.01.2026 02:40;1,52;19,1;6,07;10,81;0,0;1,3;;;0,0;0,03;18,9;0;0;0;1,0
06.01.2026 02:45;1,63;19,1;6,11;10,83;0,0;1,5;;;0,0;0,01;18,9;0;0;0;1,0
06.01.2026 02:50;1,76;18,8;6,07;10,82;0,0;1,7;;;0,0;0,07;18,9;0;0;0;1,0
06.01.2026 02:55;1,81;18,9;6,13;10,83;0,0;1,7;;;0,0;0,07;18,9;0;0;0;1,0
06.01.2026 03:00;1,87;18,7;6,17;10,81;0,0;1,8;;;0,0;0,08;18,8;0;0;0;1,0
06.01.2026 03:05;1,99;18,5;6,2;10,78;0,0;1,7;;;0,0;0,06;18,7;0;0;0;1,0
06.01.2026 03:10;2,05;18,8;6,22;10,78;0,0;1,9;;;0,0;0,03;18,7;0;0;0;1,0
06.01.2026 03:15;1,7;18,6;5,18;12,52;9,73;-2,5;6,7;4,3;1,21;1,56;40,3;1;0;0;1,0
06.01.2026 03:20;1,4;19,1;4,74;13,12;9,51;-4,7;7,8;4,6;1,2;1,39;48,7;1;0;0;1,0
06.01.2026 03:25;1,18;18,0;4,61;12,99;9,49;-5,6;7,3;5,3;1,19;1,54;51,2;1;0;0;1,0
06.01.2026 03:30;0,9;18,4;4,61;13,14;9,49;-6,1;6,7;4,6;1,26;1,44;52,9;1;0;0;1,0
06.01.2026 03:35;0,61;18,8;4,5;13,25;9,98;-7,1;6,6;4,5;1,21;1,69;53,8;1;0;0;1,0
06.01.2026 03:40;0,29;19,0;4,56;13,36;10,1;-7,0;6,7;4,8;1,22;1,67;54,5;1;0;0;1,0
06.01.2026 03:45;0,02;18,4;4,42;13,31;10,27;-7,2;7,6;4,2;1,16;1,89;54,2;1;0;0;1,0
06.01.2026 03:50;-0,27;18,9;4,42;13,36;9,96;-7,6;7,1;5,1;1,19;1,3;54,5;1;0;0;1,0
06.01.2026 03:55;-0,2;19,0;4,82;12,61;0,0;-4,7;;;0,0;0,06;43,9;0;0;0;1,0
06.01.2026 04:00;-0,09;18,2;5,06;12,01;0,0;-2,8;;;0,0;0,04;36,2;0;0;0;1,0
06.01.2026 04:05;-0,04;18,7;5,33;11,64;0,0;-1,7;;;0,0;0,07;30,9;0;0;0;1,0
06.01.2026 04:10;0,0;18,5;5,46;11,37;0,0;-1,1;;;0,0;0,02;27,2;0;0;0;1,0
06.01.2026 04:15;0,11;18,8;5,63;11,2;0,0;-0,7;;;0,0;0,01;24,7;0;0;0;1,0
06.01.2026 04:20;0,21;18,9;5,67;11,09;0,0;-0,3;;;0,0;0,07;23,0;0;0;0;1,0
06.01.2026 04:25;0,32;19,3;5,72;11,05;0,0;-0,0;;;0,0;0,06;21,9;0;0;0;1,0
06.01.2026 04:30;0,45;19,7;5,78;11,05;0,0;0,2;;;0,0;0,02;21,2;0;0;0;1,0
06.01.2026 04:35;0,52;18,7;5,8;10,97;0,0;0,2;;;0,0;0,04;20,4;0;0;0;1,0
06.01.2026 04:40;0,56;19,1;5,93;10,95;0,0;0,4;;;0,0;0,01;20,1;0;0;0;1,0
06.01.2026 04:45;0,68;19,4;5,89;10,96;0,0;0,4;;;0,0;0,03;19,9;0;0;0;1,0
06.01.2026 04:50;0,76;19,4;5,9;10,97;0,0;0,6;;;0,0;0,04;19,7;0;0;0;1,0
06.01.2026 04:55;0,85;19,4;5,92;10,97;0,0;0,7;;;0,0;0,02;19,6;0;0;0;1,0
06.01.2026 05:00;0,91;18,8;5,96;10,92;0,0;0,9;;;0,0;0,06;19,4;0;0;0;1,0
06.01.2026 05:05;1,01;19,7;5,99;10,97;0,0;0,9;;;0,0;0,05;19,5;0;0;0;1,0
06.01.2026 05:10;1,33;19,9;6,05;11,02;0,0;1,1;;;0,0;0,07;19,6;0;0;1;1,0
06.01.2026 05:15;1,42;19,5;6,03;11,02;0,0;1,1;;;0,0;0,08;19,6;0;0;0;1,0
06.01.2026 05:20;1,53;19,9;6,03;11,05;0,0;1,3;;;0,0;0,05;19,7;0;0;0;1,0
06.01.2026 05:25;1,58;19,7;6,09;11,06;0,0;1,4;;;0,0;0,05;19,7;0;0;0;1,0
06.01.2026 05:30;1,66;19,8;6,12;11,07;0,0;1,6;;;0,0;0,1;19,7;0;0;0;1,0
06.01.2026 05:35;1,72;20,4;6,13;11,13;0,0;1,4;;;0,0;0,07;19,9;0;0;0;1,0
06.01.2026 05:40;1,78;20,0;6,13;11,15;0,0;1,7;;;0,0;0,03;19,9;0;0;0;1,0
06.01.2026 05:45;1,87;20,3;6,11;11,18;0,0;1,8;;;0,0;0,05;20,1;0;0;0;1,0
06.01.2026 05:50;1,96;20,5;6,19;11,22;0,0;1,8;;;0,0;0,03;20,2;0;0;0;1,0
06.01.2026 05:55;2,05;19,5;6,2;11,16;0,0;1,9;;;0,0;0,04;20,0;0;0;0;1,0
06.01.2026 06:00;2,25;20,0;6,2;11,16;0,0;5,2;;;0,0;0,06;20,0;0;1;0;1,0
06.01.2026 06:05;2,46;20,1;6,24;11,17;0,0;7,2;;;0,0;0,09;20,0;0;1;0;1,0
06.01.2026 06:10;2,64;20,3;6,28;11,2;0,0;8,3;;;0,0;0,03;20,1;0;1;0;1,0
06.01.2026 06:15;2,85;21,1;6,32;11,29;0,0;8,8;;;0,0;0,0;20,4;0;1;0;1,0
06.01.2026 06:20;3,08;20,3;6,29;11,28;0,0;9,2;;;0,0;0,07;20,4;0;1;0;1,0
06.01.2026 06:25;2,75;20,6;5,3;13,26;9,37;1,1;7,1;4,5;1,21;1,39;42,7;1;0;0;1,0
06.01.2026 06:30;2,45;20,3;5,0;13,7;9,93;-2,3;7,9;3,8;1,19;1,25;50,6;1;0;0;1,0
06.01.2026 06:35;2,2;20,9;4,86;13,84;9,91;-3,9;7,3;5,1;1,24;1,48;54,7;1;0;0;1,0
06.01.2026 06:40;1,91;21,1;4,75;14,06;10,23;-4,8;7,9;4,7;1,25;1,55;56,4;1;0;0;1,0
06.01.2026 06:45;1,68;21,4;4,63;14,07;10,41;-5,6;6,5;4,6;1,23;1,74;57,2;1;0;0;1,0
06.01.2026 06:50;1,41;21,2;4,61;14,24;10,43;-6,0;6,8;4,9;1,15;1,43;58,0;1;0;0;1,0
06.01.2026 06:55;1,13;21,1;4,62;14,31;10,35;-6,3;7,4;4,7;1,22;1,23;57,4;1;0;0;1,0
06.01.2026 07:00;1,07;21,9;4,57;14,32;10,24;-6,5;7,0;4,7;1,18;1,32;56,8;1;0;1;1,0
06.01.2026 07:05;0,79;21,9;4,46;14,53;10,29;-6,9;7,4;5,0;1,18;1,32;58,2;1;0;0;1,0
06.01.2026 07:10;0,58;21,6;4,44;14,41;10,33;-6,8;7,3;4,7;1,16;1,75;57,9;1;0;0;1,0
06.01.2026 07:15;0,29;22,1;4,42;14,5;10,69;-7,5;7,7;5,2;1,19;1,61;57,8;1;0;0;1,0
06.01.2026 07:20;0,07;22,0;4,33;14,6;10,71;-7,9;6,9;5,3;1,16;1,49;58,6;1;0;0;1,0
06.01.2026 07:25;-0,15;22,1;4,41;14,49;10,61;-7,5;7,6;5,3;1,18;1,37;58,3;1;0;0;1,0
06.01.2026 07:30;-0,08;22,2;4,76;13,69;0,0;-4,7;;;0,0;0,09;47,5;0;0;0;1,0
06.01.2026 07:35;0,02;22,8;5,12;13,2;0,0;-2,7;;;0,0;0,04;40,1;0;0;0;1,0
06.01.2026 07:40;0,14;22,4;5,35;12,82;0,0;-1,7;;;0,0;0,06;34,8;0;0;0;1,0
06.01.2026 07:45;0,47;23,2;5,49;12,63;0,0;-0,8;;;0,0;0,07;31,3;0;0;1;1,0
06.01.2026 07:50;0,57;22,4;5,65;12,42;0,0;-0,3;;;0,0;0,07;28,6;0;0;0;1,0
06.01.2026 07:55;0,71;23,0;5,74;12,33;0,0;0,3;;;0,0;0,05;27,0;0;0;0;1,0
06.01.2026 08:00;0,78;23,2;5,8;12,28;0,0;0,5;;;0,0;0,03;25,8;0;0;0;1,0
06.01.2026 08:05;0,87;23,4;5,86;12,28;0,0;0,5;;;0,0;0,06;25,1;0;0;0;1,0
06.01.2026 08:10;0,99;23,2;5,93;12,25;0,0;0,7;;;0,0;0,05;24,5;0;0;0;1,0
06.01.2026 08:15;1,1;23,7;5,95;12,28;0,0;1,0;;;0,0;0,04;24,3;0;0;0;1,0
06.01.2026 08:20;1,17;23,4;6,0;12,27;0,0;0,9;;;0,0;0,06;24,0;0;0;0;1,0
06.01.2026 08:25;1,28;23,5;5,99;12,27;0,0;1,0;;;0,0;0,07;23,9;0;0;0;1,0
06.01.2026 08:30;1,32;23,8;6,02;12,3;0,0;1,3;;;0,0;0,05;23,8;0;0;0;1,0
06.01.2026 08:35;1,42;23,6;6,02;12,31;0,0;1,4;;;0,0;0,04;23,8;0;0;0;1,0
06.01.2026 08:40;1,53;24,1;6,04;12,36;0,0;1,5;;;0,0;0,05;23,9;0;0;0;1,0
06.01.2026 08:45;1,61;24,2;6,07;12,4;0,0;1,5;;;0,0;0,04;24,0;0;0;0;1,0
06.01.2026 08:50;1,92;25,1;6,13;12,53;0,0;1,6;;;0,0;0,03;24,3;0;0;1;1,0
06.01.2026 08:55;2,06;24,3;6,15;12,54;0,0;1,7;;;0,0;0,1;24,3;0;0;0;1,0
06.01.2026 09:00;2,11;24,5;5,14;14,53;9,53;-2,7;7,2;4,1;1,19;1,58;45,9;1;0;1;1,0
06.01.2026 09:05;1,82;24,9;4,87;15,37;10,57;-4,4;7,7;4,7;1,18;1,56;55,7;1;0;0;1,0
06.01.2026 09:10;1,6;24,7;4,7;15,56;10,59;-5,3;8,3;4,8;1,19;1,59;58,8;1;0;0;1,0
06.01.2026 09:15;1,35;25,2;4,57;15,59;10,87;-6,3;7,5;4,4;1,14;1,4;60,1;1;0;0;1,0
06.01.2026 09:20;1,11;24,7;4,55;15,6;10,65;-6,3;6,9;4,0;1,2;1,51;60,8;1;0;0;1,0
06.01.2026 09:25;0,86;25,2;4,53;15,78;11,07;-6,8;7,5;3,6;1,14;1,44;61,9;1;0;0;1,0
06.01.2026 09:30;0,64;25,6;4,46;15,88;10,83;-7,0;7,0;3,7;1,22;1,52;61,9;1;0;0;1,0
06.01.2026 09:35;0,42;25,8;4,48;15,87;10,79;-6,9;8,0;5,4;1,23;1,3;62,0;1;0;0;1,0
06.01.2026 09:40;0,2;25,1;4,44;15,75;11,16;-7,3;7,5;5,0;1,21;1,28;62,0;1;0;0;1,0
06.01.2026 09:45;-0,02;26,2;4,35;16,06;10,99;-7,6;6,6;5,0;1,25;1,6;62,6;1;0;0;1,0
06.01.2026 09:50;0,1;25,9;4,85;15,17;0,0;-4,7;;;0,0;0,05;51,6;0;0;0;1,0
06.01.2026 09:55;0,24;26,4;5,13;14,6;0,0;-2,7;;;0,0;0,05;44,0;0;0;0;1,0
06.01.2026 10:00;0,34;26,4;5,39;14,2;0,0;-1,5;;;0,0;0,04;38,7;0;0;0;1,0
06.01.2026 10:05;0,47;26,2;5,56;13,9;0,0;-0,7;;;0,0;0,04;35,0;0;0;0;1,0
06.01.2026 10:10;0,75;26,1;5,69;13,68;0,0;-0,1;;;0,0;0,02;32,3;0;0;1;1,0
06.01.2026 10:15;0,8;26,6;5,78;13,57;0,0;0,3;;;0,0;0,05;30,6;0;0;0;1,0
06.01.2026 10:20;0,87;26,7;5,76;13,52;0,0;0,5;;;0,0;0,03;29,4;0;0;0;1,0
06.01.2026 10:25;0,99;27,4;5,86;13,55;0,0;0,7;;;0,0;0,05;28,8;0;0;0;1,0
06.01.2026 10:30;1,08;26,7;5,97;13,49;0,0;0,8;;;0,0;0,04;28,2;0;0;0;1,0
06.01.2026 10:35;1,21;27,1;5,96;13,5;0,0;0,8;;;0,0;0,06;27,9;0;0;0;1,0
06.01.2026 10:40;1,3;26,3;6,06;13,43;0,0;1,2;;;0,0;0,06;27,4;0;0;0;1,0
06.01.2026 10:45;1,4;27,0;6,03;13,44;0,0;1,1;;;0,0;0,07;27,3;0;0;0;1,0
06.01.2026 10:50;1,75;27,2;6,06;13,48;0,0;1,5;;;0,0;0,08;27,3;0;0;1;1,0
06.01.2026 10:55;1,81;27,0;6,05;13,48;0,0;1,6;;;0,0;0,03;27,2;0;0;0;1,0
06.01.2026 11:00;1,95;28,0;6,14;13,59;0,0;1,7;;;0,0;0,09;27,4;0;0;0;1,0
06.01.2026 11:05;2,05;28,2;6,15;13,68;0,0;2,1;;;0,0;0,05;27,7;0;0;0;1,0
06.01.2026 11:10;1,85;28,2;5,1;15,96;10,75;-2,9;7,9;4,9;1,22;1,37;49,5;1;0;0;1,0
06.01.2026 11:15;1,62;27,9;4,79;16,42;11,28;-4,8;7,4;5,0;1,2;1,68;58,7;1;0;0;1,0
06.01.2026 11:20;1,39;27,7;4,64;16,48;10,97;-5,6;7,8;4,6;1,22;1,38;60,8;1;0;0;1,0
06.01.2026 11:25;1,15;28,1;4,57;16,63;10,95;-6,5;6,9;4,3;1,2;1,97;62,4;1;0;0;1,0
06.01.2026 11:30;0,91;27,9;4,47;16,74;11,13;-6,7;7,5;4,7;1,23;1,62;63,2;1;0;0;1,0
06.01.2026 11:35;0,69;28,5;4,58;16,88;10,86;-6,7;8,2;4,3;1,17;1,55;64,5;1;0;0;1,0
06.01.2026 11:40;0,46;28,3;4,45;17,12;11,01;-7,2;7,6;4,7;1,2;1,54;65,7;1;0;0;1,0
06.01.2026 11:45;0,23;28,3;4,47;16,9;11,05;-7,1;8,1;4,6;1,18;1,3;64,2;1;0;0;1,0
06.01.2026 11:50;0,01;28,3;4,45;16,87;11,18;-7,4;7,6;4,8;1,19;1,45;64,4;1;0;0;1,0
06.01.2026 11:55;-0,23;28,8;4,41;16,96;11,29;-7,6;6,2;3,8;1,22;1,43;63,9;1;0;0;1,0
06.01.2026 12:00;-0,04;28,8;4,85;16,11;0,0;-0,6;;;0,0;0,03;53,4;0;1;0;1,0
06.01.2026 12:05;0,19;28,5;5,09;15,49;0,0;3,5;;;0,0;0,03;45,9;0;1;0;1,0
06.01.2026 12:10;0,42;29,0;5,39;15,1;0,0;6,3;;;0,0;0,06;40,8;0;1;0;1,0
06.01.2026 12:15;0,7;29,0;5,56;14,83;0,0;7,8;;;0,0;0,06;37,3;0;1;0;1,0
06.01.2026 12:20;0,93;29,0;5,72;14,64;0,0;8,6;;;0,0;0,07;34,8;0;1;0;1,0
06.01.2026 12:25;1,07;29,2;5,72;14,53;0,0;5,5;;;0,0;0,08;33,1;0;0;0;1,0
06.01.2026 12:30;1,22;29,6;5,88;14,5;0,0;3,9;;;0,0;0,04;32,1;0;0;0;1,0
06.01.2026 12:35;1,31;29,0;5,9;14,41;0,0;2,8;;;0,0;0,04;31,1;0;0;0;1,0
06.01.2026 12:40;1,48;29,0;5,99;14,35;0,0;2,1;;;0,0;0,04;30,5;0;0;0;1,0
06.01.2026 12:45;1,56;29,8;6,05;14,4;0,0;2,1;;;0,0;0,05;30,3;0;0;0;1,0
06.01.2026 12:50;1,65;30,2;6,06;14,47;0,0;1,8;;;0,0;0,04;30,2;0;0;0;1,0
06.01.2026 12:55;1,75;29,5;6,09;14,44;0,0;1,8;;;0,0;0,04;30,0;0;0;0;1,0
06.01.2026 13:00;2,07;29,7;6,06;14,45;0,0;2,0;;;0,0;0,09;29,9;0;0;1;1,0
06.01.2026 13:05;1,92;30,2;5,15;16,84;10,82;-2,8;8,0;5,8;1,19;1,66;52,2;1;0;0;1,0
06.01.2026 13:10;1,69;30,0;4,8;17,46;11,72;-4,6;6,7;4,8;1,25;1,33;60,2;1;0;0;1,0
06.01.2026 13:15;1,46;29,6;4,68;17,51;11,55;-5,6;8,1;4,6;1,18;1,42;63,3;1;0;0;1,0
06.01.2026 13:20;1,24;29,6;4,57;17,53;11,38;-6,3;7,8;4,4;1,23;1,48;65,0;1;0;0;1,0
06.01.2026 13:25;1,22;30,4;4,49;17,87;11,51;-6,8;7,0;5,0;1,18;1,19;67,0;1;0;1;1,0
06.01.2026 13:30;1,19;30,4;4,57;17,84;11,38;-6,5;7,5;4,2;1,21;1,35;67,1;1;0;1;1,0
06.01.2026 13:35;1,01;30,2;4,49;17,9;11,35;-6,7;7,8;4,7;1,15;1,5;67,5;1;0;0;1,0
06.01.2026 13:40;0,82;30,1;4,58;17,72;11,61;-6,6;7,0;4,6;1,2;1,65;66,6;1;0;0;1,0
06.01.2026 13:45;0,59;30,0;4,45;18,06;11,86;-6,8;7,9;4,6;1,2;1,26;66,8;1;0;0;1,0
06.01.2026 13:50;0,62;29,9;4,47;17,9;11,49;-7,0;7,1;4,3;1,16;1,46;66,7;1;0;1;1,0
06.01.2026 13:55;0,44;30,2;4,48;17,93;11,47;-6,9;7,8;4,4;1,16;1,51;66,9;1;0;0;1,0
06.01.2026 14:00;0,28;30,6;4,34;17,85;11,35;-7,6;7,5;4,6;1,23;1,63;67,1;1;0;0;1,0
06.01.2026 14:05;0,07;30,7;4,34;17,97;11,31;-8,0;7,9;4,3;1,16;1,47;66,0;1;0;0;1,0
06.01.2026 14:10;-0,09;30,4;4,42;17,74;11,36;-8,1;8,0;4,8;1,16;1,35;66,8;1;0;0;1,0
06.01.2026 14:15;0,04;30,3;4,74;16,82;0,0;-4,9;;;0,0;0,01;55,8;0;0;0;1,0
06.01.2026 14:20;0,14;30,7;5,11;16,22;0,0;-2,8;;;0,0;0,07;48,3;0;0;0;1,0
06.01.2026 14:25;0,25;30,4;5,32;15,78;0,0;-1,4;;;0,0;0,06;42,9;0;0;0;1,0
06.01.2026 14:30;0,38;30,1;5,49;15,44;0,0;-0,7;;;0,0;0,03;39,1;0;0;0;1,0
06.01.2026 14:35;0,48;30,3;5,69;15,21;0,0;-0,4;;;0,0;0,05;36,4;0;0;0;1,0
06.01.2026 14:40;0,65;30,6;5,74;15,08;0,0;0,1;;;0,0;0,03;34,7;0;0;0;1,0
06.01.2026 14:45;0,79;30,6;5,8;15,0;0,0;0,3;;;0,0;0,06;33,5;0;0;0;1,0
06.01.2026 14:50;1,13;31,1;5,88;14,99;0,0;0,6;;;0,0;0,06;32,7;0;0;1;1,0
06.01.2026 14:55;1,24;31,0;5,92;14,99;0,0;0,8;;;0,0;0,09;32,2;0;0;0;1,0
06.01.2026 15:00;1,35;30,7;5,99;14,95;0,0;0,9;;;0,0;0,01;31,8;0;0;0;1,0
06.01.2026 15:05;1,68;30,2;6,01;14,86;0,0;1,3;;;0,0;0,02;31,3;0;0;1;1,0
06.01.2026 15:10;1,8;30,7;6,1;14,86;0,0;1,6;;;0,0;0,08;31,1;0;0;0;1,0
06.01.2026 15:15;1,89;30,7;6,13;14,85;0,0;1,6;;;0,0;0,04;31,0;0;0;0;1,0
06.01.2026 15:20;2,04;29,9;6,18;14,76;0,0;1,9;;;0,0;0,07;30,7;0;0;0;1,0
06.01.2026 15:25;1,82;30,7;5,13;17,27;11,2;-2,6;7,6;4,7;1,23;1,44;53,1;1;0;0;1,0
06.01.2026 15:30;1,64;30,4;4,75;17,84;11,63;-4,8;7,0;4,6;1,16;1,39;62,0;1;0;0;1,0
06.01.2026 15:35;1,4;30,6;4,61;18,12;11,58;-5,9;7,5;4,7;1,23;1,55;65,7;1;0;0;1,0
06.01.2026 15:40;1,18;30,0;4,56;17,93;11,38;-6,3;7,7;3,9;1,26;1,68;67,1;1;0;0;1,0
06.01.2026 15:45;0,94;30,3;4,53;17,7;11,35;-6,6;8,0;4,5;1,22;1,57;66,8;1;0;0;1,0
06.01.2026 15:50;0,9;29,9;4,48;17,65;11,27;-7,0;8,7;4,7;1,19;1,31;66,6;1;0;1;1,0
06.01.2026 15:55;0,73;30,5;4,48;17,67;11,54;-7,0;8,2;4,2;1,2;1,75;66,6;1;0;0;1,0
06.01.2026 16:00;0,55;30,6;4,5;17,96;11,88;-7,4;8,9;5,2;1,18;1,49;67,3;1;0;0;1,0
06.01.2026 16:05;0,36;29,9;4,41;17,75;11,36;-7,6;8,2;4,8;1,18;1,64;66,9;1;0;0;1,0
06.01.2026 16:10;0,17;29,6;4,41;17,77;11,72;-7,5;8,2;4,3;1,26;1,41;66,6;1;0;0;1,0
06.01.2026 16:15;-0,09;29,7;4,35;17,52;11,51;-8,1;8,1;4,3;1,24;1,95;66,7;1;0;0;1,0
06.01.2026 16:20;0,03;30,2;4,76;16,66;0,0;-4,8;;;0,0;0,09;55,7;0;0;0;1,0
06.01.2026 16:25;0,31;30,0;5,11;16,03;0,0;-2,7;;;0,0;0,05;48,0;0;0;1;1,0
06.01.2026 16:30;0,42;29,4;5,33;15,53;0,0;-1,6;;;0,0;0,06;42,4;0;0;0;1,0
06.01.2026 16:35;0,54;30,3;5,49;15,27;0,0;-0,7;;;0,0;0,03;38,8;0;0;0;1,0
06.01.2026 16:40;0,63;29,7;5,64;15,03;0,0;-0,2;;;0,0;0,06;36,1;0;0;0;1,0
06.01.2026 16:45;0,77;29,5;5,71;14,84;0,0;0,1;;;0,0;0,06;34,1;0;0;0;1,0
06.01.2026 16:50;0,87;29,9;5,86;14,75;0,0;0,5;;;0,0;0,04;32,8;0;0;0;1,0
06.01.2026 16:55;0,99;29,6;5,9;14,65;0,0;0,6;;;0,0;0,07;31,9;0;0;0;1,0
06.01.2026 17:00;1,06;30,0;5,9;14,63;0,0;0,8;;;0,0;0,07;31,3;0;0;0;1,0
06.01.2026 17:05;1,19;29,5;5,93;14,56;0,0;1,0;;;0,0;0,04;30,8;0;0;0;1,0
06.01.2026 17:10;1,28;29,3;6,01;14,49;0,0;1,1;;;0,0;0,0;30,3;0;0;0;1,0
06.01.2026 17:15;1,38;29,6;5,99;14,47;0,0;1,3;;;0,0;0,04;30,1;0;0;0;1,0
06.01.2026 17:20;1,44;29,8;6,1;14,48;0,0;1,3;;;0,0;0,07;30,0;0;0;0;1,0
06.01.2026 17:25;1,55;29,6;6,08;14,46;0,0;1,4;;;0,0;0,09;29,9;0;0;0;1,0
06.01.2026 17:30;1,67;28,9;6,08;14,38;0,0;1,7;;;0,0;0,04;29,6;0;0;0;1,0
06.01.2026 17:35;1,74;29,1;6,08;14,34;0,0;1,4;;;0,0;0,04;29,5;0;0;0;1,0
06.01.2026 17:40;1,83;29,0;6,13;14,3;0,0;1,7;;;0,0;0,02;29,3;0;0;0;1,0
06.01.2026 17:45;1,93;29,1;6,1;14,28;0,0;1,8;;;0,0;0,04;29,3;0;0;0;1,0
06.01.2026 17:50;1,98;28,5;6,13;14,21;0,0;2,0;;;0,0;0,06;29,0;0;0;0;1,0
06.01.2026 17:55;2,04;28,3;6,22;14,13;0,0;1,8;;;0,0;0,03;28,8;0;0;0;1,0
06.01.2026 18:00;2,24;28,7;6,15;14,12;0,0;5,3;;;0,0;0,06;28,8;0;1;0;1,0
06.01.2026 18:05;2,44;28,7;6,21;14,11;0,0;7,2;;;0,0;0,05;28,7;0;1;0;1,0
06.01.2026 18:10;2,69;28,6;6,24;14,09;0,0;8,2;;;0,0;0,07;28,7;0;1;0;1,0
06.01.2026 18:15;2,82;27,9;6,31;14,01;0,0;8,8;;;0,0;0,08;28,5;0;1;0;1,0
06.01.2026 18:20;3,06;28,4;6,36;14,0;0,0;9,5;;;0,0;0,04;28,5;0;1;0;1,0
06.01.2026 18:25;2,85;28,0;5,31;16,04;10,59;0,7;7,2;4,3;1,24;1,41;50,8;1;0;0;1,0
06.01.2026 18:30;2,59;28,3;4,91;16,69;10,91;-2,9;8,6;4,8;1,16;1,5;59,4;1;0;0;1,0
06.01.2026 18:35;2,3;27,7;4,73;16,7;11,25;-4,7;7,5;4,3;1,22;1,24;62,7;1;0;0;1,0
06.01.2026 18:40;2,32;28,2;4,77;16,84;11,19;-4,8;7,6;4,3;1,26;1,59;64,3;1;0;1;1,0
06.01.2026 18:45;2,07;27,9;4,74;16,84;11,02;-5,3;8,1;4,2;1,18;1,54;64,5;1;0;0;1,0
06.01.2026 18:50;1,82;28,2;4,64;16,73;11,33;-5,9;8,6;4,2;1,19;1,65;64,3;1;0;0;1,0
06.01.2026 18:55;1,61;27,7;4,58;16,82;10,74;-6,0;8,4;4,3;1,2;1,08;65,0;1;0;0;1,0
06.01.2026 19:00;1,38;27,8;4,6;16,64;11,09;-6,0;7,6;4,2;1,17;1,83;64,4;1;0;0;1,0
06.01.2026 19:05;1,14;27,4;4,46;16,61;10,89;-6,7;8,6;4,5;1,21;1,38;63,1;1;0;0;1,0
06.01.2026 19:10;0,93;27,2;4,48;16,46;11,32;-7,1;8,8;4,9;1,21;1,53;64,4;1;0;0;1,0
06.01.2026 19:15;0,73;27,3;4,46;16,49;11,13;-7,1;8,4;4,2;1,17;1,66;64,7;1;0;0;1,0
06.01.2026 19:20;0,54;27,1;4,38;16,32;10,75;-7,6;8,5;4,4;1,13;1,43;63,2;1;0;0;1,0
06.01.2026 19:25;0,3;27,5;4,38;16,37;10,85;-7,3;7,6;4,4;1,25;1,49;63,2;1;0;0;1,0
06.01.2026 19:30;0,08;26,8;4,31;16,36;10,93;-8,0;8,6;4,0;1,19;1,29;63,0;1;0;0;1,0
06.01.2026 19:35;-0,11;26,8;4,29;16,34;11,1;-8,1;7,6;4,2;1,22;1,48;63,7;1;0;0;1,0
06.01.2026 19:40;-0,02;26,7;4,77;15,45;0,0;-4,9;;;0,0;0,06;52,6;0;0;0;1,0
06.01.2026 19:45;0,09;26,9;5,14;14,85;0,0;-2,7;;;0,0;0,05;44,9;0;0;0;1,0
06.01.2026 19:50;0,19;26,2;5,32;14,36;0,0;-1,6;;;0,0;0,03;39,3;0;0;0;1,0
06.01.2026 19:55;0,31;26,5;5,51;14,04;0,0;-0,9;;;0,0;0,06;35,4;0;0;0;1,0
06.01.2026 20:00;0,45;26,0;5,58;13,77;0,0;-0,2;;;0,0;0,03;32,6;0;0;0;1,0
06.01.2026 20:05;0,56;26,1;5,71;13,59;0,0;-0,0;;;0,0;0,06;30,7;0;0;0;1,0
06.01.2026 20:10;0,69;26,0;5,77;13,46;0,0;0,2;;;0,0;0,04;29,3;0;0;0;1,0
06.01.2026 20:15;0,78;25,5;5,9;13,31;0,0;0,5;;;0,0;0,03;28,1;0;0;0;1,0
06.01.2026 20:20;0,85;26,1;5,87;13,26;0,0;0,6;;;0,0;0,02;27,5;0;0;0;1,0
06.01.2026 20:25;0,89;25,9;6,01;13,21;0,0;0,8;;;0,0;0,04;27,0;0;0;0;1,0
06.01.2026 20:30;0,98;25,6;5,97;13,15;0,0;0,7;;;0,0;0,02;26,6;0;0;0;1,0
06.01.2026 20:35;1,08;25,6;6,0;13,11;0,0;0,9;;;0,0;0,09;26,3;0;0;0;1,0
06.01.2026 20:40;1,18;25,2;5,97;13,03;0,0;0,8;;;0,0;0,05;26,0;0;0;0;1,0
06.01.2026 20:45;1,27;25,2;6,03;12,98;0,0;1,1;;;0,0;0,06;25,8;0;0;0;1,0
06.01.2026 20:50;1,42;24,8;6,03;12,9;0,0;1,3;;;0,0;0,05;25,5;0;0;0;1,0
06.01.2026 20:55;1,5;24,5;6,07;12,82;0,0;1,5;;;0,0;0,04;25,2;0;0;0;1,0
06.01.2026 21:00;1,63;24,3;6,08;12,74;0,0;1,4;;;0,0;0,06;24,9;0;0;0;1,0
06.01.2026 21:05;1,67;24,8;6,1;12,73;0,0;1,3;;;0,0;0,06;24,9;0;0;0;1,0
06.01.2026 21:10;1,79;24,4;6,06;12,69;0,0;1,6;;;0,0;0,05;24,8;0;0;0;1,0
06.01.2026 21:15;1,9;24,2;6,13;12,64;0,0;1,7;;;0,0;0,04;24,6;0;0;0;1,0
06.01.2026 21:20;2,0;24,1;6,14;12,6;0,0;1,8;;;0,0;0,03;24,5;0;0;0;1,0
06.01.2026 21:25;2,09;23,8;6,17;12,53;0,0;2,2;;;0,0;0,05;24,3;0;0;0;1,0
06.01.2026 21:30;1,88;23,8;5,09;14,39;9,66;-3,1;7,7;4,8;1,22;1,6;47,5;1;0;0;1,0
06.01.2026 21:35;1,62;23,9;4,75;14,8;10,3;-5,2;7,7;3,9;1,17;1,2;55,5;1;0;0;1,0
06.01.2026 21:40;1,36;23,6;4,57;14,85;10,35;-6,3;7,6;4,3;1,27;1,2;58,1;1;0;0;1,0
06.01.2026 21:45;1,11;23,8;4,49;14,71;10,51;-6,7;8,1;4,8;1,16;1,38;58,0;1;0;0;1,0
06.01.2026 21:50;0,86;23,4;4,5;14,84;10,66;-6,8;8,1;5,1;1,16;1,7;59,8;1;0;0;1,0
06.01.2026 21:55;0,61;22,6;4,37;14,55;10,38;-7,6;7,9;4,9;1,21;1,61;58,9;1;0;0;1,0
06.01.2026 22:00;0,37;22,7;4,35;14,7;10,38;-7,8;9,0;4,3;1,25;1,97;60,4;1;0;0;1,0
06.01.2026 22:05;0,15;23,1;4,34;14,91;10,36;-8,2;9,5;4,1;1,18;1,31;60,9;1;0;0;1,0
06.01.2026 22:10;-0,06;22,9;4,25;14,8;10,57;-8,3;8,4;4,8;1,18;1,67;61,0;1;0;0;1,0
06.01.2026 22:15;0,02;22,8;4,7;13,97;0,0;-5,0;;;0,0;0,04;49,5;0;0;0;1,0
06.01.2026 22:20;0,07;22,5;5,06;13,37;0,0;-2,9;;;0,0;0,06;41,4;0;0;0;1,0
06.01.2026 22:25;0,18;22,7;5,32;12,96;0,0;-1,9;;;0,0;0,08;35,8;0;0;0;1,0
06.01.2026 22:30;0,25;22,5;5,48;12,66;0,0;-1,0;;;0,0;0,04;31,8;0;0;0;1,0
06.01.2026 22:35;0,32;22,6;5,62;12,46;0,0;-0,6;;;0,0;0,04;29,1;0;0;0;1,0
06.01.2026 22:40;0,42;21,6;5,69;12,22;0,0;-0,1;;;0,0;0,01;26,8;0;0;0;1,0
06.01.2026 22:45;0,56;22,2;5,74;12,11;0,0;0,1;;;0,0;0,06;25,4;0;0;0;1,0
06.01.2026 22:50;0,62;21,6;5,76;11,98;0,0;0,4;;;0,0;0,05;24,3;0;0;0;1,0
06.01.2026 22:55;0,65;21,6;5,83;11,88;0,0;0,3;;;0,0;0,04;23,5;0;0;0;1,0
06.01.2026 23:00;0,75;21,8;5,86;11,83;0,0;0,6;;;0,0;0,06;23,0;0;0;0;1,0
06.01.2026 23:05;0,8;21,7;5,87;11,79;0,0;0,6;;;0,0;0,02;22,6;0;0;0;1,0
06.01.2026 23:10;0,91;20,8;5,92;11,68;0,0;0,8;;;0,0;0,06;22,1;0;0;0;1,0
06.01.2026 23:15;1,05;21,1;5,99;11,62;0,0;1,0;;;0,0;0,08;21,8;0;0;0;1,0
06.01.2026 23:20;1,15;21,3;6,04;11,61;0,0;0,9;;;0,0;0,01;21,6;0;0;0;1,0
06.01.2026 23:25;1,22;21,5;5,99;11,62;0,0;0,8;;;0,0;0,08;21,6;0;0;0;1,0
06.01.2026 23:30;1,38;20,9;6,05;11,57;0,0;1,3;;;0,0;0,04;21,4;0;0;0;1,0
06.01.2026 23:35;1,46;21,2;6,07;11,56;0,0;1,2;;;0,0;0,05;21,3;0;0;0;1,0
06.01.2026 23:40;1,53;21,2;6,07;11,55;0,0;1,2;;;0,0;0,03;21,3;0;0;0;1,0
06.01.2026 23:45;1,6;20,4;6,07;11,47;0,0;1,3;;;0,0;0,04;21,0;0;0;0;1,0
06.01.2026 23:50;1,69;20,4;6,12;11,41;0,0;1,7;;;0,0;0,05;20,8;0;0;0;1,0
06.01.2026 23:55;1,78;21,3;6,17;11,46;0,0;1,8;;;0,0;0,01;21,0;0;0;0;1,0
07.01.2026 00:00;2,2;24,5;6,16;11,81;0,0;4,9;;;0,0;0,09;22,0;0;1;1;1,0
07.01.2026 00:05;2,46;24,0;6,19;12,0;0,0;6,9;;;0,0;0,01;22,6;0;1;0;1,0
07.01.2026 00:10;2,67;24,6;6,26;12,2;0,0;8,1;;;0,0;0,03;23,2;0;1;0;1,0
07.01.2026 00:15;2,9;23,8;6,26;12,26;0,0;8,9;;;0,0;0,06;23,4;0;1;0;1,0
07.01.2026 00:20;3,14;23,4;6,31;12,25;0,0;9,3;;;0,0;0,06;23,4;0;1;0;1,0
07.01.2026 00:25;2,94;23,6;5,18;14,18;9,89;0,6;8,5;4,3;1,18;1,43;45,7;1;0;0;1,0
07.01.2026 00:30;2,71;23,8;4,87;14,67;10,09;-3,1;8,0;4,7;1,22;1,41;54,0;1;0;0;1,0
07.01.2026 00:35;2,44;23,5;4,74;14,87;10,5;-4,3;8,1;5,0;1,18;1,35;58,0;1;0;0;1,0
07.01.2026 00:40;2,2;23,9;4,73;15,02;10,67;-5,2;8,7;4,7;1,18;1,79;59,3;1;0;0;1,0
07.01.2026 00:45;2,0;23,5;4,57;14,97;10,22;-6,0;9,0;4,4;1,21;1,54;59,7;1;0;0;1,0
07.01.2026 00:50;1,77;23,1;4,56;14,84;10,52;-6,4;8,6;4,2;1,21;1,69;59,6;1;0;0;1,0
07.01.2026 00:55;1,48;23,5;4,52;14,94;10,49;-6,7;8,8;4,4;1,24;1,46;60,0;1;0;0;1,0
07.01.2026 01:00;1,23;23,3;4,56;14,85;10,12;-6,7;8,1;4,9;1,2;1,6;60,2;1;0;0;1,0
07.01.2026 01:05;1,0;22,9;4,54;14,64;10,34;-6,8;9,2;4,3;1,19;1,6;59,7;1;0;0;1,0
07.01.2026 01:10;0,73;23,6;4,48;14,82;10,48;-7,1;8,7;4,4;1,18;1,6;60,8;1;0;0;1,0
07.01.2026 01:15;0,54;23,4;4,44;14,9;10,54;-7,5;8,8;4,3;1,19;1,46;59,7;1;0;0;1,0
07.01.2026 01:20;0,34;23,3;4,32;14,84;10,46;-7,7;8,8;4,2;1,25;1,3;59,9;1;0;0;1,0
07.01.2026 01:25;0,14;22,7;4,36;14,67;10,79;-7,8;9,2;4,0;1,2;1,42;60,4;1;0;0;1,0
07.01.2026 01:30;-0,13;22,9;4,27;14,71;10,48;-8,5;9,0;4,1;1,16;1,29;60,3;1;0;0;1,0
07.01.2026 01:35;-0,05;23,3;4,65;13,95;0,0;-5,2;;;0,0;0,07;49,2;0;0;0;1,0
07.01.2026 01:40;0,08;23,1;5,03;13,41;0,0;-3,1;;;0,0;0,03;41,4;0;0;0;1,0
07.01.2026 01:45;0,17;22,2;5,3;12,95;0,0;-1,6;;;0,0;0,05;35,6;0;0;0;1,0
07.01.2026 01:50;0,26;22,9;5,45;12,69;0,0;-0,9;;;0,0;0,06;31,8;0;0;0;1,0
07.01.2026 01:55;0,3;23,2;5,61;12,54;0,0;-0,6;;;0,0;0,02;29,2;0;0;0;1,0
07.01.2026 02:00;0,44;23,0;5,71;12,41;0,0;-0,3;;;0,0;0,06;27,4;0;0;0;1,0
07.01.2026 02:05;0,47;22,5;5,78;12,28;0,0;-0,0;;;0,0;0,06;25,9;0;0;0;1,0
07.01.2026 02:10;0,58;22,4;5,9;12,17;0,0;0,3;;;0,0;0,07;24,9;0;0;0;1,0
07.01.2026 02:15;0,66;22,8;5,91;12,14;0,0;0,4;;;0,0;0,04;24,3;0;0;0;1,0
07.01.2026 02:20;0,72;22,6;5,91;12,1;0,0;0,4;;;0,0;0,05;23,8;0;0;0;1,0
07.01.2026 02:25;0,87;22,4;5,92;12,05;0,0;0,7;;;0,0;0,04;23,4;0;0;0;1,0
07.01.2026 02:30;0,99;22,4;5,98;12,01;0,0;0,9;;;0,0;0,02;23,1;0;0;0;1,0
07.01.2026 02:35;1,12;22,8;5,95;12,02;0,0;1,0;;;0,0;0,06;23,0;0;0;0;1,0
07.01.2026 02:40;1,22;22,2;6,02;11,97;0,0;1,1;;;0,0;0,07;22,8;0;0;0;1,0
07.01.2026 02:45;1,31;23,2;5,96;12,04;0,0;1,0;;;0,0;0,05;22,9;0;0;0;1,0
07.01.2026 02:50;1,45;22,0;6,06;11,96;0,0;1,4;;;0,0;0,07;22,6;0;0;0;1,0
07.01.2026 02:55;1,56;22,5;6,09;11,96;0,0;1,3;;;0,0;0,05;22,6;0;0;0;1,0
07.01.2026 03:00;1,66;23,1;6,1;12,02;0,0;1,6;;;0,0;0,05;22,7;0;0;0;1,0
07.01.2026 03:05;1,8;22,6;6,15;12,01;0,0;1,8;;;0,0;0,04;22,7;0;0;0;1,0
07.01.2026 03:10;1,91;22,7;6,16;12,01;0,0;1,7;;;0,0;0,05;22,7;0;0;0;1,0
07.01.2026 03:15;2,03;22,6;6,15;12,0;0,0;1,9;;;0,0;0,08;22,7;0;0;0;1,0
07.01.2026 03:20;1,84;22,6;5,07;13,68;9,91;-2,8;8,0;3,0;1,25;1,55;44,7;1;0;0;1,0
07.01.2026 03:25;1,66;22,7;4,75;14,42;10,0;-4,9;8,5;4,2;1,26;1,69;54,1;1;0;0;1,0
07.01.2026 03:30;1,44;22,4;4,59;14,52;10,22;-6,1;8,8;3,4;1,16;1,26;58,7;1;0;0;1,0
07.01.2026 03:35;1,19;22,5;4,58;14,34;10,46;-6,3;9,0;4,1;1,23;1,52;58,3;1;0;0;1,0
07.01.2026 03:40;0,96;22,8;4,52;14,48;10,23;-7,0;8,9;4,5;1,17;1,47;58,9;1;0;0;1,0
07.01.2026 03:45;0,72;22,6;4,4;14,59;10,4;-7,3;8,6;4,1;1,21;1,37;59,2;1;0;0;1,0
07.01.2026 03:50;0,51;23,0;4,34;14,66;10,3;-7,7;9,6;4,1;1,18;1,48;59,5;1;0;0;1,0
07.01.2026 03:55;0,3;22,8;4,37;14,6;10,34;-7,9;9,4;5,1;1,18;1,6;59,7;1;0;0;1,0
07.01.2026 04:00;0,1;22,3;4,32;14,38;10,18;-8,3;8,6;4,9;1,21;1,37;59,8;1;0;0;1,0
07.01.2026 04:05;-0,12;22,8;4,23;14,6;10,44;-8,8;9,2;4,4;1,22;1,63;59,7;1;0;0;1,0
07.01.2026 04:10;-0,05;22,8;4,66;13,84;0,0;-5,3;;;0,0;0,06;48,7;0;0;0;1,0
07.01.2026 04:15;0,03;22,3;5,02;13,25;0,0;-3,2;;;0,0;0,08;40,7;0;0;0;1,0
07.01.2026 04:20;0,18;22,3;5,32;12,85;0,0;-1,9;;;0,0;0,08;35,2;0;0;0;1,0
07.01.2026 04:25;0,25;22,9;5,47;12,62;0,0;-1,0;;;0,0;0,04;31,5;0;0;0;1,0
07.01.2026 04:30;0,31;22,9;5,57;12,46;0,0;-0,4;;;0,0;0,02;28,9;0;0;0;1,0
07.01.2026 04:35;0,34;23,0;5,68;12,35;0,0;-0,2;;;0,0;0,02;27,1;0;0;0;1,0
07.01.2026 04:40;0,39;23,2;5,71;12,3;0,0;0,2;;;0,0;0,03;26,0;0;0;0;1,0
07.01.2026 04:45;0,49;23,2;5,79;12,27;0,0;0,3;;;0,0;0,06;25,1;0;0;0;1,0
07.01.2026 04:50;0,62;23,1;5,83;12,23;0,0;0,1;;;0,0;0,02;24,5;0;0;0;1,0
07.01.2026 04:55;0,67;23,3;5,88;12,23;0,0;0,7;;;0,0;0,04;24,2;0;0;0;1,0
07.01.2026 05:00;0,76;23,3;5,86;12,23;0,0;0,6;;;0,0;0,04;23,9;0;0;0;1,0
07.01.2026 05:05;0,85;23,1;5,9;12,2;0,0;0,7;;;0,0;0,06;23,7;0;0;0;1,0
07.01.2026 05:10;0,93;23,8;5,95;12,26;0,0;0,7;;;0,0;0,06;23,7;0;0;0;1,0
07.01.2026 05:15;1,02;23,6;5,93;12,28;0,0;0,9;;;0,0;0,06;23,7;0;0;0;1,0
07.01.2026 05:20;1,12;23,4;6,07;12,27;0,0;1,0;;;0,0;0,04;23,6;0;0;0;1,0
07.01.2026 05:25;1,18;23,3;6,01;12,25;0,0;1,1;;;0,0;0,07;23,5;0;0;0;1,0
07.01.2026 05:30;1,25;23,8;6,02;12,29;0,0;1,0;;;0,0;0,06;23,6;0;0;0;1,0
07.01.2026 05:35;1,35;23,8;6,02;12,32;0,0;1,2;;;0,0;0,06;23,7;0;0;0;1,0
07.01.2026 05:40;1,43;23,6;6,03;12,32;0,0;1,4;;;0,0;0,06;23,6;0;0;0;1,0
07.01.2026 05:45;1,5;24,0;6,07;12,36;0,0;1,4;;;0,0;0,05;23,7;0;0;0;1,0
07.01.2026 05:50;1,59;24,0;6,11;12,38;0,0;1,5;;;0,0;0,04;23,8;0;0;0;1,0
07.01.2026 05:55;1,67;24,2;6,06;12,42;0,0;1,5;;;0,0;0,06;23,9;0;0;0;1,0
07.01.2026 06:00;1,95;24,1;6,06;12,44;0,0;4,9;;;0,0;0,06;24,0;0;1;0;1,0
07.01.2026 06:05;2,19;23,9;6,15;12,43;0,0;7,0;;;0,0;0,06;23,9;0;1;0;1,0
07.01.2026 06:10;2,39;24,7;6,19;12,51;0,0;8,3;;;0,0;0,06;24,2;0;1;0;1,0
07.01.2026 06:15;2,61;24,1;6,24;12,5;0,0;8,9;;;0,0;0,04;24,2;0;1;0;1,0
07.01.2026 06:20;2,84;24,8;6,3;12,56;0,0;9,3;;;0,0;0,03;24,3;0;1;0;1,0
07.01.2026 06:25;2,59;24,5;5,15;14,58;9,96;0,3;8,3;4,0;1,19;1,44;47,8;1;0;0;1,0
07.01.2026 06:30;2,4;25,1;4,77;15,15;9,94;-3,6;9,3;5,1;1,18;1,61;56,2;1;0;0;1,0
07.01.2026 06:35;2,17;24,6;4,7;15,17;10,38;-5,3;9,3;4,4;1,21;1,45;59,7;1;0;0;1,0
07.01.2026 06:40;1,99;25,0;4,66;15,55;10,55;-5,6;9,0;4,3;1,21;1,38;61,0;1;0;0;1,0
07.01.2026 06:45;1,83;25,6;4,55;15,56;10,64;-6,5;9,4;4,7;1,2;1,24;63,2;1;0;0;1,0
07.01.2026 06:50;1,59;25,4;4,52;15,76;10,8;-6,7;9,0;4,3;1,23;1,62;63,0;1;0;0;1,0
07.01.2026 06:55;1,34;24,6;4,49;15,38;10,63;-7,1;8,6;4,6;1,22;1,48;62,2;1;0;0;1,0
07.01.2026 07:00;1,1;25,0;4,5;15,53;10,73;-7,0;9,0;3,8;1,18;1,48;62,2;1;0;0;1,0
07.01.2026 07:05;0,86;25,4;4,4;15,66;10,45;-7,5;9,6;4,2;1,21;1,54;62,1;1;0;0;1,0
07.01.2026 07:10;0,66;25,4;4,39;15,76;10,85;-7,8;8,6;4,0;1,19;1,45;64,0;1;0;0;1,0
07.01.2026 07:15;0,45;25,6;4,4;15,71;10,65;-7,6;8,9;4,3;1,21;1,86;63,2;1;0;0;1,0
07.01.2026 07:20;0,27;25,3;4,33;15,43;10,46;-7,9;8,9;4,3;1,23;1,41;62,0;1;0;0;1,0
07.01.2026 07:25;0,02;26,1;4,25;15,66;11,0;-8,4;9,0;4,2;1,24;1,52;62,8;1;0;0;1,0
07.01.2026 07:30;-0,19;26,5;4,24;15,91;10,67;-8,8;8,7;4,4;1,2;1,56;64,5;1;0;0;1,0
07.01.2026 07:35;-0,1;26,5;4,68;15,13;0,0;-5,3;;;0,0;0,03;53,1;0;0;0;1,0
07.01.2026 07:40;0,04;26,0;5,09;14,53;0,0;-3,3;;;0,0;0,06;45,0;0;0;0;1,0
07.01.2026 07:45;0,1;26,8;5,25;14,2;0,0;-1,9;;;0,0;0,09;39,6;0;0;0;1,0
07.01.2026 07:50;0,16;26,9;5,52;13,98;0,0;-0,9;;;0,0;0,07;35,8;0;0;0;1,0
07.01.2026 07:55;0,25;26,8;5,61;13,8;0,0;-0,5;;;0,0;0,06;33,1;0;0;0;1,0
07.01.2026 08:00;0,39;27,2;5,69;13,73;0,0;-0,2;;;0,0;0,05;31,3;0;0;0;1,0
07.01.2026 08:05;0,55;26,9;5,73;13,65;0,0;0,0;;;0,0;0,05;30,0;0;0;0;1,0
07.01.2026 08:10;0,68;27,2;5,86;13,62;0,0;0,3;;;0,0;0,06;29,2;0;0;0;1,0
07.01.2026 08:15;0,78;27,4;5,83;13,62;0,0;0,4;;;0,0;0,07;28,6;0;0;0;1,0
07.01.2026 08:20;0,89;27,4;5,92;13,62;0,0;0,7;;;0,0;0,04;28,3;0;0;0;1,0
07.01.2026 08:25;1,0;28,1;5,9;13,7;0,0;0,8;;;0,0;0,06;28,2;0;0;0;1,0
07.01.2026 08:30;1,09;27,4;5,98;13,67;0,0;1,1;;;0,0;0,05;28,0;0;0;0;1,0
07.01.2026 08:35;1,19;27,6;6,05;13,68;0,0;1,1;;;0,0;0,04;27,9;0;0;0;1,0
07.01.2026 08:40;1,27;27,9;5,99;13,71;0,0;1,2;;;0,0;0,03;27,9;0;0;0;1,0
07.01.2026 08:45;1,35;27,9;6,04;13,74;0,0;1,2;;;0,0;0,06;27,9;0;0;0;1,0
07.01.2026 08:50;1,45;27,8;6,12;13,75;0,0;1,4;;;0,0;0,03;27,9;0;0;0;1,0
07.01.2026 08:55;1,71;28,3;6,07;13,81;0,0;1,6;;;0,0;0,05;28,0;0;0;1;1,0
07.01.2026 09:00;1,85;28,7;6,11;13,89;0,0;1,6;;;0,0;0,05;28,2;0;0;0;1,0
07.01.2026 09:05;2,13;28,4;6,13;13,93;0,0;2,0;;;0,0;0,07;28,3;0;0;1;1,0
07.01.2026 09:10;1,9;28,4;4,99;16,08;10,37;-3,6;9,5;4,4;1,23;1,6;51,0;1;0;0;1,0
07.01.2026 09:15;1,75;28,8;4,65;16,73;11,02;-5,4;10,0;4,8;1,22;1,68;60,1;1;0;0;1,0
07.01.2026 09:20;1,58;28,7;4,63;17,12;11,09;-6,3;9,6;4,6;1,16;1,41;64,6;1;0;0;1,0
07.01.2026 09:25;1,38;29,5;4,55;17,32;11,35;-6,3;10,0;4,1;1,19;1,5;66,9;1;0;0;1,0
07.01.2026 09:30;1,17;29,4;4,42;17,32;11,02;-7,1;8,6;4,0;1,21;1,63;67,4;1;0;0;1,0
07.01.2026 09:35;0,99;28,9;4,5;17,11;10,95;-7,3;9,2;4,0;1,23;1,6;66,3;1;0;0;1,0
07.01.2026 09:40;0,8;29,3;4,38;17,22;11,02;-7,7;8,9;4,0;1,25;1,87;67,0;1;0;0;1,0
07.01.2026 09:45;0,62;29,7;4,37;17,42;11,44;-7,9;8,7;3,9;1,16;1,73;67,4;1;0;0;1,0
07.01.2026 09:50;0,44;29,8;4,34;17,48;11,47;-8,1;9,6;3,8;1,23;1,57;67,3;1;0;0;1,0
07.01.2026 09:55;0,42;29,8;4,23;17,44;11,47;-8,4;9,9;4,6;1,18;1,61;67,6;1;0;1;1,0
07.01.2026 10:00;0,19;30,3;4,31;17,86;11,35;-8,3;9,3;3,9;1,18;1,56;69,0;1;0;0;1,0
07.01.2026 10:05;0,26;30,0;4,32;17,52;11,0;-8,1;9,1;4,2;1,18;1,52;67,5;1;0;1;1,0
07.01.2026 10:10;0,11;30,1;4,21;17,61;11,25;-8,4;9,2;4,6;1,22;1,59;68,5;1;0;0;1,0
07.01.2026 10:15;-0,09;30,4;4,3;17,83;11,72;-8,6;9,2;4,3;1,21;1,48;67,9;1;0;0;1,0
07.01.2026 10:20;0,03;30,1;4,73;16,86;0,0;-5,1;;;0,0;0,07;56,6;0;0;0;1,0
07.01.2026 10:25;0,11;31,1;5,1;16,31;0,0;-2,9;;;0,0;0,04;49,0;0;0;0;1,0
07.01.2026 10:30;0,44;31,2;5,3;15,93;0,0;-1,6;;;0,0;0,04;43,6;0;0;1;1,0
07.01.2026 10:35;0,54;30,5;5,52;15,58;0,0;-0,7;;;0,0;0,04;39,7;0;0;0;1,0
07.01.2026 10:40;0,7;30,8;5,62;15,37;0,0;-0,3;;;0,0;0,05;37,0;0;0;0;1,0
07.01.2026 10:45;0,84;31,1;5,8;15,25;0,0;0,4;;;0,0;0,08;35,2;0;0;0;1,0
07.01.2026 10:50;0,97;31,3;5,88;15,21;0,0;0,6;;;0,0;0,07;34,1;0;0;0;1,0
07.01.2026 10:55;1,11;30,9;5,83;15,12;0,0;0,7;;;0,0;0,09;33,1;0;0;0;1,0
07.01.2026 11:00;1,27;31,7;5,98;15,15;0,0;0,7;;;0,0;0,03;32,7;0;0;0;1,0
07.01.2026 11:05;1,36;31,8;6,01;15,19;0,0;1,2;;;0,0;0,03;32,4;0;0;0;1,0
07.01.2026 11:10;1,45;31,7;5,97;15,2;0,0;1,4;;;0,0;0,03;32,2;0;0;0;1,0
07.01.2026 11:15;1,52;31,4;6,03;15,18;0,0;1,4;;;0,0;0,07;32,0;0;0;0;1,0
07.01.2026 11:20;1,63;31,4;6,1;15,16;0,0;1,5;;;0,0;0,04;31,8;0;0;0;1,0
07.01.2026 11:25;1,74;31,8;6,12;15,19;0,0;1,5;;;0,0;0,02;31,8;0;0;0;1,0
07.01.2026 11:30;1,84;31,9;6,11;15,23;0,0;1,6;;;0,0;0,05;31,8;0;0;0;1,0
07.01.2026 11:35;1,93;32,3;6,13;15,3;0,0;1,6;;;0,0;0,04;32,0;0;0;0;1,0
07.01.2026 11:40;2,26;32,8;6,19;15,41;0,0;2,0;;;0,0;0,07;32,2;0;0;1;1,0
07.01.2026 11:45;2,1;32,4;5,04;17,75;11,17;-3,4;9,8;4,3;1,18;1,36;54,9;1;0;0;1,0
07.01.2026 11:50;1,89;32,7;4,65;18,58;12,03;-5,4;10,3;4,5;1,18;1,57;64,4;1;0;0;1,0
07.01.2026 11:55;1,94;32,8;4,5;18,69;11,47;-6,5;8,3;4,0;1,23;1,71;68,4;1;0;1;1,0
07.01.2026 12:00;2,16;33,0;5,05;17,8;0,0;0,2;;;0,0;0,05;57,8;0;1;0;1,0
07.01.2026 12:05;2,42;32,7;5,43;17,15;0,0;4,1;;;0,0;0,04;50,3;0;1;0;1,0
07.01.2026 12:10;2,88;32,8;5,71;16,71;0,0;6,7;;;0,0;0,05;45,0;0;1;1;1,0
07.01.2026 12:15;3,11;32,7;5,93;16,38;0,0;8,0;;;0,0;0,07;41,3;0;1;0;1,0
07.01.2026 12:20;3,26;33,1;6,06;16,2;0,0;8,7;;;0,0;0,05;38,9;0;1;0;1,0
07.01.2026 12:25;3,08;33,6;5,17;18,11;11,06;0,1;9,4;4,0;1,22;1,3;58,5;1;0;0;1,0
07.01.2026 12:30;3,16;33,3;4,94;18,62;11,42;-2,8;9,5;3,6;1,2;1,51;66,5;1;0;1;1,0
07.01.2026 12:35;3,2;33,1;4,72;18,79;11,64;-4,7;8,2;4,1;1,19;1,44;68,5;1;0;1;1,0
07.01.2026 12:40;3,04;33,5;4,72;18,95;11,91;-5,4;9,7;3,8;1,26;1,56;70,1;1;0;0;1,0
07.01.2026 12:45;2,83;33,9;4,73;19,05;11,85;-5,8;9,3;4,2;1,19;1,38;71,0;1;0;0;1,0
07.01.2026 12:50;2,68;33,1;4,66;18,92;11,64;-5,9;9,0;3,9;1,18;1,47;71,2;1;0;0;1,0
07.01.2026 12:55;2,5;33,8;4,6;19,13;12,0;-5,9;9,3;4,3;1,19;1,23;72,1;1;0;0;1,0
07.01.2026 13:00;2,35;33,6;4,51;19,23;12,15;-6,9;9,9;4,4;1,17;1,64;73,2;1;0;0;1,0
07.01.2026 13:05;2,16;34,0;4,47;19,29;11,93;-7,1;9,6;3,8;1,23;1,65;72,8;1;0;0;1,0
07.01.2026 13:10;1,96;33,1;4,57;19,07;11,4;-6,9;9,5;4,1;1,16;1,32;71,7;1;0;0;1,0
07.01.2026 13:15;1,77;34,2;4,48;19,2;11,44;-7,1;9,3;3,9;1,23;1,6;72,2;1;0;0;1,0
07.01.2026 13:20;1,55;33,8;4,41;19,19;12,08;-7,0;8,9;3,2;1,17;1,46;71,7;1;0;0;1,0
07.01.2026 13:25;1,31;34,3;4,41;19,28;11,86;-7,2;8,4;4,1;1,15;1,55;72,0;1;0;0;1,0
07.01.2026 13:30;1,12;33,8;4,41;19,13;11,73;-7,7;9,1;4,6;1,23;1,62;71,5;1;0;0;1,0
07.01.2026 13:35;1,0;34,3;4,34;19,37;12,58;-7,6;9,3;3,8;1,23;1,29;72,3;1;0;0;1,0
07.01.2026 13:40;0,86;34,0;4,39;19,52;11,88;-7,5;9,4;3,9;1,21;1,62;72,1;1;0;0;1,0
07.01.2026 13:45;0,69;33,9;4,4;19,55;12,05;-7,5;10,3;3,4;1,27;1,56;72,2;1;0;0;1,0
07.01.2026 13:50;0,54;34,1;4,38;19,36;11,93;-8,1;9,6;3,7;1,22;1,51;72,1;1;0;0;1,0
07.01.2026 13:55;0,41;33,9;4,35;19,36;11,35;-8,3;10,2;3,9;1,14;1,35;71,8;1;0;0;1,0
07.01.2026 14:00;0,25;34,5;4,32;19,43;11,59;-8,1;10,1;4,2;1,23;1,76;72,1;1;0;0;1,0
07.01.2026 14:05;0,09;34,2;4,24;19,31;12,13;-8,2;9,4;4,4;1,25;1,41;71,5;1;0;0;1,0
07.01.2026 14:10;-0,07;34,2;4,25;19,35;12,23;-8,4;9,0;4,1;1,14;1,3;72,6;1;0;0;1,0
07.01.2026 14:15;0,05;34,3;4,76;18,43;0,0;-5,1;;;0,0;0,04;61,1;0;0;0;1,0
07.01.2026 14:20;0,16;34,3;5,1;17,78;0,0;-2,9;;;0,0;0,07;53,1;0;0;0;1,0
07.01.2026 14:25;0,28;34,5;5,37;17,35;0,0;-1,8;;;0,0;0,04;47,5;0;0;0;1,0
07.01.2026 14:30;0,62;34,3;5,54;17,02;0,0;-0,6;;;0,0;0,04;43,5;0;0;1;1,0
07.01.2026 14:35;0,67;34,5;5,63;16,81;0,0;-0,1;;;0,0;0,01;40,8;0;0;0;1,0
07.01.2026 14:40;0,73;34,6;5,75;16,68;0,0;0,2;;;0,0;0,07;38,9;0;0;0;1,0
07.01.2026 14:45;0,85;34,3;5,79;16,56;0,0;0,4;;;0,0;0,06;37,5;0;0;0;1,0
07.01.2026 14:50;0,96;34,5;5,91;16,49;0,0;0,7;;;0,0;0,0;36,6;0;0;0;1,0
07.01.2026 14:55;1,25;34,5;5,94;16,44;0,0;0,8;;;0,0;0,02;36,0;0;0;1;1,0
07.01.2026 15:00;1,32;34,6;5,99;16,42;0,0;1,0;;;0,0;0,07;35,5;0;0;0;1,0
07.01.2026 15:05;1,43;34,5;6,0;16,4;0,0;1,2;;;0,0;0,09;35,2;0;0;0;1,0
07.01.2026 15:10;1,54;34,5;6,05;16,38;0,0;1,2;;;0,0;0,05;35,0;0;0;0;1,0
07.01.2026 15:15;1,61;34,8;6,05;16,41;0,0;1,2;;;0,0;0,06;34,9;0;0;0;1,0
07.01.2026 15:20;1,74;34,5;6,1;16,39;0,0;1,5;;;0,0;0,05;34,8;0;0;0;1,0
07.01.2026 15:25;1,84;34,0;6,09;16,31;0,0;1,6;;;0,0;0,02;34,6;0;0;0;1,0
07.01.2026 15:30;2,19;34,4;6,2;16,32;0,0;1,7;;;0,0;0,06;34,5;0;0;1;1,0
07.01.2026 15:35;2,07;34,5;5,02;18,69;11,52;-3,3;9,7;3,6;1,18;1,48;58,0;1;0;0;1,0
07.01.2026 15:40;1,87;34,7;4,6;19,18;11,51;-5,2;9,8;3,8;1,22;1,33;66,5;1;0;0;1,0
07.01.2026 15:45;1,73;33,8;4,46;19,27;11,97;-6,7;9,8;3,8;1,18;1,4;70,2;1;0;0;1,0
07.01.2026 15:50;1,6;33,8;4,42;19,35;11,66;-6,7;9,5;3,8;1,2;1,64;71,6;1;0;0;1,0
07.01.2026 15:55;1,62;34,4;4,43;19,44;12,21;-7,1;9,8;4,3;1,13;1,26;73,1;1;0;1;1,0
07.01.2026 16:00;1,46;34,2;4,49;19,32;12,16;-7,2;9,8;3,5;1,21;1,42;72,0;1;0;0;1,0
07.01.2026 16:05;1,36;34,9;4,44;19,51;11,8;-7,6;9,3;4,2;1,22;1,54;72,9;1;0;0;1,0
07.01.2026 16:10;1,17;34,1;4,44;19,39;12,16;-7,9;9,9;4,4;1,27;1,48;73,3;1;0;0;1,0
07.01.2026 16:15;1,06;34,1;4,39;19,41;11,83;-7,9;10,2;3,8;1,11;1,58;72,9;1;0;0;1,0
07.01.2026 16:20;0,91;34,2;4,32;19,39;11,86;-8,4;9,7;4,4;1,16;1,46;73,7;1;0;0;1,0
07.01.2026 16:25;0,7;34,0;4,34;19,61;11,98;-8,4;10,1;3,6;1,17;1,93;73,8;1;0;0;1,0
07.01.2026 16:30;0,51;34,2;4,29;19,4;11,81;-8,5;10,7;3,8;1,23;1,4;72,5;1;0;0;1,0
07.01.2026 16:35;0,35;34,0;4,31;19,48;11,8;-8,3;9,1;3,5;1,19;1,52;72,8;1;0;0;1,0
07.01.2026 16:40;0,13;33,5;4,26;19,33;12,06;-8,5;10,0;3,8;1,19;1,3;72,4;1;0;0;1,0
07.01.2026 16:45;-0,03;34,1;4,24;19,48;12,25;-8,6;9,7;3,8;1,2;1,32;72,6;1;0;0;1,0
07.01.2026 16:50;0,1;34,4;4,69;18,52;0,0;-5,3;;;0,0;0,06;61,1;0;0;0;1,0
07.01.2026 16:55;0,23;33,9;5,07;17,8;0,0;-3,0;;;0,0;0,08;53,0;0;0;0;1,0
07.01.2026 17:00;0,34;33,6;5,31;17,25;0,0;-1,9;;;0,0;0,05;47,2;0;0;0;1,0
07.01.2026 17:05;0,42;33,5;5,49;16,86;0,0;-0,8;;;0,0;0,06;43,1;0;0;0;1,0
07.01.2026 17:10;0,48;33,4;5,63;16,57;0,0;-0,3;;;0,0;0,05;40,2;0;0;0;1,0
07.01.2026 17:15;0,58;33,4;5,72;16,38;0,0;0,2;;;0,0;0,05;38,1;0;0;0;1,0
07.01.2026 17:20;0,69;33,6;5,83;16,26;0,0;0,4;;;0,0;0,01;36,8;0;0;0;1,0
07.01.2026 17:25;0,81;33,0;5,85;16,11;0,0;0,6;;;0,0;0,04;35,7;0;0;0;1,0
07.01.2026 17:30;0,86;33,5;5,87;16,06;0,0;0,9;;;0,0;0,04;35,0;0;0;0;1,0
07.01.2026 17:35;0,95;33,0;5,97;15,96;0,0;1,0;;;0,0;0,05;34,4;0;0;0;1,0
07.01.2026 17:40;1,01;33,1;5,93;15,91;0,0;0,9;;;0,0;0,04;34,0;0;0;0;1,0
07.01.2026 17:45;1,3;32,3;5,94;15,78;0,0;1,0;;;0,0;0,04;33,5;0;0;1;1,0
07.01.2026 17:50;1,41;33,2;6,05;15,79;0,0;1,0;;;0,0;0,08;33,4;0;0;0;1,0
07.01.2026 17:55;1,53;32,7;6,03;15,74;0,0;1,3;;;0,0;0,02;33,2;0;0;0;1,0
07.01.2026 18:00;1,82;32,4;6,12;15,66;0,0;4,7;;;0,0;0,08;32,9;0;1;0;1,0
07.01.2026 18:05;2,06;33,0;6,14;15,68;0,0;6,8;;;0,0;0,07;33,0;0;1;0;1,0
07.01.2026 18:10;2,49;32,8;6,17;15,67;0,0;8,0;;;0,0;0,06;32,9;0;1;1;1,0
07.01.2026 18:15;2,79;32,5;6,3;15,63;0,0;9,0;;;0,0;0,03;32,8;0;1;0;1,0
07.01.2026 18:20;3,08;32,7;6,3;15,63;0,0;9,3;;;0,0;0,03;32,8;0;1;0;1,0
07.01.2026 18:25;2,94;32,4;5,14;17,59;10,93;0,1;10,0;4,4;1,17;1,13;55,6;1;0;0;1,0
07.01.2026 18:30;2,75;31,8;4,76;18,17;11,38;-3,8;9,7;3,5;1,22;1,37;65,0;1;0;0;1,0
07.01.2026 18:35;2,58;31,5;4,63;18,14;10,97;-5,4;9,8;3,9;1,2;1,7;68,2;1;0;0;1,0
07.01.2026 18:40;2,61;32,3;4,52;18,24;11,62;-6,2;9,8;4,0;1,18;1,35;70,0;1;0;1;1,0
07.01.2026 18:45;2,43;32,0;4,51;18,29;11,19;-6,5;9,7;3,3;1,18;1,54;70,6;1;0;0;1,0
07.01.2026 18:50;2,22;31,7;4,52;18,34;11,64;-6,8;10,0;4,7;1,19;1,4;69,7;1;0;0;1,0
07.01.2026 18:55;2,12;32,7;4,5;18,4;11,51;-7,0;9,2;3,8;1,16;1,6;70,9;1;0;0;1,0
07.01.2026 19:00;1,98;31,1;4,45;17,91;11,02;-7,3;9,2;3,6;1,23;1,59;69,3;1;0;0;1,0
07.01.2026 19:05;1,78;31,4;4,5;18,08;11,09;-7,1;11,1;2,8;1,22;1,53;69,8;1;0;0;1,0
07.01.2026 19:10;1,65;31,1;4,52;18,08;11,76;-7,1;9,2;4,1;1,25;1,69;70,5;1;0;0;1,0
07.01.2026 19:15;1,5;31,7;4,45;18,13;11,54;-7,2;10,3;3,8;1,19;1,27;70,1;1;0;0;1,0
07.01.2026 19:20;1,36;31,5;4,48;18,08;11,29;-7,2;10,7;3,7;1,23;1,54;69,7;1;0;0;1,0
07.01.2026 19:25;1,24;31,1;4,39;18,09;11,37;-7,5;9,8;3,2;1,1;1,41;69,5;1;0;0;1,0
07.01.2026 19:30;1,04;30,8;4,34;18,05;11,73;-7,8;9,7;3,2;1,22;1,49;69,6;1;0;0;1,0
07.01.2026 19:35;0,87;30,9;4,3;17,97;11,19;-8,1;9,8;4,2;1,18;1,53;69,4;1;0;0;1,0
07.01.2026 19:40;0,64;30,6;4,3;17,78;11,43;-8,3;9,2;4,0;1,18;1,33;68,7;1;0;0;1,0
07.01.2026 19:45;0,54;30,3;4,26;17,66;11,52;-8,4;9,4;4,1;1,17;1,81;68,7;1;0;0;1,0
07.01.2026 19:50;0,29;30,2;4,25;17,28;11,09;-8,7;10,8;3,5;1,27;1,35;68,2;1;0;0;1,0
07.01.2026 19:55;0,17;30,3;4,1;17,46;11,15;-9,0;10,5;4,3;1,2;1,78;68,8;1;0;0;1,0
07.01.2026 20:00;0,0;29,8;4,09;17,46;11,0;-9,5;9,7;4,1;1,17;1,54;69,1;1;0;0;1,0
07.01.2026 20:05;-0,19;30,1;4,17;17,61;11,6;-9,1;10,6;3,3;1,23;1,41;69,0;1;0;0;1,0
07.01.2026 20:10;-0,05;29,9;4,64;16,69;0,0;-5,5;;;0,0;0,07;57,3;0;0;0;1,0
07.01.2026 20:15;0,09;29,1;5,02;15,96;0,0;-3,3;;;0,0;0,08;48,8;0;0;0;1,0
07.01.2026 20:20;0,2;29,8;5,29;15,52;0,0;-2,0;;;0,0;0,06;43,1;0;0;0;1,0
07.01.2026 20:25;0,3;29,4;5,43;15,17;0,0;-1,0;;;0,0;0,06;39,0;0;0;0;1,0
07.01.2026 20:30;0,42;29,0;5,57;14,89;0,0;-0,3;;;0,0;0,07;36,0;0;0;0;1,0
07.01.2026 20:35;0,55;29,0;5,67;14,68;0,0;-0,1;;;0,0;0,07;33,9;0;0;0;1,0
07.01.2026 20:40;0,62;29,0;5,8;14,54;0,0;0,2;;;0,0;0,07;32,4;0;0;0;1,0
07.01.2026 20:45;0,7;28,4;5,86;14,37;0,0;0,3;;;0,0;0,06;31,2;0;0;0;1,0
07.01.2026 20:50;0,81;29,0;5,82;14,32;0,0;0,7;;;0,0;0,0;30,6;0;0;0;1,0
07.01.2026 20:55;0,9;28,8;5,91;14,27;0,0;0,9;;;0,0;0,09;30,0;0;0;0;1,0
07.01.2026 21:00;1,01;28,7;5,96;14,22;0,0;0,9;;;0,0;0,07;29,6;0;0;0;1,0
07.01.2026 21:05;1,13;28,7;5,99;14,18;0,0;1,1;;;0,0;0,06;29,4;0;0;0;1,0
07.01.2026 21:10;1,24;28,4;6,01;14,12;0,0;0,9;;;0,0;0,04;29,1;0;0;0;1,0
07.01.2026 21:15;1,34;28,1;6,04;14,05;0,0;1,1;;;0,0;0,09;28,8;0;0;0;1,0
07.01.2026 21:20;1,42;27,5;6,03;13,93;0,0;1,3;;;0,0;0,04;28,4;0;0;0;1,0
07.01.2026 21:25;1,5;28,0;6,0;13,9;0,0;1,1;;;0,0;0,1;28,3;0;0;0;1,0
07.01.2026 21:30;1,58;27,4;6,1;13,81;0,0;1,5;;;0,0;0,09;28,0;0;0;0;1,0
07.01.2026 21:35;1,67;27,6;6,06;13,78;0,0;1,6;;;0,0;0,06;27,9;0;0;0;1,0
07.01.2026 21:40;1,74;27,9;6,1;13,79;0,0;1,7;;;0,0;0,06;27,9;0;0;0;1,0
07.01.2026 21:45;1,8;27,6;6,15;13,76;0,0;1,8;;;0,0;0,08;27,8;0;0;0;1,0
07.01.2026 21:50;1,9;27,2;6,12;13,69;0,0;1,8;;;0,0;0,06;27,6;0;0;0;1,0
07.01.2026 21:55;1,97;27,1;6,19;13,64;0,0;1,9;;;0,0;0,06;27,5;0;0;0;1,0
07.01.2026 22:00;2,11;27,1;6,19;13,61;0,0;2,1;;;0,0;0,04;27,4;0;0;0;1,0
07.01.2026 22:05;1,94;27,0;4,96;15,44;10,36;-3,4;10,2;3,1;1,2;1,42;50,3;1;0;0;1,0
07.01.2026 22:10;1,77;26,4;4,62;15,61;10,55;-5,6;10,0;3,5;1,22;1,72;59,0;1;0;0;1,0
07.01.2026 22:15;1,57;26,9;4,41;15,94;10,53;-7,0;10,5;4,1;1,25;1,8;62,5;1;0;0;1,0
07.01.2026 22:20;1,35;26,4;4,42;15,93;10,27;-7,6;10,6;3,3;1,14;1,69;64,2;1;0;0;1,0
07.01.2026 22:25;1,17;26,0;4,32;15,82;10,64;-7,9;9,5;3,7;1,2;1,28;64,6;1;0;0;1,0
07.01.2026 22:30;1,01;26,5;4,34;15,85;10,8;-8,0;10,5;3,5;1,21;1,68;66,1;1;0;0;1,0
07.01.2026 22:35;0,85;26,1;4,29;15,78;10,84;-8,1;9,9;3,3;1,21;1,58;64,6;1;0;0;1,0
07.01.2026 22:40;0,64;25,6;4,24;15,82;10,52;-8,7;9,9;3,6;1,2;1,61;64,6;1;0;0;1,0
07.01.2026 22:45;0,43;26,0;4,24;15,64;11,0;-8,6;10,2;3,7;1,22;1,56;64,1;1;0;0;1,0
07.01.2026 22:50;0,29;26,2;4,22;15,69;10,74;-8,7;9,6;3,7;1,22;1,56;64,3;1;0;0;1,0
07.01.2026 22:55;0,11;25,9;4,2;15,73;10,44;-8,8;10,3;4,4;1,22;1,43;64,5;1;0;0;1,0
07.01.2026 23:00;-0,1;25,2;4,16;15,51;10,29;-9,5;10,7;3,8;1,2;1,65;63,8;1;0;0;1,0
07.01.2026 23:05;0,03;25,3;4,69;14,72;0,0;-5,7;;;0,0;0,04;52,3;0;0;0;1,0
07.01.2026 23:10;0,14;24,9;5,03;14,13;0,0;-3,1;;;0,0;0,0;44,1;0;0;0;1,0
07.01.2026 23:15;0,26;25,7;5,25;13,8;0,0;-1,8;;;0,0;0,03;38,6;0;0;0;1,0
07.01.2026 23:20;0,41;25,4;5,46;13,54;0,0;-1,0;;;0,0;0,06;34,6;0;0;0;1,0
07.01.2026 23:25;0,53;25,2;5,59;13,34;0,0;-0,3;;;0,0;0,03;31,8;0;0;0;1,0
07.01.2026 23:30;0,63;25,5;5,7;13,22;0,0;-0,1;;;0,0;0,06;29,9;0;0;0;1,0
07.01.2026 23:35;0,73;24,9;5,8;13,08;0,0;0,4;;;0,0;0,05;28,4;0;0;0;1,0
07.01.2026 23:40;0,8;24,3;5,89;12,92;0,0;0,5;;;0,0;0,04;27,2;0;0;0;1,0
07.01.2026 23:45;0,92;24,2;5,89;12,8;0,0;0,8;;;0,0;0,07;26,3;0;0;0;1,0
07.01.2026 23:50;1,01;24,1;5,95;12,71;0,0;0,7;;;0,0;0,07;25,6;0;0;0;1,0
07.01.2026 23:55;1,12;24,6;5,95;12,69;0,0;0,8;;;0,0;0,06;25,3;0;0;0;1,0
08.01.2026 00:00;1,36;21,7;6,02;12,39;0,0;4,4;;;0,0;0,04;24,2;0;1;0;1,0
08.01.2026 00:05;1,63;21,7;6,03;12,18;0,0;6,7;;;0,0;0,06;23,5;0;1;0;1,0
08.01.2026 00:10;1,86;21,6;6,01;12,02;0,0;8,0;;;0,0;0,01;22,9;0;1;0;1,0
08.01.2026 00:15;2,1;21,6;6,16;11,91;0,0;8,7;;;0,0;0,05;22,5;0;1;0;1,0
08.01.2026 00:20;2,28;21,7;6,16;11,85;0,0;9,2;;;0,0;0,09;22,2;0;1;0;1,0
08.01.2026 00:25;2,03;21,6;4,96;13,34;9,39;-0,5;11,3;3,6;1,23;1,02;45,8;1;0;0;1,0
08.01.2026 00:30;1,8;21,4;4,58;13,79;9,69;-4,7;11,1;3,4;1,26;1,55;54,6;1;0;0;1,0
08.01.2026 00:35;1,56;21,2;4,38;13,83;10,14;-6,6;9,7;3,8;1,19;1,47;58,1;1;0;0;1,0
08.01.2026 00:40;1,33;21,0;4,33;13,98;9,84;-7,5;10,8;3,5;1,25;1,62;58,9;1;0;0;1,0
08.01.2026 00:45;1,16;20,8;4,32;13,73;9,87;-7,7;10,7;4,1;1,21;1,39;59,9;1;0;0;1,0
08.01.2026 00:50;0,93;20,5;4,3;13,68;9,58;-7,9;10,7;3,9;1,2;1,48;59,5;1;0;0;1,0
08.01.2026 00:55;0,74;20,6;4,28;13,69;9,96;-8,2;10,8;4,0;1,17;1,63;60,7;1;0;0;1,0
08.01.2026 01:00;0,77;21,1;4,25;13,8;9,69;-8,7;10,5;4,2;1,24;1,4;60,6;1;0;1;1,0
08.01.2026 01:05;0,58;21,0;4,16;13,8;9,86;-8,9;10,8;4,6;1,19;1,38;60,3;1;0;0;1,0
08.01.2026 01:10;0,41;21,1;4,19;13,89;9,88;-8,8;12,0;3,4;1,26;1,32;60,6;1;0;0;1,0
08.01.2026 01:15;0,2;20,3;4,13;13,71;9,94;-8,9;11,1;3,8;1,22;1,4;59,4;1;0;0;1,0
08.01.2026 01:20;0,03;20,7;4,08;13,48;9,68;-9,4;10,3;3,9;1,23;1,6;58,7;1;0;0;1,0
08.01.2026 01:25;-0,17;20,3;4,19;13,63;10,56;-9,2;11,5;3,2;1,17;1,54;60,2;1;0;0;1,0
08.01.2026 01:30;-0,1;20,0;4,63;12,89;0,0;-5,6;;;0,0;0,02;48,1;0;0;0;1,0
08.01.2026 01:35;0,01;20,4;4,98;12,41;0,0;-3,4;;;0,0;0,03;39,8;0;0;0;1,0
08.01.2026 01:40;0,14;20,2;5,28;12,05;0,0;-2,0;;;0,0;0,07;33,9;0;0;0;1,0
08.01.2026 01:45;0,23;20,3;5,42;11,82;0,0;-1,2;;;0,0;0,01;29,8;0;0;0;1,0
08.01.2026 01:50;0,36;20,1;5,52;11,64;0,0;-0,5;;;0,0;0,05;26,9;0;0;0;1,0
08.01.2026 01:55;0,44;19,9;5,67;11,49;0,0;-0,3;;;0,0;0,05;24,8;0;0;0;1,0
08.01.2026 02:00;0,49;20,5;5,75;11,44;0,0;0,0;;;0,0;0,02;23,5;0;0;0;1,0
08.01.2026 02:05;0,64;20,6;5,84;11,41;0,0;0,3;;;0,0;0,03;22,6;0;0;0;1,0
08.01.2026 02:10;0,75;20,6;5,91;11,4;0,0;0,5;;;0,0;0,07;22,0;0;0;0;1,0
08.01.2026 02:15;0,82;19,7;5,87;11,3;0,0;0,6;;;0,0;0,05;21,3;0;0;0;1,0
08.01.2026 02:20;0,95;20,3;5,9;11,29;0,0;0,9;;;0,0;0,03;21,0;0;0;0;1,0
08.01.2026 02:25;1,08;20,0;5,97;11,25;0,0;1,0;;;0,0;0,05;20,7;0;0;0;1,0
08.01.2026 02:30;1,17;19,6;6,02;11,19;0,0;0,8;;;0,0;0,05;20,4;0;0;0;1,0
08.01.2026 02:35;1,24;20,1;5,99;11,2;0,0;1,1;;;0,0;0,05;20,3;0;0;0;1,0
08.01.2026 02:40;1,28;19,5;6,05;11,14;0,0;1,1;;;0,0;0,07;20,1;0;0;0;1,0
08.01.2026 02:45;1,33;20,2;6,02;11,17;0,0;1,2;;;0,0;0,04;20,1;0;0;0;1,0
08.01.2026 02:50;1,43;20,3;6,02;11,19;0,0;1,2;;;0,0;0,03;20,2;0;0;0;1,0
08.01.2026 02:55;1,52;20,1;6,09;11,19;0,0;1,3;;;0,0;0,06;20,1;0;0;0;1,0
08.01.2026 03:00;1,62;20,0;6,08;11,19;0,0;1,6;;;0,0;0,04;20,1;0;0;0;1,0
08.01.2026 03:05;1,72;20,0;6,09;11,18;0,0;1,7;;;0,0;0,03;20,1;0;0;0;1,0
08.01.2026 03:10;1,83;20,0;6,12;11,18;0,0;1,8;;;0,0;0,09;20,0;0;0;0;1,0
08.01.2026 03:15;1,89;20,1;6,19;11,18;0,0;1,7;;;0,0;0,06;20,1;0;0;0;1,0
08.01.2026 03:20;1,96;19,8;6,19;11,16;0,0;1,8;;;0,0;0,02;20,0;0;0;0;1,0
08.01.2026 03:25;2,09;19,9;6,23;11,15;0,0;1,9;;;0,0;0,04;20,0;0;0;0;1,0
08.01.2026 03:30;1,87;19,7;4,99;12,67;9,48;-3,7;10,8;4,0;1,19;1,62;43,3;1;0;0;1,0
08.01.2026 03:35;1,64;19,9;4,56;13,09;9,6;-6,2;10,6;3,7;1,23;1,48;52,4;1;0;0;1,0
08.01.2026 03:40;1,46;19,9;4,41;13,16;9,76;-7,6;10,1;3,7;1,25;1,27;56,3;1;0;0;1,0
08.01.2026 03:45;1,3;20,2;4,34;13,51;9,99;-8,0;11,2;3,5;1,19;1,18;58,6;1;0;0;1,0
08.01.2026 03:50;1,1;20,6;4,32;13,49;10,19;-8,2;10,7;3,5;1,19;1,55;58,3;1;0;0;1,0
08.01.2026 03:55;0,89;20,1;4,28;13,53;9,94;-8,5;10,5;3,2;1,23;1,31;59,6;1;0;0;1,0
08.01.2026 04:00;0,64;20,5;4,27;13,58;9,68;-8,6;10,5;4,1;1,18;1,34;60,0;1;0;0;1,0
08.01.2026 04:05;0,41;20,1;4,22;13,46;9,97;-8,6;11,4;4,4;1,15;1,35;59,3;1;0;0;1,0
08.01.2026 04:10;0,22;20,5;4,15;13,56;9,89;-8,9;10,7;4,3;1,25;1,37;58,9;1;0;0;1,0
08.01.2026 04:15;0,0;20,3;4,12;13,52;9,9;-9,2;10,5;3,3;1,18;1,76;59,4;1;0;0;1,0
08.01.2026 04:20;-0,21;20,6;4,1;13,57;9,64;-9,8;11,0;4,8;1,18;1,61;59,7;1;0;0;1,0
08.01.2026 04:25;-0,14;20,3;4,61;12,88;0,0;-6,1;;;0,0;0,06;47,9;0;0;0;1,0
08.01.2026 04:30;-0,03;20,3;4,96;12,39;0,0;-3,5;;;0,0;0,06;39,6;0;0;0;1,0
08.01.2026 04:35;0,04;20,3;5,22;12,05;0,0;-2,1;;;0,0;0,06;33,8;0;0;0;1,0
08.01.2026 04:40;0,13;20,0;5,41;11,78;0,0;-1,3;;;0,0;0,04;29,7;0;0;0;1,0
08.01.2026 04:45;0,26;20,3;5,62;11,63;0,0;-0,8;;;0,0;0,04;26,8;0;0;0;1,0
08.01.2026 04:50;0,29;20,6;5,67;11,54;0,0;-0,4;;;0,0;0,06;25,0;0;0;0;1,0
08.01.2026 04:55;0,37;20,9;5,7;11,51;0,0;-0,1;;;0,0;0,06;23,8;0;0;0;1,0
08.01.2026 05:00;0,46;20,8;5,81;11,48;0,0;0,3;;;0,0;0,04;22,9;0;0;0;1,0
08.01.2026 05:05;0,53;21,0;5,81;11,48;0,0;0,3;;;0,0;0,06;22,3;0;0;0;1,0
08.01.2026 05:10;0,62;20,5;5,86;11,44;0,0;0,5;;;0,0;0,09;21,8;0;0;0;1,0
08.01.2026 05:15;0,75;20,3;5,91;11,38;0,0;0,5;;;0,0;0,03;21,3;0;0;0;1,0
08.01.2026 05:20;0,83;20,9;5,94;11,4;0,0;0,6;;;0,0;0,05;21,2;0;0;0;1,0
08.01.2026 05:25;0,89;20,9;5,94;11,41;0,0;0,7;;;0,0;0,07;21,1;0;0;0;1,0
08.01.2026 05:30;1,0;21,0;5,96;11,44;0,0;1,0;;;0,0;0,04;21,1;0;0;0;1,0
08.01.2026 05:35;1,07;21,5;6,02;11,49;0,0;0,9;;;0,0;0,08;21,2;0;0;0;1,0
08.01.2026 05:40;1,17;21,1;6,01;11,5;0,0;1,0;;;0,0;0,05;21,2;0;0;0;1,0
08.01.2026 05:45;1,3;21,1;6,04;11,51;0,0;1,1;;;0,0;0,05;21,2;0;0;0;1,0
08.01.2026 05:50;1,36;22,2;5,98;11,61;0,0;1,2;;;0,0;0,03;21,5;0;0;0;1,0
08.01.2026 05:55;1,4;21,4;6,05;11,61;0,0;1,5;;;0,0;0,02;21,5;0;0;0;1,0
08.01.2026 06:00;1,65;21,8;6,08;11,65;0,0;4,8;;;0,0;0,04;21,6;0;1;0;1,0
08.01.2026 06:05;1,86;22,0;6,08;11,69;0,0;6,9;;;0,0;0,06;21,7;0;1;0;1,0
08.01.2026 06:10;2,08;22,3;6,18;11,75;0,0;8,0;;;0,0;0,05;21,9;0;1;0;1,0
08.01.2026 06:15;2,3;22,2;6,18;11,78;0,0;8,8;;;0,0;0,06;22,0;0;1;0;1,0
08.01.2026 06:20;2,55;22,6;6,24;11,84;0,0;9,3;;;0,0;0,07;22,1;0;1;0;1,0
08.01.2026 06:25;2,34;22,2;5,02;13,48;9,45;-0,4;11,9;3,4;1,22;1,57;46,4;1;0;0;1,0
08.01.2026 06:30;2,1;22,2;4,53;14,08;10,12;-4,7;11,3;3,7;1,17;1,55;55,7;1;0;0;1,0
08.01.2026 06:35;1,88;22,3;4,44;14,14;9,92;-6,8;12,2;3,6;1,16;1,3;59,0;1;0;0;1,0
08.01.2026 06:40;1,67;22,3;4,38;14,13;10,01;-7,5;10,7;3,4;1,2;1,37;61,4;1;0;0;1,0
08.01.2026 06:45;1,45;23,1;4,36;14,43;9,92;-7,8;11,5;3,1;1,2;1,49;63,0;1;0;0;1,0
08.01.2026 06:50;1,43;22,6;4,33;14,39;9,97;-7,9;12,2;4,1;1,17;1,49;62,4;1;0;1;1,0
08.01.2026 06:55;1,22;22,8;4,27;14,41;10,02;-8,6;10,1;3,5;1,24;1,24;62,9;1;0;0;1,0
08.01.2026 07:00;1,04;22,7;4,22;14,67;10,17;-8,5;11,0;3,6;1,18;1,48;63,3;1;0;0;1,0
08.01.2026 07:05;0,81;23,1;4,2;14,69;10,25;-8,7;10,8;3,6;1,2;1,43;63,3;1;0;0;1,0
08.01.2026 07:10;0,85;23,1;4,23;14,47;10,33;-8,8;11,8;3,9;1,2;1,41;63,5;1;0;1;1,0
08.01.2026 07:15;0,67;23,2;4,16;14,43;10,25;-9,0;11,5;3,8;1,2;1,8;62,5;1;0;0;1,0
08.01.2026 07:20;0,46;23,7;4,21;14,81;10,29;-9,0;10,6;4,2;1,23;1,5;63,4;1;0;0;1,0
08.01.2026 07:25;0,23;23,5;4,16;14,74;10,53;-9,5;11,7;3,5;1,19;1,59;64,0;1;0;0;1,0
08.01.2026 07:30;0,02;23,6;4,16;14,91;10,51;-9,3;11,3;4,1;1,2;1,82;64,0;1;0;0;1,0
08.01.2026 07:35;-0,17;23,8;4,09;14,69;10,48;-9,7;11,8;3,1;1,22;1,45;63,3;1;0;0;1,0
08.01.2026 07:40;-0,05;24,4;4,63;14,06;0,0;-5,8;;;0,0;0,07;51,6;0;0;0;1,0
08.01.2026 07:45;0,11;24,3;4,96;13,6;0,0;-3,5;;;0,0;0,05;43,4;0;0;0;1,0
08.01.2026 07:50;0,19;24,4;5,27;13,3;0,0;-2,0;;;0,0;0,06;37,7;0;0;0;1,0
08.01.2026 07:55;0,57;24,2;5,43;13,06;0,0;-1,1;;;0,0;0,06;33,7;0;0;1;1,0
08.01.2026 08:00;0,65;24,3;5,61;12,9;0,0;-0,3;;;0,0;0,05;30,8;0;0;0;1,0
08.01.2026 08:05;0,74;24,3;5,74;12,79;0,0;0,1;;;0,0;0,05;28,9;0;0;0;1,0
08.01.2026 08:10;0,78;25,0;5,77;12,79;0,0;0,3;;;0,0;0,06;27,7;0;0;0;1,0
08.01.2026 08:15;0,88;24,9;5,91;12,78;0,0;0,6;;;0,0;0,08;26,9;0;0;0;1,0
08.01.2026 08:20;0,92;24,5;5,93;12,73;0,0;0,7;;;0,0;0,07;26,2;0;0;0;1,0
08.01.2026 08:25;1,02;25,1;5,9;12,76;0,0;0,8;;;0,0;0,05;25,9;0;0;0;1,0
08.01.2026 08:30;1,1;25,2;5,96;12,79;0,0;0,8;;;0,0;0,05;25,7;0;0;0;1,0
08.01.2026 08:35;1,22;25,0;6,02;12,78;0,0;1,0;;;0,0;0,05;25,4;0;0;0;1,0
08.01.2026 08:40;1,27;24,6;5,98;12,74;0,0;1,2;;;0,0;0,05;25,2;0;0;0;1,0
08.01.2026 08:45;1,38;25,8;6,04;12,84;0,0;1,2;;;0,0;0,05;25,4;0;0;0;1,0
08.01.2026 08:50;1,5;25,5;6,07;12,88;0,0;1,3;;;0,0;0,04;25,4;0;0;0;1,0
08.01.2026 08:55;1,53;25,9;6,11;12,94;0,0;1,4;;;0,0;0,07;25,6;0;0;0;1,0
08.01.2026 09:00;1,58;26,2;6,08;13,01;0,0;1,5;;;0,0;0,06;25,7;0;0;0;1,0
08.01.2026 09:05;1,68;25,9;6,09;13,04;0,0;1,6;;;0,0;0,05;25,8;0;0;0;1,0
08.01.2026 09:10;1,73;26,2;6,11;13,09;0,0;1,6;;;0,0;0,04;25,9;0;0;0;1,0
08.01.2026 09:15;1,88;26,2;6,15;13,13;0,0;1,7;;;0,0;0,07;26,0;0;0;0;1,0
08.01.2026 09:20;1,97;26,9;6,16;13,22;0,0;1,9;;;0,0;0,04;26,3;0;0;0;1,0
08.01.2026 09:25;2,1;26,5;6,18;13,25;0,0;2,0;;;0,0;0,07;26,4;0;0;0;1,0
08.01.2026 09:30;1,92;26,4;4,85;15,01;9,87;-4,2;11,5;4,6;1,22;1,43;50,5;1;0;0;1,0
08.01.2026 09:35;1,78;27,3;4,43;15,8;10,54;-6,6;11,5;3,0;1,22;1,51;60,8;1;0;0;1,0
08.01.2026 09:40;1,68;27,4;4,26;16,05;10,53;-8,0;12,4;3,7;1,24;1,63;64,0;1;0;0;1,0
08.01.2026 09:45;1,48;27,2;4,28;16,12;10,95;-8,2;11,2;3,5;1,25;1,28;66,2;1;0;0;1,0
08.01.2026 09:50;1,36;27,3;4,24;16,05;10,86;-8,2;11,7;3,8;1,2;1,52;66,8;1;0;0;1,0
08.01.2026 09:55;1,21;27,8;4,22;16,15;10,57;-8,5;11,8;4,4;1,15;1,57;67,2;1;0;0;1,0
08.01.2026 10:00;1,06;27,6;4,12;16,27;10,37;-9,2;12,1;3,2;1,2;1,82;67,8;1;0;0;1,0
08.01.2026 10:05;0,88;27,6;4,22;16,12;10,76;-8,7;11,4;3,4;1,2;1,28;66,8;1;0;0;1,0
08.01.2026 10:10;0,92;27,8;4,21;16,2;10,72;-8,8;12,3;3,9;1,23;1,48;67,1;1;0;1;1,0
08.01.2026 10:15;0,8;27,7;4,18;16,32;10,71;-9,0;12,5;3,1;1,23;1,46;67,4;1;0;0;1,0
08.01.2026 10:20;0,66;27,9;4,23;16,59;10,9;-9,1;11,9;4,2;1,25;1,49;68,8;1;0;0;1,0
08.01.2026 10:25;0,49;27,9;4,12;16,35;10,9;-9,3;12,5;3,5;1,23;1,6;67,8;1;0;0;1,0
08.01.2026 10:30;0,31;28,0;4,14;16,47;10,89;-9,6;11,1;2,9;1,25;1,37;68,1;1;0;0;1,0
08.01.2026 10:35;0,35;28,6;4,15;16,65;10,47;-9,4;12,2;4,3;1,16;1,31;68,0;1;0;1;1,0
08.01.2026 10:40;0,24;29,0;4,11;16,79;10,86;-9,5;12,1;3,7;1,22;1,43;68,6;1;0;0;1,0
08.01.2026 10:45;0,09;28,4;4,04;16,53;11,2;-9,8;12,6;4,2;1,24;1,49;67,9;1;0;0;1,0
08.01.2026 10:50;-0,11;28,6;4,05;16,68;10,92;-9,9;11,5;3,3;1,22;1,45;69,3;1;0;0;1,0
08.01.2026 10:55;-0,01;28,7;4,6;15,9;0,0;-6,1;;;0,0;0,05;57,1;0;0;0;1,0
08.01.2026 11:00;0,11;29,3;5,0;15,43;0,0;-3,5;;;0,0;0,06;48,8;0;0;0;1,0
08.01.2026 11:05;0,23;28,5;5,27;15,01;0,0;-2,0;;;0,0;0,04;42,7;0;0;0;1,0
08.01.2026 11:10;0,34;28,9;5,45;14,75;0,0;-1,3;;;0,0;0,07;38,6;0;0;0;1,0
08.01.2026 11:15;0,41;29,2;5,61;14,62;0,0;-0,5;;;0,0;0,05;35,8;0;0;0;1,0
08.01.2026 11:20;0,54;29,5;5,63;14,55;0,0;0,0;;;0,0;0,03;33,9;0;0;0;1,0
08.01.2026 11:25;0,66;29,2;5,69;14,48;0,0;0,0;;;0,0;0,07;32,5;0;0;0;1,0
08.01.2026 11:30;0,74;29,5;5,83;14,46;0,0;0,4;;;0,0;0,06;31,6;0;0;0;1,0
08.01.2026 11:35;0,82;29,5;5,92;14,43;0,0;0,5;;;0,0;0,08;31,0;0;0;0;1,0
08.01.2026 11:40;0,92;29,7;5,91;14,44;0,0;0,7;;;0,0;0,02;30,6;0;0;0;1,0
08.01.2026 11:45;1,08;30,0;5,94;14,48;0,0;0,9;;;0,0;0,05;30,4;0;0;0;1,0
08.01.2026 11:50;1,23;29,9;5,97;14,5;0,0;1,0;;;0,0;0,04;30,3;0;0;0;1,0
08.01.2026 11:55;1,32;29,8;6,05;14,5;0,0;1,2;;;0,0;0,03;30,1;0;0;0;1,0
08.01.2026 12:00;1,57;30,1;6,04;14,54;0,0;4,6;;;0,0;0,07;30,1;0;1;0;1,0
08.01.2026 12:05;1,76;30,5;6,09;14,6;0,0;6,6;;;0,0;0,06;30,2;0;1;0;1,0
08.01.2026 12:10;1,95;30,3;6,12;14,62;0,0;8,0;;;0,0;0,05;30,2;0;1;0;1,0
08.01.2026 12:15;2,16;30,6;6,09;14,68;0,0;8,8;;;0,0;0,05;30,3;0;1;0;1,0
08.01.2026 12:20;2,39;30,8;6,17;14,74;0,0;9,3;;;0,0;0,03;30,5;0;1;0;1,0
08.01.2026 12:25;2,25;30,4;4,93;16,67;10,88;-0,9;12,5;3,7;1,24;1,42;54,3;1;0;0;1,0
08.01.2026 12:30;2,11;30,9;4,58;17,27;10,99;-5,1;11,8;3,4;1,11;1,53;64,5;1;0;0;1,0
08.01.2026 12:35;1,98;31,0;4,31;17,65;10,7;-7,0;12,1;3,6;1,15;1,45;68,1;1;0;0;1,0
08.01.2026 12:40;1,84;31,1;4,43;17,7;10,92;-7,2;12,7;3,3;1,21;1,68;69,8;1;0;0;1,0
08.01.2026 12:45;1,7;30,9;4,31;17,59;10,99;-7,8;12,1;3,6;1,12;1,59;70,2;1;0;0;1,0
08.01.2026 12:50;1,55;31,1;4,28;17,68;11,42;-8,2;12,2;2,8;1,23;1,54;70,2;1;0;0;1,0
08.01.2026 12:55;1,39;31,6;4,3;17,97;11,26;-8,5;11,0;3,3;1,13;1,36;71,5;1;0;0;1,0
08.01.2026 13:00;1,21;31,4;4,22;17,94;11,64;-8,7;12,1;3,0;1,25;1,54;71,4;1;0;0;1,0
08.01.2026 13:05;1,02;31,5;4,24;17,88;11,73;-8,6;12,2;3,8;1,22;1,47;71,8;1;0;0;1,0
08.01.2026 13:10;0,85;31,3;4,16;17,67;10,98;-9,1;12,6;3,3;1,22;1,6;71,4;1;0;0;1,0
08.01.2026 13:15;0,78;31,5;4,15;17,86;11,5;-9,2;12,4;3,1;1,18;1,5;71,4;1;0;0;1,0
08.01.2026 13:20;0,62;31,1;4,19;17,8;11,14;-9,0;11,8;3,6;1,23;1,61;71,4;1;0;0;1,0
08.01.2026 13:25;0,66;31,1;4,13;17,65;11,17;-9,1;12,1;3,8;1,22;1,76;71,1;1;0;1;1,0
08.01.2026 13:30;0,53;31,2;4,09;17,55;11,0;-9,4;12,7;3,8;1,19;1,49;70,5;1;0;0;1,0
08.01.2026 13:35;0,43;31,0;4,03;17,56;11,62;-9,5;12,0;3,2;1,21;1,62;71,3;1;0;0;1,0
08.01.2026 13:40;0,3;31,8;4,1;18,04;11,42;-9,6;12,4;2,8;1,2;1,66;71,2;1;0;0;1,0
08.01.2026 13:45;0,18;31,8;4,04;18,13;11,61;-10,3;12,1;3,2;1,2;1,74;72,5;1;0;0;1,0
08.01.2026 13:50;0,05;31,7;4,0;18,14;11,12;-10,1;11,8;3,6;1,21;1,31;71,9;1;0;0;1,0
08.01.2026 13:55;-0,12;32,0;4,07;18,24;11,48;-9,8;12,2;3,7;1,27;1,57;72,2;1;0;0;1,0
08.01.2026 14:00;0,19;31,7;4,61;17,34;0,0;-5,7;;;0,0;0,04;60,1;0;0;1;1,0
08.01.2026 14:05;0,25;32,0;4,97;16,75;0,0;-3,5;;;0,0;0,05;51,7;0;0;0;1,0
08.01.2026 14:10;0,33;32,1;5,27;16,33;0,0;-2,0;;;0,0;0,02;45,8;0;0;0;1,0
08.01.2026 14:15;0,43;31,8;5,47;16,02;0,0;-1,0;;;0,0;0,05;41,6;0;0;0;1,0
08.01.2026 14:20;0,52;31,2;5,59;15,73;0,0;-0,5;;;0,0;0,05;38,5;0;0;0;1,0
08.01.2026 14:25;0,66;31,7;5,72;15,57;0,0;0,3;;;0,0;0,03;36,4;0;0;0;1,0
08.01.2026 14:30;0,99;31,9;5,76;15,49;0,0;0,4;;;0,0;0,06;35,1;0;0;1;1,0
08.01.2026 14:35;1,1;32,0;5,83;15,45;0,0;0,6;;;0,0;0,06;34,2;0;0;0;1,0
08.01.2026 14:40;1,21;32,1;5,93;15,43;0,0;1,0;;;0,0;0,04;33,5;0;0;0;1,0
08.01.2026 14:45;1,35;32,0;6,0;15,41;0,0;1,0;;;0,0;0,07;33,1;0;0;0;1,0
08.01.2026 14:50;1,71;32,0;6,01;15,39;0,0;1,3;;;0,0;0,06;32,8;0;0;1;1,0
08.01.2026 14:55;1,76;32,0;6,0;15,37;0,0;1,5;;;0,0;0,08;32,5;0;0;0;1,0
08.01.2026 15:00;1,87;31,8;6,04;15,34;0,0;1,7;;;0,0;0,04;32,3;0;0;0;1,0
08.01.2026 15:05;1,99;31,5;6,12;15,29;0,0;1,7;;;0,0;0,06;32,1;0;0;0;1,0
08.01.2026 15:10;2,08;31,7;6,18;15,27;0,0;1,9;;;0,0;0,02;32,0;0;0;0;1,0
08.01.2026 15:15;1,93;31,7;4,91;17,32;10,67;-4,0;11,8;3,3;1,12;1,67;56,2;1;0;0;1,0
08.01.2026 15:20;1,81;31,6;4,44;17,55;10,95;-6,7;12,5;3,5;1,2;1,76;65,8;1;0;0;1,0
08.01.2026 15:25;1,67;32,5;4,31;18,24;11,09;-8,2;12,1;2,6;1,16;1,17;70,1;1;0;0;1,0
08.01.2026 15:30;1,51;31,9;4,28;18,13;10,94;-8,5;12,8;3,9;1,16;1,5;72,5;1;0;0;1,0
08.01.2026 15:35;1,36;31,7;4,25;18,19;11,43;-8,6;12,1;3,4;1,23;1,51;73,2;1;0;0;1,0
08.01.2026 15:40;1,22;31,8;4,19;18,02;11,19;-8,9;11,8;3,0;1,14;1,94;73,1;1;0;0;1,0
08.01.2026 15:45;1,04;32,2;4,17;18,27;11,44;-9,2;12,3;3,7;1,2;1,41;73,5;1;0;0;1,0
08.01.2026 15:50;0,94;31,7;4,15;18,13;11,51;-9,1;11,8;2,8;1,18;1,38;73,1;1;0;0;1,0
08.01.2026 15:55;0,82;31,7;4,17;18,02;11,17;-9,2;11,5;3,7;1,26;1,4;72,8;1;0;0;1,0
08.01.2026 16:00;0,69;32,5;4,16;18,24;11,46;-8,9;12,2;3,7;1,2;1,36;73,3;1;0;0;1,0
08.01.2026 16:05;0,54;31,9;4,27;17,94;11,41;-8,7;12,1;2,7;1,21;1,57;72,6;1;0;0;1,0
08.01.2026 16:10;0,54;32,0;4,08;18,07;11,68;-9,6;12,9;2,3;1,21;1,75;72,2;1;0;1;1,0
08.01.2026 16:15;0,38;31,5;4,02;18,08;10,97;-10,1;12,7;3,1;1,24;1,16;72,0;1;0;0;1,0
08.01.2026 16:20;0,28;31,7;4,05;17,86;11,45;-10,0;13,1;3,9;1,27;1,34;71,6;1;0;0;1,0
08.01.2026 16:25;0,16;31,7;4,05;18,09;11,26;-10,1;12,4;3,2;1,16;1,47;72,0;1;0;0;1,0
08.01.2026 16:30;0,01;31,6;4,09;17,83;11,33;-10,0;12,8;3,4;1,18;1,38;72,3;1;0;0;1,0
08.01.2026 16:35;-0,18;31,0;4,05;17,63;11,25;-10,3;13,4;2,7;1,2;1,52;71,6;1;0;0;1,0
08.01.2026 16:40;-0,05;31,6;4,56;16,9;0,0;-6,2;;;0,0;0,03;59,6;0;0;0;1,0
08.01.2026 16:45;0,05;31,6;5,01;16,38;0,0;-3,7;;;0,0;0,05;51,2;0;0;0;1,0
08.01.2026 16:50;0,11;30,9;5,19;15,95;0,0;-2,2;;;0,0;0,07;45,1;0;0;0;1,0
08.01.2026 16:55;0,17;30,9;5,42;15,63;0,0;-1,2;;;0,0;0,01;40,8;0;0;0;1,0
08.01.2026 17:00;0,25;31,1;5,59;15,45;0,0;-0,7;;;0,0;0,06;37,9;0;0;0;1,0
08.01.2026 17:05;0,34;30,8;5,61;15,28;0,0;-0,3;;;0,0;0,02;35,8;0;0;0;1,0
08.01.2026 17:10;0,47;31,4;5,7;15,22;0,0;0,0;;;0,0;0,06;34,5;0;0;0;1,0
08.01.2026 17:15;0,58;31,0;5,76;15,14;0,0;0,1;;;0,0;0,07;33,4;0;0;0;1,0
08.01.2026 17:20;0,68;30,8;5,87;15,06;0,0;0,3;;;0,0;0,06;32,6;0;0;0;1,0
08.01.2026 17:25;0,78;30,6;5,88;14,99;0,0;0,6;;;0,0;0,06;32,0;0;0;0;1,0
08.01.2026 17:30;0,89;30,3;5,93;14,9;0,0;0,8;;;0,0;0,04;31,5;0;0;0;1,0
08.01.2026 17:35;1,01;30,8;5,97;14,9;0,0;0,7;;;0,0;0,04;31,3;0;0;0;1,0
08.01.2026 17:40;1,05;30,3;6,0;14,83;0,0;1,0;;;0,0;0,07;31,0;0;0;0;1,0
08.01.2026 17:45;1,16;30,3;6,03;14,79;0,0;1,0;;;0,0;0,07;30,8;0;0;0;1,0
08.01.2026 17:50;1,27;29,9;6,03;14,71;0,0;1,2;;;0,0;0,09;30,5;0;0;0;1,0
08.01.2026 17:55;1,37;30,3;6,09;14,7;0,0;1,2;;;0,0;0,1;30,4;0;0;0;1,0
08.01.2026 18:00;1,84;30,4;6,03;14,71;0,0;4,8;;;0,0;0,05;30,4;0;1;1;1,0
08.01.2026 18:05;2,1;30,1;6,13;14,68;0,0;6,9;;;0,0;0,06;30,3;0;1;0;1,0
08.01.2026 18:10;2,35;30,1;6,12;14,66;0,0;8,1;;;0,0;0,05;30,3;0;1;0;1,0
08.01.2026 18:15;2,61;29,3;6,23;14,56;0,0;8,8;;;0,0;0,04;30,0;0;1;0;1,0
08.01.2026 18:20;2,85;29,5;6,3;14,51;0,0;9,5;;;0,0;0,0;29,8;0;1;0;1,0
08.01.2026 18:25;2,69;29,4;4,93;16,07;10,36;-1,1;12,5;3,7;1,19;1,18;54,9;1;0;0;1,0
08.01.2026 18:30;2,55;29,9;4,59;16,54;10,37;-4,8;12,3;3,1;1,15;1,63;63,3;1;0;0;1,0
08.01.2026 18:35;2,36;29,4;4,45;16,73;10,77;-6,7;12,4;3,0;1,19;1,49;67,3;1;0;0;1,0
08.01.2026 18:40;2,21;29,4;4,28;16,99;10,84;-7,6;13,1;3,4;1,22;1,66;69,2;1;0;0;1,0
08.01.2026 18:45;2,07;29,1;4,24;16,68;10,72;-8,2;12,8;2,5;1,26;1,55;70,2;1;0;0;1,0
08.01.2026 18:50;1,94;29,1;4,26;16,94;10,65;-8,1;13,1;3,5;1,23;1,41;70,9;1;0;0;1,0
08.01.2026 18:55;1,79;29,7;4,33;17,13;11,26;-8,2;13,7;3,8;1,23;1,38;70,9;1;0;0;1,0
08.01.2026 19:00;1,62;29,0;4,2;16,89;10,78;-9,0;14,3;3,3;1,22;1,61;70,5;1;0;0;1,0
08.01.2026 19:05;1,49;28,7;4,23;16,67;11,25;-9,1;12,2;3,1;1,23;1,57;69,5;1;0;0;1,0
08.01.2026 19:10;1,36;28,7;4,15;16,67;11,16;-9,0;11,5;3,7;1,2;1,48;69,8;1;0;0;1,0
08.01.2026 19:15;1,22;28,5;4,26;16,48;10,83;-9,0;12,6;3,3;1,26;1,6;69,7;1;0;0;1,0
08.01.2026 19:20;1,11;28,0;4,2;16,4;10,62;-9,2;12,3;3,5;1,24;1,07;69,4;1;0;0;1,0
08.01.2026 19:25;0,99;28,3;4,13;16,33;10,75;-9,4;11,7;3,1;1,19;1,36;69,0;1;0;0;1,0
08.01.2026 19:30;0,83;27,7;4,09;15,93;10,37;-9,6;13,1;3,4;1,22;1,54;68,0;1;0;0;1,0
08.01.2026 19:35;0,72;27,9;4,05;16,42;10,85;-9,9;13,0;3,1;1,17;1,44;70,0;1;0;0;1,0
08.01.2026 19:40;0,6;28,0;4,13;16,32;10,7;-9,7;13,4;3,3;1,22;1,39;68,6;1;0;0;1,0
08.01.2026 19:45;0,48;27,8;4,12;16,24;10,81;-9,6;12,9;3,2;1,22;1,53;69,4;1;0;0;1,0
08.01.2026 19:50;0,34;27,5;4,14;16,27;10,51;-9,6;12,9;3,3;1,18;1,66;69,1;1;0;0;1,0
08.01.2026 19:55;0,18;27,5;4,14;16,26;10,54;-9,8;12,1;3,3;1,19;1,47;68,2;1;0;0;1,0
08.01.2026 20:00;0,02;27,5;4,05;16,01;10,62;-9,9;12,8;3,8;1,21;1,47;68,3;1;0;0;1,0
08.01.2026 20:05;-0,11;27,4;3,93;16,19;10,77;-10,5;13,8;3,6;1,19;1,56;69,6;1;0;0;1,0
08.01.2026 20:10;-0,02;27,7;4,53;15,45;0,0;-6,4;;;0,0;0,08;57,1;0;0;0;1,0
08.01.2026 20:15;0,02;27,6;5,0;14,93;0,0;-3,8;;;0,0;0,07;48,2;0;0;0;1,0
08.01.2026 20:20;0,15;26,9;5,22;14,48;0,0;-2,3;;;0,0;0,1;41,8;0;0;0;1,0
08.01.2026 20:25;0,18;26,6;5,39;14,13;0,0;-1,1;;;0,0;0,05;37,2;0;0;0;1,0
08.01.2026 20:30;0,31;27,1;5,5;13,95;0,0;-0,5;;;0,0;0,09;34,2;0;0;0;1,0
08.01.2026 20:35;0,4;26,2;5,65;13,73;0,0;-0,1;;;0,0;0,07;31,8;0;0;0;1,0
08.01.2026 20:40;0,45;26,4;5,65;13,59;0,0;0,0;;;0,0;0,01;30,2;0;0;0;1,0
08.01.2026 20:45;0,53;26,8;5,8;13,53;0,0;0,2;;;0,0;0,05;29,2;0;0;0;1,0
08.01.2026 20:50;0,63;26,0;5,84;13,41;0,0;0,2;;;0,0;0,04;28,2;0;0;0;1,0
08.01.2026 20:55;0,71;25,7;5,86;13,3;0,0;0,5;;;0,0;0,05;27,5;0;0;0;1,0
08.01.2026 21:00;0,83;25,8;5,9;13,23;0,0;0,6;;;0,0;0,09;27,0;0;0;0;1,0
08.01.2026 21:05;0,96;26,1;5,91;13,21;0,0;0,7;;;0,0;0,06;26,7;0;0;0;1,0
08.01.2026 21:10;1,08;25,9;5,99;13,18;0,0;0,9;;;0,0;0,0;26,5;0;0;0;1,0
08.01.2026 21:15;1,23;26,0;5,97;13,17;0,0;1,0;;;0,0;0,07;26,3;0;0;0;1,0
08.01.2026 21:20;1,38;25,9;6,02;13,14;0,0;1,3;;;0,0;0,06;26,2;0;0;0;1,0
08.01.2026 21:25;1,44;25,3;6,05;13,07;0,0;1,3;;;0,0;0,04;25,9;0;0;0;1,0
08.01.2026 21:30;1,55;25,5;6,1;13,03;0,0;1,4;;;0,0;0,03;25,8;0;0;0;1,0
08.01.2026 21:35;1,61;24,6;6,12;12,92;0,0;1,5;;;0,0;0,06;25,4;0;0;0;1,0
08.01.2026 21:40;1,72;24,6;6,1;12,84;0,0;1,5;;;0,0;0,09;25,2;0;0;0;1,0
08.01.2026 21:45;1,71;25,1;6,12;12,83;0,0;1,7;;;0,0;0,07;25,2;0;0;0;1,0
08.01.2026 21:50;1,82;25,3;6,12;12,84;0,0;1,9;;;0,0;0,01;25,2;0;0;0;1,0
08.01.2026 21:55;1,85;24,6;6,18;12,79;0,0;1,7;;;0,0;0,04;25,0;0;0;0;1,0
08.01.2026 22:00;1,93;25,1;6,15;12,79;0,0;1,8;;;0,0;0,07;25,0;0;0;0;1,0
08.01.2026 22:05;2,03;23,9;6,13;12,68;0,0;1,9;;;0,0;0,07;24,7;0;0;0;1,0
08.01.2026 22:10;1,9;23,9;4,73;14,02;9,27;-4,4;12,8;3,4;1,23;1,54;48,4;1;0;0;1,0
08.01.2026 22:15;1,95;23,7;4,42;14,31;9,88;-6,8;12,5;3,2;1,18;1,39;58,9;1;0;1;1,0
08.01.2026 22:20;1,83;23,8;4,31;14,55;10,56;-7,8;12,5;3,2;1,22;1,66;61,9;1;0;0;1,0
08.01.2026 22:25;1,66;24,3;4,23;14,71;9,69;-8,5;11,7;3,7;1,18;1,27;63,8;1;0;0;1,0
08.01.2026 22:30;1,46;24,1;4,2;14,81;10,52;-9,0;13,0;3,0;1,22;1,38;65,1;1;0;0;1,0
08.01.2026 22:35;1,32;23,1;4,2;14,56;9,87;-9,2;13,2;3,3;1,2;1,59;65,0;1;0;0;1,0
08.01.2026 22:40;1,13;23,1;4,1;14,37;10,21;-9,4;13,1;3,5;1,21;1,39;64,9;1;0;0;1,0
08.01.2026 22:45;0,96;22,9;4,15;14,31;9,72;-9,2;13,1;3,5;1,17;1,48;64,9;1;0;0;1,0
08.01.2026 22:50;0,84;22,7;4,07;14,4;10,36;-9,6;12,9;3,7;1,17;1,59;65,1;1;0;0;1,0
08.01.2026 22:55;0,68;23,4;4,1;14,59;10,07;-9,9;13,9;3,2;1,22;1,76;64,6;1;0;0;1,0
08.01.2026 23:00;0,54;22,7;4,03;14,38;9,91;-10,2;13,9;2,6;1,16;1,45;65,3;1;0;0;1,0
08.01.2026 23:05;0,39;22,7;4,01;14,19;9,71;-10,3;12,9;3,1;1,13;1,68;64,5;1;0;0;1,0
08.01.2026 23:10;0,2;23,0;3,93;14,23;9,69;-10,5;13,9;2,2;1,24;1,32;63,9;1;0;0;1,0
08.01.2026 23:15;0,06;22,6;3,97;14,08;9,89;-10,6;13,0;3,8;1,17;1,63;63,5;1;0;0;1,0
08.01.2026 23:20;-0,11;22,8;3,92;14,28;10,0;-10,7;12,9;2,6;1,18;1,5;63,8;1;0;0;1,0
08.01.2026 23:25;0,05;22,5;4,58;13,58;0,0;-6,4;;;0,0;0,04;51,4;0;0;0;1,0
08.01.2026 23:30;0,16;21,8;4,9;13,03;0,0;-3,7;;;0,0;0,04;42,5;0;0;0;1,0
08.01.2026 23:35;0,29;22,3;5,21;12,69;0,0;-2,2;;;0,0;0,04;36,5;0;0;0;1,0
08.01.2026 23:40;0,38;22,2;5,5;12,44;0,0;-1,0;;;0,0;0,1;32,2;0;0;0;1,0
08.01.2026 23:45;0,5;21,9;5,57;12,24;0,0;-0,5;;;0,0;0,07;29,1;0;0;0;1,0
08.01.2026 23:50;0,59;21,9;5,75;12,1;0,0;-0,1;;;0,0;0,02;27,0;0;0;0;1,0
08.01.2026 23:55;0,72;21,8;5,74;11,99;0,0;0,1;;;0,0;0,06;25,4;0;0;0;1,0
09.01.2026 00:00;0,96;14,6;5,83;11,27;0,0;4,2;;;0,0;0,03;22,2;0;1;0;1,0
09.01.2026 00:05;1,12;14,1;5,84;10,73;0,0;6,6;;;0,0;0,03;19,7;0;1;0;1,0
09.01.2026 00:10;1,34;13,8;5,9;10,33;0,0;8,0;;;0,0;0,06;18,0;0;1;0;1,0
09.01.2026 00:15;1,54;14,6;5,98;10,11;0,0;8,7;;;0,0;0,06;17,0;0;1;0;1,0
09.01.2026 00:20;1,74;14,1;6,08;9,92;0,0;9,3;;;0,0;0,06;16,1;0;1;0;1,0
09.01.2026 00:25;1,81;13,9;6,1;9,76;0,0;6,4;;;0,0;0,06;15,4;0;0;0;1,0
09.01.2026 00:30;1,9;14,2;6,11;9,68;0,0;4,6;;;0,0;0,06;15,1;0;0;0;1,0
09.01.2026 00:35;2,22;13,6;6,12;9,58;0,0;3,5;;;0,0;0,04;14,6;0;0;1;1,0
09.01.2026 00:40;2,03;13,7;4,78;10,87;8,14;-4,1;13,2;3,5;1,17;1,35;38,9;1;0;0;1,0
09.01.2026 00:45;1,87;13,4;4,35;11,04;9,02;-6,7;12,4;3,7;1,17;1,34;48,3;1;0;0;1,0
09.01.2026 00:50;1,61;13,2;4,27;11,11;8,81;-8,0;13,0;3,6;1,17;1,58;53,1;1;0;0;1,0
09.01.2026 00:55;1,41;13,9;4,18;11,36;8,64;-8,9;13,4;2,8;1,18;1,21;54,5;1;0;0;1,0
09.01.2026 01:00;1,2;13,0;4,17;11,16;8,78;-9,3;14,0;3,8;1,16;1,62;55,0;1;0;0;1,0
09.01.2026 01:05;1,01;14,0;4,12;11,25;8,64;-9,7;13,0;3,9;1,17;1,66;55,3;1;0;0;1,0
09.01.2026 01:10;0,76;13,7;4,07;11,28;9,05;-9,6;14,5;3,3;1,2;1,61;56,4;1;0;0;1,0
09.01.2026 01:15;0,82;13,2;4,0;11,06;8,66;-10,0;13,2;3,7;1,19;1,5;55,7;1;0;1;1,0
09.01.2026 01:20;0,57;12,8;4,08;10,94;8,48;-10,0;13,6;3,1;1,15;1,33;55,9;1;0;0;1,0
09.01.2026 01:25;0,45;12,8;4,02;10,79;8,95;-10,1;13,3;3,3;1,19;1,6;54,8;1;0;0;1,0
09.01.2026 01:30;0,28;13,2;4,01;10,92;8,93;-10,2;15,0;3,4;1,16;1,67;54,0;1;0;0;1,0
09.01.2026 01:35;0,06;12,9;4,01;10,89;8,49;-10,7;12,7;3,6;1,2;1,43;55,0;1;0;0;1,0
09.01.2026 01:40;-0,23;13,1;3,91;10,91;8,94;-11,1;13,0;3,2;1,23;1,39;55,0;1;0;0;1,0
09.01.2026 01:45;-0,14;12,9;4,47;10,38;0,0;-6,6;;;0,0;0,07;42,4;0;0;0;1,0
09.01.2026 01:50;-0,07;12,9;4,88;10,01;0,0;-4,0;;;0,0;0,06;33,5;0;0;0;1,0
09.01.2026 01:55;0,03;12,8;5,16;9,74;0,0;-2,5;;;0,0;0,06;27,3;0;0;0;1,0
09.01.2026 02:00;0,11;12,6;5,35;9,54;0,0;-1,4;;;0,0;0,02;22,9;0;0;0;1,0
09.01.2026 02:05;0,2;13,0;5,5;9,43;0,0;-0,6;;;0,0;0,01;19,9;0;0;0;1,0
09.01.2026 02:10;0,27;12,7;5,65;9,33;0,0;-0,4;;;0,0;0,04;17,8;0;0;0;1,0
09.01.2026 02:15;0,32;12,8;5,64;9,27;0,0;-0,0;;;0,0;0,04;16,3;0;0;0;1,0
09.01.2026 02:20;0,41;12,8;5,75;9,22;0,0;0,0;;;0,0;0,03;15,2;0;0;0;1,0
09.01.2026 02:25;0,47;12,3;5,79;9,15;0,0;0,3;;;0,0;0,06;14,3;0;0;0;1,0
09.01.2026 02:30;0,53;13,6;5,87;9,2;0,0;0,2;;;0,0;0,06;14,1;0;0;0;1,0
09.01.2026 02:35;0,57;12,4;5,84;9,15;0,0;0,5;;;0,0;0,04;13,6;0;0;0;1,0
09.01.2026 02:40;0,6;13,0;5,87;9,16;0,0;0,5;;;0,0;0,08;13,4;0;0;0;1,0
09.01.2026 02:45;0,7;12,3;5,94;9,11;0,0;0,7;;;0,0;0,05;13,1;0;0;0;1,0
09.01.2026 02:50;0,78;13,0;5,92;9,12;0,0;0,5;;;0,0;0,05;13,1;0;0;0;1,0
09.01.2026 02:55;0,87;12,6;5,94;9,11;0,0;0,7;;;0,0;0,02;12,9;0;0;0;1,0
09.01.2026 03:00;0,97;12,7;5,97;9,1;0,0;0,8;;;0,0;0,03;12,9;0;0;0;1,0
09.01.2026 03:05;1,05;13,0;5,98;9,12;0,0;0,9;;;0,0;0,07;12,9;0;0;0;1,0
09.01.2026 03:10;1,14;12,3;6,02;9,08;0,0;1,2;;;0,0;0,05;12,7;0;0;0;1,0
09.01.2026 03:15;1,17;13,1;6,02;9,11;0,0;1,2;;;0,0;0,07;12,8;0;0;0;1,0
09.01.2026 03:20;1,28;12,5;6,02;9,09;0,0;1,2;;;0,0;0,02;12,7;0;0;0;1,0
09.01.2026 03:25;1,32;12,7;6,06;9,09;0,0;1,1;;;0,0;0,04;12,7;0;0;0;1,0
09.01.2026 03:30;1,42;12,6;6,05;9,08;0,0;1,2;;;0,0;0,03;12,7;0;0;0;1,0
09.01.2026 03:35;1,54;12,8;6,12;9,09;0,0;1,6;;;0,0;0,05;12,7;0;0;0;1,0
09.01.2026 03:40;1,63;13,2;6,1;9,13;0,0;1,5;;;0,0;0,1;12,8;0;0;0;1,0
09.01.2026 03:45;1,66;12,8;6,11;9,12;0,0;1,5;;;0,0;0,03;12,8;0;0;0;1,0
09.01.2026 03:50;1,72;13,0;6,1;9,14;0,0;1,6;;;0,0;0,05;12,9;0;0;0;1,0
09.01.2026 03:55;1,76;12,6;6,09;9,12;0,0;1,8;;;0,0;0,07;12,8;0;0;0;1,0
09.01.2026 04:00;1,82;12,7;6,17;9,11;0,0;1,8;;;0,0;0,03;12,8;0;0;0;1,0
09.01.2026 04:05;1,92;13,4;6,13;9,16;0,0;1,8;;;0,0;0,02;12,9;0;0;0;1,0
09.01.2026 04:10;2,04;13,0;6,17;9,16;0,0;1,9;;;0,0;0,06;13,0;0;0;0;1,0
09.01.2026 04:15;1,83;12,8;4,76;10,35;8,2;-4,6;13,8;3,2;1,18;1,57;37,7;1;0;0;1,0
09.01.2026 04:20;1,63;13,6;4,4;10,96;8,59;-7,7;14,1;3,0;1,17;1,36;49,0;1;0;0;1,0
09.01.2026 04:25;1,42;13,3;4,25;11,17;8,38;-8,4;14,4;2,1;1,22;1,32;53,4;1;0;0;1,0
09.01.2026 04:30;1,22;13,0;4,09;11,0;8,62;-9,6;13,5;3,4;1,21;1,58;54,3;1;0;0;1,0
09.01.2026 04:35;1,04;13,1;4,04;10,87;8,95;-9,9;14,2;3,1;1,24;1,22;54,6;1;0;0;1,0
09.01.2026 04:40;0,9;13,4;4,01;10,99;8,74;-9,9;14,2;3,3;1,22;1,69;54,8;1;0;0;1,0
09.01.2026 04:45;0,68;13,6;4,0;10,96;8,73;-10,4;13,7;3,0;1,19;1,45;54,7;1;0;0;1,0
09.01.2026 04:50;0,48;13,1;3,99;10,84;8,75;-10,7;14,3;2,7;1,17;1,26;54,0;1;0;0;1,0
09.01.2026 04:55;0,29;13,1;3,95;10,93;8,8;-10,8;13,3;3,4;1,18;1,6;53,9;1;0;0;1,0
09.01.2026 05:00;0,08;13,9;4,01;11,2;9,06;-10,4;13,5;3,2;1,17;1,7;54,6;1;0;0;1,0
09.01.2026 05:05;-0,09;14,0;3,93;11,07;8,98;-10,9;14,8;3,2;1,18;1,16;55,3;1;0;0;1,0
09.01.2026 05:10;-0,04;13,7;4,52;10,56;0,0;-6,5;;;0,0;0,04;42,8;0;0;0;1,0
09.01.2026 05:15;-0,01;13,3;4,95;10,17;0,0;-4,1;;;0,0;0,06;33,9;0;0;0;1,0
09.01.2026 05:20;0,08;13,7;5,17;9,93;0,0;-2,2;;;0,0;0,04;27,9;0;0;0;1,0
09.01.2026 05:25;0,16;13,7;5,38;9,76;0,0;-1,4;;;0,0;0,05;23,6;0;0;0;1,0
09.01.2026 05:30;0,28;14,2;5,46;9,67;0,0;-0,7;;;0,0;0,06;20,8;0;0;0;1,0
09.01.2026 05:35;0,34;14,1;5,61;9,61;0,0;-0,4;;;0,0;0,05;18,8;0;0;0;1,0
09.01.2026 05:40;0,44;14,3;5,73;9,58;0,0;-0,1;;;0,0;0,05;17,4;0;0;0;1,0
09.01.2026 05:45;0,56;13,7;5,78;9,51;0,0;0,2;;;0,0;0,04;16,3;0;0;0;1,0
09.01.2026 05:50;0,66;13,9;5,82;9,48;0,0;0,4;;;0,0;0,04;15,6;0;0;0;1,0
09.01.2026 05:55;0,71;14,9;5,86;9,54;0,0;0,4;;;0,0;0,04;15,4;0;0;0;1,0
09.01.2026 06:00;0,98;14,7;5,92;9,57;0,0;4,2;;;0,0;0,02;15,2;0;1;0;1,0
09.01.2026 06:05;1,14;15,2;5,97;9,63;0,0;6,5;;;0,0;0,07;15,2;0;1;0;1,0
09.01.2026 06:10;1,4;14,7;5,99;9,63;0,0;8,0;;;0,0;0,03;15,0;0;1;0;1,0
09.01.2026 06:15;1,62;14,7;6,06;9,63;0,0;8,9;;;0,0;0,04;14,9;0;1;0;1,0
09.01.2026 06:20;1,85;14,8;6,05;9,64;0,0;9,3;;;0,0;0,03;14,9;0;1;0;1,0
09.01.2026 06:25;1,91;14,8;6,12;9,64;0,0;6,4;;;0,0;0,08;14,9;0;0;0;1,0
09.01.2026 06:30;2,0;14,8;6,11;9,65;0,0;4,6;;;0,0;0,04;14,9;0;0;0;1,0
09.01.2026 06:35;1,8;14,8;4,79;11,04;8,77;-3,8;14,1;3,3;1,21;1,62;40,4;1;0;0;1,0
09.01.2026 06:40;1,62;14,8;4,29;11,24;8,76;-7,2;14,1;2,4;1,19;1,46;50,8;1;0;0;1,0
09.01.2026 06:45;1,45;15,5;4,07;11,44;8,87;-8,7;13,8;3,7;1,22;1,74;54,3;1;0;0;1,0
09.01.2026 06:50;1,19;15,1;4,09;11,52;9,48;-9,5;13,8;2,7;1,21;1,57;55,7;1;0;0;1,0
09.01.2026 06:55;1,0;15,4;4,08;11,46;9,01;-9,9;14,4;3,0;1,22;1,76;56,3;1;0;0;1,0
09.01.2026 07:00;0,85;15,5;3,98;11,58;9,36;-10,1;13,7;2,9;1,25;1,51;57,3;1;0;0;1,0
09.01.2026 07:05;0,66;15,6;3,96;11,61;8,94;-10,7;13,9;2,8;1,13;1,56;57,2;1;0;0;1,0
09.01.2026 07:10;0,53;15,8;3,89;11,72;9,01;-11,0;14,3;3,5;1,21;1,52;58,7;1;0;0;1,0
09.01.2026 07:15;0,36;15,8;3,98;11,55;8,87;-10,7;13,6;3,5;1,18;1,42;57,3;1;0;0;1,0
09.01.2026 07:20;0,23;15,8;3,87;11,76;8,86;-11,3;13,9;3,6;1,21;1,73;58,2;1;0;0;1,0
09.01.2026 07:25;0,31;16,2;3,94;11,93;9,35;-10,9;13,7;2,9;1,19;1,42;58,4;1;0;1;1,0
09.01.2026 07:30;0,11;16,4;3,79;12,05;9,26;-11,6;14,0;3,2;1,18;1,33;59,3;1;0;0;1,0
09.01.2026 07:35;-0,09;16,9;3,83;12,2;9,17;-11,2;15,3;2,5;1,22;1,49;59,1;1;0;0;1,0
09.01.2026 07:40;-0,0;16,8;4,46;11,61;0,0;-6,8;;;0,0;0,06;46,4;0;0;0;1,0
09.01.2026 07:45;0,13;16,5;4,93;11,17;0,0;-3,9;;;0,0;0,08;37,5;0;0;0;1,0
09.01.2026 07:50;0,16;17,2;5,18;10,92;0,0;-2,5;;;0,0;0,06;31,4;0;0;0;1,0
09.01.2026 07:55;0,24;17,1;5,35;10,73;0,0;-1,3;;;0,0;0,04;27,1;0;0;0;1,0
09.01.2026 08:00;0,38;17,3;5,52;10,62;0,0;-0,6;;;0,0;0,07;24,1;0;0;0;1,0
09.01.2026 08:05;0,46;17,3;5,66;10,54;0,0;-0,0;;;0,0;0,05;22,1;0;0;0;1,0
09.01.2026 08:10;0,58;17,1;5,69;10,47;0,0;0,3;;;0,0;0,05;20,6;0;0;0;1,0
09.01.2026 08:15;0,67;17,4;5,86;10,45;0,0;0,3;;;0,0;0,04;19,6;0;0;0;1,0
09.01.2026 08:20;0,77;17,1;5,87;10,41;0,0;0,5;;;0,0;0,04;18,9;0;0;0;1,0
09.01.2026 08:25;0,87;17,6;5,88;10,41;0,0;0,8;;;0,0;0,06;18,5;0;0;0;1,0
09.01.2026 08:30;1,01;17,9;5,94;10,45;0,0;0,8;;;0,0;0,05;18,3;0;0;0;1,0
09.01.2026 08:35;1,13;18,5;5,96;10,53;0,0;1,0;;;0,0;0,02;18,4;0;0;0;1,0
09.01.2026 08:40;1,22;18,0;5,97;10,54;0,0;1,0;;;0,0;0,06;18,3;0;0;0;1,0
09.01.2026 08:45;1,29;17,9;5,97;10,54;0,0;1,2;;;0,0;0,03;18,2;0;0;0;1,0
09.01.2026 08:50;1,36;18,5;6,03;10,59;0,0;1,4;;;0,0;0,01;18,2;0;0;0;1,0
09.01.2026 08:55;1,44;18,4;6,06;10,61;0,0;1,1;;;0,0;0,05;18,3;0;0;0;1,0
09.01.2026 09:00;1,53;18,4;6,0;10,64;0,0;1,4;;;0,0;0,08;18,3;0;0;0;1,0
09.01.2026 09:05;1,64;19,1;6,06;10,71;0,0;1,5;;;0,0;0,05;18,5;0;0;0;1,0
09.01.2026 09:10;1,71;18,5;6,1;10,71;0,0;1,7;;;0,0;0,04;18,5;0;0;0;1,0
09.01.2026 09:15;1,76;19,0;6,17;10,75;0,0;1,6;;;0,0;0,07;18,7;0;0;0;1,0
09.01.2026 09:20;1,78;19,3;6,11;10,81;0,0;1,8;;;0,0;0,04;18,8;0;0;0;1,0
09.01.2026 09:25;1,89;19,2;6,17;10,85;0,0;1,8;;;0,0;0,0;19,0;0;0;0;1,0
09.01.2026 09:30;2,16;19,4;6,15;10,89;0,0;1,9;;;0,0;0,06;19,1;0;0;1;1,0
09.01.2026 09:35;2,22;19,4;4,84;12,31;8,61;-4,4;14,8;2,6;1,18;1,46;44,6;1;0;1;1,0
09.01.2026 09:40;2,25;20,0;4,37;12,95;9,47;-7,1;15,0;3,1;1,2;1,31;55,0;1;0;1;1,0
09.01.2026 09:45;2,08;19,6;4,19;12,95;9,14;-8,3;14,7;3,6;1,18;1,33;59,7;1;0;0;1,0
09.01.2026 09:50;1,87;20,1;4,15;13,11;9,45;-8,9;14,6;2,2;1,2;1,69;61,6;1;0;0;1,0
09.01.2026 09:55;1,73;20,2;4,19;13,28;9,49;-9,0;14,5;2,3;1,24;1,68;62,2;1;0;0;1,0
09.01.2026 10:00;1,55;20,4;4,11;13,39;9,47;-9,5;15,7;2,7;1,24;1,67;63,4;1;0;0;1,0
09.01.2026 10:05;1,4;20,4;4,1;13,26;9,47;-9,6;13,9;3,3;1,2;1,64;62,4;1;0;0;1,0
09.01.2026 10:10;1,24;20,6;4,07;13,21;9,69;-9,8;14,4;2,5;1,24;1,52;62,9;1;0;0;1,0
09.01.2026 10:15;1,09;21,0;4,09;13,64;9,57;-9,9;14,1;3,1;1,21;1,17;64,2;1;0;0;1,0
09.01.2026 10:20;1,16;20,8;4,08;13,54;9,49;-10,0;14,5;2,3;1,19;1,46;64,0;1;0;1;1,0
09.01.2026 10:25;0,98;21,4;4,08;13,66;9,22;-10,2;14,6;3,1;1,22;1,48;63,3;1;0;0;1,0
09.01.2026 10:30;0,89;20,9;4,01;13,56;9,89;-9,8;14,6;3,1;1,25;1,56;63,2;1;0;0;1,0
09.01.2026 10:35;0,74;21,0;4,0;13,47;9,61;-10,3;14,8;3,2;1,18;1,62;63,5;1;0;0;1,0
09.01.2026 10:40;0,59;21,7;3,97;13,64;9,57;-10,5;14,7;2,8;1,22;1,67;64,4;1;0;0;1,0
09.01.2026 10:45;0,47;20,7;3,86;13,36;9,53;-10,7;14,2;3,2;1,22;1,54;64,0;1;0;0;1,0
09.01.2026 10:50;0,29;21,8;4,0;13,68;9,53;-10,8;14,4;2,6;1,21;1,59;63,8;1;0;0;1,0
09.01.2026 10:55;0,11;21,6;3,93;13,84;9,65;-10,6;15,0;3,0;1,12;1,62;64,1;1;0;0;1,0
09.01.2026 11:00;0,15;21,8;3,86;13,76;9,36;-11,3;15,8;2,8;1,23;1,68;63,9;1;0;1;1,0
09.01.2026 11:05;0,01;21,5;3,8;13,75;9,89;-11,6;15,3;2,5;1,22;1,59;65,0;1;0;0;1,0
09.01.2026 11:10;-0,12;22,1;3,79;13,86;9,82;-12,0;14,4;2,7;1,25;1,57;64,6;1;0;0;1,0
09.01.2026 11:15;0,06;22,1;4,42;13,25;0,0;-7,2;;;0,0;0,02;51,9;0;0;0;1,0
09.01.2026 11:20;0,17;21,9;4,8;12,81;0,0;-4,2;;;0,0;0,07;42,9;0;0;0;1,0
09.01.2026 11:25;0,29;21,8;5,14;12,48;0,0;-2,4;;;0,0;0,07;36,6;0;0;0;1,0
09.01.2026 11:30;0,37;22,3;5,37;12,3;0,0;-1,2;;;0,0;0,05;32,3;0;0;0;1,0
09.01.2026 11:35;0,72;23,0;5,58;12,24;0,0;-0,4;;;0,0;0,04;29,5;0;0;1;1,0
09.01.2026 11:40;0,81;22,7;5,71;12,18;0,0;-0,1;;;0,0;0,02;27,4;0;0;0;1,0
09.01.2026 11:45;0,89;22,6;5,78;12,12;0,0;0,3;;;0,0;0,09;26,0;0;0;0;1,0
09.01.2026 11:50;0,96;23,2;5,8;12,14;0,0;0,7;;;0,0;0,05;25,1;0;0;0;1,0
09.01.2026 11:55;1,04;22,4;5,85;12,07;0,0;0,6;;;0,0;0,04;24,3;0;0;0;1,0
09.01.2026 12:00;1,43;22,4;6,0;12,03;0,0;4,5;;;0,0;0,02;23,7;0;1;1;1,0
09.01.2026 12:05;1,62;22,7;6,03;12,03;0,0;6,9;;;0,0;0,09;23,4;0;1;0;1,0
09.01.2026 12:10;1,88;23,1;6,1;12,07;0,0;8,2;;;0,0;0,04;23,4;0;1;0;1,0
09.01.2026 12:15;2,15;23,6;6,11;12,14;0,0;8,9;;;0,0;0,08;23,4;0;1;0;1,0
09.01.2026 12:20;2,56;23,0;6,18;12,13;0,0;9,6;;;0,0;0,08;23,3;0;1;1;1,0
09.01.2026 12:25;2,43;23,4;4,86;13,77;9,31;-1,6;14,9;2,7;1,2;1,28;48,7;1;0;0;1,0
09.01.2026 12:30;2,31;23,5;4,38;14,23;9,66;-6,1;14,5;2,0;1,19;1,41;58,8;1;0;0;1,0
09.01.2026 12:35;2,2;23,6;4,24;14,44;9,84;-8,3;14,9;2,6;1,17;1,45;63,6;1;0;0;1,0
09.01.2026 12:40;2,08;23,8;4,22;14,56;9,78;-8,5;15,3;3,4;1,16;1,64;65,6;1;0;0;1,0
09.01.2026 12:45;1,94;23,4;4,1;14,43;10,23;-9,4;14,9;3,1;1,21;1,46;66,1;1;0;0;1,0
09.01.2026 12:50;1,76;23,8;4,07;14,5;9,85;-9,7;15,5;3,0;1,23;1,55;67,4;1;0;0;1,0
09.01.2026 12:55;1,66;23,4;4,15;14,54;10,17;-9,7;14,7;2,3;1,2;1,14;67,4;1;0;0;1,0
09.01.2026 13:00;1,46;24,1;4,1;14,6;9,66;-9,8;15,3;2,3;1,23;1,21;67,2;1;0;0;1,0
09.01.2026 13:05;1,39;24,0;4,01;14,57;9,96;-9,9;15,0;2,5;1,26;1,61;67,0;1;0;0;1,0
09.01.2026 13:10;1,23;23,9;4,06;14,44;9,76;-10,1;15,4;2,7;1,21;1,43;66,7;1;0;0;1,0
09.01.2026 13:15;1,09;23,5;3,97;14,49;9,96;-10,4;15,3;3,3;1,28;1,42;65,9;1;0;0;1,0
09.01.2026 13:20;0,9;24,1;3,99;14,64;10,16;-10,8;14,2;2,8;1,23;1,53;66,1;1;0;0;1,0
09.01.2026 13:25;0,76;24,6;4,02;14,82;9,86;-10,7;14,9;3,1;1,22;1,59;67,1;1;0;0;1,0
09.01.2026 13:30;0,6;23,9;3,95;14,6;10,21;-11,1;15,0;2,4;1,2;1,59;66,3;1;0;0;1,0
09.01.2026 13:35;0,48;24,5;3,94;14,8;10,14;-10,8;15,2;2,9;1,19;1,77;68,4;1;0;0;1,0
09.01.2026 13:40;0,37;25,0;3,92;14,96;10,27;-11,0;15,2;2,6;1,16;1,67;69,1;1;0;0;1,0
09.01.2026 13:45;0,24;24,9;3,87;15,04;10,16;-11,3;14,6;1,9;1,19;1,4;68,4;1;0;0;1,0
09.01.2026 13:50;0,13;23,7;3,77;14,6;10,07;-11,3;15,0;3,1;1,27;1,19;67,8;1;0;0;1,0
09.01.2026 13:55;0,21;24,6;3,82;14,73;9,91;-11,1;15,4;2,6;1,23;1,51;68,2;1;0;1;1,0
09.01.2026 14:00;0,06;24,2;3,82;14,84;10,47;-11,4;15,4;3,2;1,14;1,45;67,7;1;0;0;1,0
09.01.2026 14:05;-0,08;25,0;3,85;14,79;9,97;-11,7;14,5;2,7;1,21;1,43;67,9;1;0;0;1,0
09.01.2026 14:10;0,01;24,7;4,39;14,16;0,0;-7,0;;;0,0;0,02;55,0;0;0;0;1,0
09.01.2026 14:15;0,36;25,0;4,88;13,75;0,0;-4,0;;;0,0;0,05;46,0;0;0;1;1,0
09.01.2026 14:20;0,48;24,4;5,17;13,4;0,0;-2,2;;;0,0;0,02;39,5;0;0;0;1,0
09.01.2026 14:25;0,8;24,4;5,41;13,15;0,0;-0,8;;;0,0;0,08;35,0;0;0;1;1,0
09.01.2026 14:30;0,89;24,5;5,57;13,0;0,0;-0,3;;;0,0;0,03;31,8;0;0;0;1,0
09.01.2026 14:35;0,97;24,7;5,71;12,9;0,0;0,0;;;0,0;0,01;29,7;0;0;0;1,0
09.01.2026 14:40;1,06;24,1;5,84;12,78;0,0;0,7;;;0,0;0,03;28,0;0;0;0;1,0
09.01.2026 14:45;1,31;24,8;5,9;12,76;0,0;0,9;;;0,0;0,05;27,1;0;0;1;1,0
09.01.2026 14:50;1,45;25,0;5,96;12,76;0,0;1,0;;;0,0;0,07;26,4;0;0;0;1,0
09.01.2026 14:55;1,56;24,7;6,07;12,74;0,0;1,3;;;0,0;0,1;25,9;0;0;0;1,0
09.01.2026 15:00;1,67;24,3;6,02;12,68;0,0;1,4;;;0,0;0,05;25,4;0;0;0;1,0
09.01.2026 15:05;1,75;24,7;6,12;12,69;0,0;1,6;;;0,0;0,05;25,2;0;0;0;1,0
09.01.2026 15:10;1,83;24,9;6,2;12,71;0,0;1,6;;;0,0;0,07;25,1;0;0;0;1,0
09.01.2026 15:15;1,96;24,6;6,08;12,69;0,0;1,8;;;0,0;0,07;25,0;0;0;0;1,0
09.01.2026 15:20;2,06;24,2;6,18;12,63;0,0;1,8;;;0,0;0,07;24,7;0;0;0;1,0
09.01.2026 15:25;2,14;24,3;4,63;13,92;9,55;-5,3;15,5;2,6;1,08;1,71;50,6;1;0;1;1,0
09.01.2026 15:30;2,03;24,9;4,27;14,65;9,82;-8,0;15,4;2,9;1,2;1,39;61,1;1;0;0;1,0
09.01.2026 15:35;1,92;24,7;4,16;14,68;10,31;-9,2;14,5;3,2;1,21;1,6;64,7;1;0;0;1,0
09.01.2026 15:40;1,96;24,6;4,06;14,76;9,96;-9,5;15,8;3,3;1,22;1,66;66,3;1;0;1;1,0
09.01.2026 15:45;1,85;24,6;4,07;14,82;10,24;-9,7;15,0;2,3;1,22;1,45;67,7;1;0;0;1,0
09.01.2026 15:50;1,71;24,6;4,15;15,05;10,48;-9,8;15,6;2,7;1,18;1,49;68,2;1;0;0;1,0
09.01.2026 15:55;1,62;23,9;4,1;14,5;9,84;-10,1;15,3;2,6;1,17;1,61;66,7;1;0;0;1,0
09.01.2026 16:00;1,49;24,0;4,07;14,39;10,04;-10,3;15,4;3,1;1,22;1,42;66,7;1;0;0;1,0
09.01.2026 16:05;1,33;24,2;4,01;14,73;10,14;-10,3;14,6;3,0;1,19;1,54;67,0;1;0;0;1,0
09.01.2026 16:10;1,21;24,1;3,98;14,71;9,96;-10,4;15,8;3,1;1,22;1,65;68,3;1;0;0;1,0
09.01.2026 16:15;1,08;24,1;3,97;14,52;10,22;-10,9;15,8;3,5;1,18;1,7;67,8;1;0;0;1,0
09.01.2026 16:20;0,98;24,6;3,96;14,8;9,91;-10,7;15,4;2,6;1,23;1,59;68,7;1;0;0;1,0
09.01.2026 16:25;0,86;24,2;3,99;14,85;9,93;-10,8;15,6;1,6;1,21;1,54;68,5;1;0;0;1,0
09.01.2026 16:30;0,75;24,0;3,95;14,74;9,88;-10,8;16,7;2,3;1,22;1,6;68,5;1;0;0;1,0
09.01.2026 16:35;0,65;24,6;3,93;14,87;10,13;-10,7;16,5;2,6;1,16;1,47;68,7;1;0;0;1,0
09.01.2026 16:40;0,5;23,7;3,88;14,46;10,24;-11,4;15,5;2,9;1,21;1,4;67,7;1;0;0;1,0
09.01.2026 16:45;0,54;24,4;3,88;14,85;9,45;-11,2;16,2;2,6;1,22;1,58;68,3;1;0;1;1,0
09.01.2026 16:50;0,41;24,2;3,89;14,72;9,77;-11,4;15,4;2,2;1,21;1,39;67,6;1;0;0;1,0
09.01.2026 16:55;0,41;23,3;3,94;14,38;9,6;-11,3;16,3;2,5;1,21;1,55;67,2;1;0;1;1,0
09.01.2026 17:00;0,3;23,7;3,84;14,24;9,78;-11,5;14,9;2,3;1,16;1,72;66,8;1;0;0;1,0
09.01.2026 17:05;0,16;23,8;3,82;14,25;9,3;-11,5;15,5;3,3;1,19;1,5;66,4;1;0;0;1,0
09.01.2026 17:10;0,03;23,2;3,77;14,31;9,69;-12,1;15,6;3,1;1,21;1,74;66,6;1;0;0;1,0
09.01.2026 17:15;-0,1;23,7;3,8;14,49;9,75;-12,0;15,1;2,0;1,15;1,38;67,1;1;0;0;1,0
09.01.2026 17:20;-0,05;23,5;4,39;13,83;0,0;-7,1;;;0,0;0,06;54,0;0;0;0;1,0
09.01.2026 17:25;0,09;23,4;4,85;13,36;0,0;-4,2;;;0,0;0,04;44,8;0;0;0;1,0
09.01.2026 17:30;0,19;23,5;5,13;13,03;0,0;-2,5;;;0,0;0,02;38,4;0;0;0;1,0
09.01.2026 17:35;0,3;23,2;5,34;12,77;0,0;-1,2;;;0,0;0,08;33,8;0;0;0;1,0
09.01.2026 17:40;0,56;22,9;5,54;12,57;0,0;-0,7;;;0,0;0,06;30,6;0;0;1;1,0
09.01.2026 17:45;0,66;23,0;5,63;12,44;0,0;-0,1;;;0,0;0,03;28,3;0;0;0;1,0
09.01.2026 17:50;0,77;23,2;5,68;12,36;0,0;0,3;;;0,0;0,03;26,8;0;0;0;1,0
09.01.2026 17:55;0,86;23,2;5,82;12,3;0,0;0,5;;;0,0;0,04;25,7;0;0;0;1,0
09.01.2026 18:00;1,01;22,8;5,9;12,23;0,0;4,3;;;0,0;0,04;24,8;0;1;0;1,0
09.01.2026 18:05;1,19;23,0;5,88;12,19;0,0;6,6;;;0,0;0,07;24,3;0;1;0;1,0
09.01.2026 18:10;1,44;22,7;5,98;12,14;0,0;7,9;;;0,0;0,04;23,8;0;1;0;1,0
09.01.2026 18:15;1,63;22,8;6,03;12,12;0,0;8,8;;;0,0;0,07;23,5;0;1;0;1,0
09.01.2026 18:20;1,88;22,6;6,1;12,08;0,0;9,2;;;0,0;0,04;23,2;0;1;0;1,0
09.01.2026 18:25;1,98;22,2;6,11;12,01;0,0;6,5;;;0,0;0,09;22,9;0;0;0;1,0
09.01.2026 18:30;2,03;22,4;6,15;11,98;0,0;4,5;;;0,0;0,03;22,8;0;0;0;1,0
09.01.2026 18:35;1,88;22,3;4,65;13,56;9,58;-4,1;16,0;3,2;1,23;1,57;48,5;1;0;0;1,0
09.01.2026 18:40;1,74;21,7;4,26;13,68;9,63;-7,4;16,1;2,9;1,17;1,33;58,8;1;0;0;1,0
09.01.2026 18:45;1,59;21,7;4,04;13,61;9,56;-9,2;15,2;3,2;1,15;1,52;62,8;1;0;0;1,0
09.01.2026 18:50;1,51;21,3;3,96;13,4;9,67;-10,2;15,9;3,0;1,17;1,5;63,4;1;0;0;1,0
09.01.2026 18:55;1,41;22,5;3,94;13,77;9,55;-10,5;16,5;2,3;1,19;1,5;65,8;1;0;0;1,0
09.01.2026 19:00;1,26;21,3;3,9;13,46;9,56;-10,8;15,4;2,7;1,19;1,55;65,0;1;0;0;1,0
09.01.2026 19:05;1,12;21,7;4,01;13,57;9,3;-11,0;15,9;2,5;1,18;1,31;63,8;1;0;0;1,0
09.01.2026 19:10;0,98;20,9;3,97;13,4;9,33;-10,7;15,8;2,1;1,18;1,32;64,1;1;0;0;1,0
09.01.2026 19:15;0,86;21,8;4,02;13,62;9,59;-10,2;15,3;1,9;1,22;1,64;65,0;1;0;0;1,0
09.01.2026 19:20;0,72;21,0;3,97;13,55;9,78;-10,8;15,2;2,1;1,19;1,68;65,4;1;0;0;1,0
09.01.2026 19:25;0,6;21,0;3,91;13,56;9,86;-11,1;15,4;2,5;1,22;1,71;66,0;1;0;0;1,0
09.01.2026 19:30;0,49;21,4;3,84;13,59;9,52;-11,5;16,1;2,3;1,23;1,61;65,1;1;0;0;1,0
09.01.2026 19:35;0,35;20,8;3,81;13,45;9,55;-11,7;14,9;2,2;1,2;1,48;65,1;1;0;0;1,0
09.01.2026 19:40;0,21;21,2;3,86;13,3;9,12;-11,2;16,4;2,0;1,17;1,06;64,3;1;0;0;1,0
09.01.2026 19:45;0,09;20,4;3,87;13,32;9,5;-11,9;15,5;3,3;1,16;1,61;64,6;1;0;0;1,0
09.01.2026 19:50;-0,02;20,3;3,84;13,14;8,94;-11,3;15,6;2,7;1,23;1,37;64,9;1;0;0;1,0
09.01.2026 19:55;0,11;19,9;4,43;12,54;0,0;-6,7;;;0,0;0,07;51,4;0;0;0;1,0
09.01.2026 20:00;0,43;20,7;4,87;12,19;0,0;-4,0;;;0,0;0,06;42,2;0;0;1;1,0
09.01.2026 20:05;0,52;19,9;5,25;11,88;0,0;-2,2;;;0,0;0,04;35,5;0;0;0;1,0
09.01.2026 20:10;0,59;19,7;5,45;11,64;0,0;-1,2;;;0,0;0,05;30,8;0;0;0;1,0
09.01.2026 20:15;0,67;19,9;5,61;11,49;0,0;-0,6;;;0,0;0,06;27,5;0;0;0;1,0
09.01.2026 20:20;0,73;20,0;5,68;11,39;0,0;0,0;;;0,0;0,03;25,2;0;0;0;1,0
09.01.2026 20:25;0,84;19,6;5,78;11,29;0,0;0,6;;;0,0;0,01;23,6;0;0;0;1,0
09.01.2026 20:30;0,94;19,6;5,84;11,21;0,0;0,6;;;0,0;0,06;22,4;0;0;0;1,0
09.01.2026 20:35;1,08;19,9;5,89;11,19;0,0;1,0;;;0,0;0,07;21,6;0;0;0;1,0
09.01.2026 20:40;1,16;18,9;5,93;11,09;0,0;0,8;;;0,0;0,03;20,8;0;0;0;1,0
09.01.2026 20:45;1,29;19,0;5,99;11,02;0,0;1,0;;;0,0;0,06;20,3;0;0;0;1,0
09.01.2026 20:50;1,33;19,2;6,05;10,99;0,0;1,3;;;0,0;0,05;20,0;0;0;0;1,0
09.01.2026 20:55;1,42;18,4;6,02;10,9;0,0;1,3;;;0,0;0,07;19,5;0;0;0;1,0
09.01.2026 21:00;1,56;18,4;6,02;10,84;0,0;1,3;;;0,0;0,02;19,2;0;0;0;1,0
09.01.2026 21:05;1,59;17,5;6,06;10,71;0,0;1,3;;;0,0;0,04;18,7;0;0;0;1,0
09.01.2026 21:10;1,69;18,3;6,12;10,69;0,0;1,6;;;0,0;0,08;18,6;0;0;0;1,0
09.01.2026 21:15;1,75;18,6;6,16;10,71;0,0;1,7;;;0,0;0,03;18,6;0;0;0;1,0
09.01.2026 21:20;1,83;18,2;6,16;10,68;0,0;1,6;;;0,0;0,08;18,5;0;0;0;1,0
09.01.2026 21:25;1,98;17,2;6,18;10,58;0,0;1,8;;;0,0;0,04;18,1;0;0;0;1,0
09.01.2026 21:30;2,1;17,8;6,19;10,56;0,0;1,7;;;0,0;0,04;18,0;0;0;0;1,0
09.01.2026 21:35;1,97;17,5;4,75;11,62;8,49;-5,2;16,4;3,1;1,22;1,87;43,0;1;0;0;1,0
09.01.2026 21:40;1,81;17,5;4,23;11,77;9,07;-8,4;16,6;2,7;1,22;1,34;52,5;1;0;0;1,0
09.01.2026 21:45;1,68;17,6;4,09;12,03;8,83;-9,4;16,1;2,8;1,18;1,43;58,2;1;0;0;1,0
09.01.2026 21:50;1,5;17,4;3,97;12,14;8,88;-10,2;16,3;2,1;1,23;1,42;60,2;1;0;0;1,0
09.01.2026 21:55;1,34;17,4;3,93;12,31;9,14;-10,9;16,1;2,5;1,19;1,32;60,9;1;0;0;1,0
09.01.2026 22:00;1,2;17,0;3,81;12,0;9,14;-11,4;16,3;2,0;1,19;1,45;60,2;1;0;0;1,0
09.01.2026 22:05;1,06;17,2;3,9;11,96;9,17;-11,1;16,4;2,1;1,22;1,38;60,4;1;0;0;1,0
09.01.2026 22:10;0,89;17,1;3,92;11,9;8,89;-11,1;16,6;2,8;1,21;1,43;60,4;1;0;0;1,0
09.01.2026 22:15;0,76;16,7;3,84;11,79;8,57;-11,2;16,5;1,4;1,16;1,6;60,6;1;0;0;1,0
09.01.2026 22:20;0,6;16,5;3,8;11,91;9,01;-11,7;15,8;2,1;1,18;1,57;61,1;1;0;0;1,0
09.01.2026 22:25;0,45;16,2;3,83;11,66;8,6;-11,9;15,4;2,8;1,23;1,48;60,0;1;0;0;1,0
09.01.2026 22:30;0,32;15,9;3,83;11,56;8,65;-12,0;15,2;2,0;1,2;1,62;59,9;1;0;0;1,0
09.01.2026 22:35;0,17;16,0;3,75;11,71;9,03;-12,1;16,5;2,4;1,21;1,39;60,6;1;0;0;1,0
09.01.2026 22:40;0,0;16,3;3,72;12,0;8,91;-12,1;16,7;2,2;1,23;1,55;60,7;1;0;0;1,0
09.01.2026 22:45;-0,1;16,4;3,81;11,75;9,01;-11,9;16,6;3,2;1,19;1,7;59,6;1;0;0;1,0
09.01.2026 22:50;0,2;15,7;4,41;11,2;0,0;-6,8;;;0,0;0,04;46,4;0;0;1;1,0
09.01.2026 22:55;0,3;15,7;4,86;10,81;0,0;-4,0;;;0,0;0,05;37,2;0;0;0;1,0
09.01.2026 23:00;0,41;15,7;5,18;10,54;0,0;-2,3;;;0,0;0,03;30,7;0;0;0;1,0
09.01.2026 23:05;0,5;15,8;5,38;10,35;0,0;-1,1;;;0,0;0,06;26,2;0;0;0;1,0
09.01.2026 23:10;0,52;15,6;5,55;10,21;0,0;-0,6;;;0,0;0,09;23,0;0;0;0;1,0
09.01.2026 23:15;0,61;15,6;5,6;10,11;0,0;0,1;;;0,0;0,06;20,8;0;0;0;1,0
09.01.2026 23:20;0,68;14,8;5,74;9,97;0,0;0,3;;;0,0;0,04;19,0;0;0;0;1,0
09.01.2026 23:25;0,74;15,1;5,81;9,9;0,0;0,5;;;0,0;0,05;17,8;0;0;0;1,0
09.01.2026 23:30;0,82;14,7;5,83;9,82;0,0;0,7;;;0,0;0,07;16,9;0;0;0;1,0
09.01.2026 23:35;0,92;14,6;5,89;9,75;0,0;0,8;;;0,0;0,04;16,2;0;0;0;1,0
09.01.2026 23:40;1,04;14,7;5,99;9,71;0,0;0,7;;;0,0;0,03;15,7;0;0;0;1,0
09.01.2026 23:45;1,11;14,9;5,97;9,7;0,0;1,0;;;0,0;0,04;15,5;0;0;0;1,0
09.01.2026 23:50;1,17;14,3;6,02;9,65;0,0;1,0;;;0,0;0,05;15,1;0;0;0;1,0
09.01.2026 23:55;1,22;14,7;5,93;9,64;0,0;1,0;;;0,0;0,07;15,0;0;0;0;1,0
10.01.2026 00:00;1,41;16,1;6,02;9,76;0,0;4,6;;;0,0;0,06;15,3;0;1;0;1,0
10.01.2026 00:05;1,6;15,2;6,1;9,76;0,0;6,9;;;0,0;0,03;15,3;0;1;0;1,0
10.01.2026 00:10;1,79;16,1;6,04;9,84;0,0;8,1;;;0,0;0,04;15,5;0;1;0;1,0
10.01.2026 00:15;1,98;15,4;6,15;9,83;0,0;8,8;;;0,0;0,07;15,5;0;1;0;1,0
10.01.2026 00:20;2,13;15,6;6,2;9,85;0,0;9,1;;;0,0;0,04;15,5;0;1;0;1,0
10.01.2026 00:25;2,02;15,2;4,7;10,92;8,52;-2,5;16,7;2,3;1,22;1,45;41,8;1;0;0;1,0
10.01.2026 00:30;1,9;15,3;4,21;11,23;8,68;-7,1;15,8;2,4;1,21;1,69;52,7;1;0;0;1,0
10.01.2026 00:35;1,78;15,0;4,01;11,31;8,95;-9,6;15,9;2,7;1,16;1,36;56,3;1;0;0;1,0
10.01.2026 00:40;1,58;15,1;3,95;11,23;8,66;-10,6;16,7;1,7;1,2;1,59;57,8;1;0;0;1,0
10.01.2026 00:45;1,42;14,9;4,01;11,19;8,31;-10,8;16,9;1,3;1,15;1,46;58,4;1;0;0;1,0
10.01.2026 00:50;1,31;15,6;3,91;11,49;8,6;-10,7;16,2;2,1;1,21;1,41;59,3;1;0;0;1,0
10.01.2026 00:55;1,17;15,1;3,87;11,39;8,87;-11,3;17,2;2,1;1,19;1,44;60,0;1;0;0;1,0
10.01.2026 01:00;1,03;14,7;3,87;11,31;8,91;-11,5;17,0;3,1;1,16;1,75;59,5;1;0;0;1,0
10.01.2026 01:05;0,86;14,5;3,87;11,2;8,69;-11,5;15,4;2,8;1,22;1,55;59,0;1;0;0;1,0
10.01.2026 01:10;0,73;14,6;3,84;11,19;8,65;-11,6;16,9;2,3;1,14;1,36;59,0;1;0;0;1,0
10.01.2026 01:15;0,6;14,5;3,77;11,24;8,5;-11,9;17,6;2,2;1,23;1,47;59,1;1;0;0;1,0
10.01.2026 01:20;0,42;14,8;3,77;11,31;8,87;-12,2;16,9;2,4;1,2;1,39;59,5;1;0;0;1,0
10.01.2026 01:25;0,29;14,9;3,82;11,29;8,62;-11,7;16,6;2,1;1,2;1,64;59,3;1;0;0;1,0
10.01.2026 01:30;0,16;13,9;3,74;11,11;9,08;-12,2;16,3;2,1;1,23;1,44;58,4;1;0;0;1,0
10.01.2026 01:35;0,05;14,7;3,69;11,25;8,9;-12,6;16,7;2,2;1,18;1,37;58,9;1;0;0;1,0
10.01.2026 01:40;-0,14;14,7;3,76;11,37;8,56;-12,2;16,6;2,6;1,19;1,43;59,1;1;0;0;1,0
10.01.2026 01:45;-0,1;14,7;4,31;10,85;0,0;-7,3;;;0,0;0,08;45,8;0;0;0;1,0
10.01.2026 01:50;0,02;14,8;4,77;10,49;0,0;-4,6;;;0,0;0,05;36,5;0;0;0;1,0
10.01.2026 01:55;0,13;14,1;5,11;10,18;0,0;-2,7;;;0,0;0,02;29,8;0;0;0;1,0
10.01.2026 02:00;0,17;14,0;5,37;9,96;0,0;-1,7;;;0,0;0,03;25,0;0;0;0;1,0
10.01.2026 02:05;0,25;14,3;5,53;9,83;0,0;-0,9;;;0,0;0,04;21,8;0;0;0;1,0
10.01.2026 02:10;0,35;14,7;5,59;9,77;0,0;-0,3;;;0,0;0,05;19,7;0;0;0;1,0
10.01.2026 02:15;0,46;15,1;5,7;9,76;0,0;-0,1;;;0,0;0,08;18,3;0;0;0;1,0
10.01.2026 02:20;0,55;13,6;5,7;9,63;0,0;0,1;;;0,0;0,04;16,9;0;0;0;1,0
10.01.2026 02:25;0,66;13,9;5,82;9,56;0,0;0,4;;;0,0;0,01;16,0;0;0;0;1,0
10.01.2026 02:30;0,8;14,0;5,85;9,53;0,0;0,7;;;0,0;0,05;15,4;0;0;0;1,0
10.01.2026 02:35;0,91;14,2;5,91;9,52;0,0;0,7;;;0,0;0,07;15,0;0;0;0;1,0
10.01.2026 02:40;0,96;14,3;5,94;9,52;0,0;0,7;;;0,0;0,04;14,8;0;0;0;1,0
10.01.2026 02:45;1,06;13,7;5,99;9,47;0,0;0,8;;;0,0;0,05;14,5;0;0;0;1,0
10.01.2026 02:50;1,16;13,8;5,96;9,44;0,0;0,9;;;0,0;0,09;14,3;0;0;0;1,0
10.01.2026 02:55;1,22;14,1;6,03;9,45;0,0;1,0;;;0,0;0,05;14,2;0;0;0;1,0
10.01.2026 03:00;1,29;14,2;6,04;9,46;0,0;1,3;;;0,0;0,03;14,2;0;0;0;1,0
10.01.2026 03:05;1,4;13,8;6,12;9,44;0,0;1,2;;;0,0;0,09;14,1;0;0;0;1,0
10.01.2026 03:10;1,5;13,7;6,07;9,41;0,0;1,5;;;0,0;0,06;14,0;0;0;0;1,0
10.01.2026 03:15;1,54;14,3;6,07;9,44;0,0;1,6;;;0,0;0,06;14,1;0;0;0;1,0
10.01.2026 03:20;1,6;13,9;6,11;9,44;0,0;1,5;;;0,0;0,08;14,0;0;0;0;1,0
10.01.2026 03:25;1,64;14,3;6,12;9,46;0,0;1,6;;;0,0;0,03;14,1;0;0;0;1,0
10.01.2026 03:30;1,74;14,0;6,12;9,46;0,0;1,4;;;0,0;0,06;14,1;0;0;0;1,0
10.01.2026 03:35;1,82;14,2;6,09;9,47;0,0;1,6;;;0,0;0,05;14,1;0;0;0;1,0
10.01.2026 03:40;1,91;14,1;6,12;9,47;0,0;1,7;;;0,0;0,05;14,1;0;0;0;1,0
10.01.2026 03:45;1,96;14,7;6,19;9,52;0,0;1,8;;;0,0;0,03;14,3;0;0;0;1,0
10.01.2026 03:50;2,22;14,5;6,17;9,53;0,0;2,0;;;0,0;0,06;14,3;0;0;1;1,0
10.01.2026 03:55;2,08;14,3;4,64;10,66;8,37;-5,7;18,1;3,0;1,2;1,8;41,0;1;0;0;1,0
10.01.2026 04:00;1,86;14,0;4,13;10,88;8,55;-8,6;16,8;2,4;1,22;1,32;51,9;1;0;0;1,0
10.01.2026 04:05;1,72;14,2;3,99;11,03;8,16;-10,0;17,3;1,8;1,18;1,43;56,2;1;0;0;1,0
10.01.2026 04:10;1,58;14,4;3,97;11,08;8,66;-10,6;17,1;2,0;1,18;1,2;58,8;1;0;0;1,0
10.01.2026 04:15;1,43;14,3;3,91;11,12;8,71;-11,0;17,0;1,9;1,2;1,79;58,6;1;0;0;1,0
10.01.2026 04:20;1,25;13,9;3,83;10,96;8,77;-11,7;17,2;2,3;1,21;1,65;58,8;1;0;0;1,0
10.01.2026 04:25;1,12;14,0;3,84;11,12;8,33;-11,4;17,3;2,2;1,22;1,53;59,0;1;0;0;1,0
10.01.2026 04:30;1,0;14,4;3,82;11,06;8,63;-11,4;17,5;2,6;1,19;1,54;58,9;1;0;0;1,0
10.01.2026 04:35;0,86;15,0;3,87;11,05;8,58;-11,2;16,7;1,6;1,21;1,41;59,0;1;0;0;1,0
10.01.2026 04:40;0,68;14,6;3,81;11,11;8,68;-11,7;16,8;1,8;1,2;1,76;58,2;1;0;0;1,0
10.01.2026 04:45;0,54;14,9;3,9;11,16;8,45;-11,6;16,3;2,4;1,2;1,45;59,9;1;0;0;1,0
10.01.2026 04:50;0,41;14,9;3,74;11,16;8,57;-11,9;17,2;2,2;1,16;1,41;59,5;1;0;0;1,0
10.01.2026 04:55;0,3;14,9;3,74;11,36;8,52;-12,3;17,3;2,0;1,16;1,39;59,9;1;0;0;1,0
10.01.2026 05:00;0,1;15,4;3,74;11,43;8,75;-12,4;17,4;2,3;1,19;1,46;59,8;1;0;0;1,0
10.01.2026 05:05;-0,03;15,0;3,69;11,24;8,88;-12,5;18,3;2,4;1,21;1,61;60,0;1;0;0;1,0
10.01.2026 05:10;0,08;15,2;4,34;10,8;0,0;-7,6;;;0,0;0,06;46,6;0;0;0;1,0
10.01.2026 05:15;0,17;16,1;4,81;10,56;0,0;-4,5;;;0,0;0,08;37,4;0;0;0;1,0
10.01.2026 05:20;0,27;15,2;5,07;10,32;0,0;-2,5;;;0,0;0,01;30,8;0;0;0;1,0
10.01.2026 05:25;0,38;15,3;5,35;10,16;0,0;-1,4;;;0,0;0,03;26,1;0;0;0;1,0
10.01.2026 05:30;0,43;15,3;5,5;10,05;0,0;-0,8;;;0,0;0,09;22,9;0;0;0;1,0
10.01.2026 05:35;0,54;15,5;5,68;9,98;0,0;-0,3;;;0,0;0,08;20,6;0;0;0;1,0
10.01.2026 05:40;0,62;15,6;5,73;9,95;0,0;0,1;;;0,0;0,04;19,1;0;0;0;1,0
10.01.2026 05:45;0,68;15,8;5,82;9,94;0,0;0,4;;;0,0;0,06;18,1;0;0;0;1,0
10.01.2026 05:50;0,78;15,4;5,84;9,91;0,0;0,6;;;0,0;0,08;17,3;0;0;0;1,0
10.01.2026 05:55;0,89;15,1;5,87;9,86;0,0;0,7;;;0,0;0,02;16,7;0;0;0;1,0
10.01.2026 06:00;1,08;15,7;5,96;9,87;0,0;4,5;;;0,0;0,04;16,4;0;1;0;1,0
10.01.2026 06:05;1,3;16,0;5,92;9,91;0,0;6,7;;;0,0;0,05;16,3;0;1;0;1,0
10.01.2026 06:10;1,47;16,0;5,99;9,94;0,0;8,0;;;0,0;0,05;16,2;0;1;0;1,0
10.01.2026 06:15;1,64;16,2;6,04;9,97;0,0;8,8;;;0,0;0,09;16,2;0;1;0;1,0
10.01.2026 06:20;1,86;16,7;6,1;10,03;0,0;9,4;;;0,0;0,07;16,3;0;1;0;1,0
10.01.2026 06:25;1,95;16,6;6,06;10,07;0,0;6,4;;;0,0;0,04;16,4;0;0;0;1,0
10.01.2026 06:30;1,98;15,7;6,13;10,02;0,0;4,9;;;0,0;0,04;16,2;0;0;0;1,0
10.01.2026 06:35;2,06;16,2;6,16;10,03;0,0;3,6;;;0,0;0,03;16,2;0;0;0;1,0
10.01.2026 06:40;1,95;17,0;4,62;11,38;8,17;-5,2;18,0;1,8;1,19;1,35;43,6;1;0;0;1,0
10.01.2026 06:45;1,83;16,6;4,18;11,73;8,75;-8,5;16,7;2,2;1,17;1,57;54,2;1;0;0;1,0
10.01.2026 06:50;1,76;16,7;4,05;11,76;8,73;-10,0;17,6;2,1;1,17;1,38;59,5;1;0;0;1,0
10.01.2026 06:55;1,65;16,7;3,93;11,95;8,75;-10,6;17,6;2,2;1,21;1,6;61,7;1;0;0;1,0
10.01.2026 07:00;1,46;17,0;3,95;11,84;8,72;-10,8;17,5;1,9;1,2;1,31;61,8;1;0;0;1,0
10.01.2026 07:05;1,37;17,7;3,9;12,26;9,1;-10,9;17,5;2,5;1,21;1,38;63,2;1;0;0;1,0
10.01.2026 07:10;1,24;17,2;3,9;12,09;8,86;-11,3;17,1;2,4;1,2;1,5;62,0;1;0;0;1,0
10.01.2026 07:15;1,19;17,2;3,8;12,0;8,79;-11,6;17,7;2,3;1,21;1,31;62,6;1;0;0;1,0
10.01.2026 07:20;1,03;17,5;3,88;12,22;8,74;-11,6;17,0;1,9;1,16;1,37;63,1;1;0;0;1,0
10.01.2026 07:25;0,87;18,3;3,85;12,28;9,36;-11,6;16,3;1,3;1,2;1,74;63,3;1;0;0;1,0
10.01.2026 07:30;1,0;17,6;3,88;12,16;9,27;-11,6;17,6;1,7;1,17;1,52;62,8;1;0;1;1,0
10.01.2026 07:35;0,91;18,0;3,81;12,33;8,33;-11,8;17,1;1,8;1,24;1,66;62,7;1;0;0;1,0
10.01.2026 07:40;1,03;17,7;3,85;12,24;8,7;-11,3;17,8;2,0;1,15;1,39;62,9;1;0;1;1,0
10.01.2026 07:45;0,97;18,3;3,89;12,42;8,93;-11,2;18,1;1,1;1,21;1,51;64,0;1;0;0;1,0
10.01.2026 07:50;0,83;18,0;3,74;12,4;9,08;-12,0;17,8;2,6;1,17;1,48;63,4;1;0;0;1,0
10.01.2026 07:55;0,7;18,7;3,72;12,4;9,0;-12,0;17,6;2,0;1,18;1,62;63,4;1;0;0;1,0
10.01.2026 08:00;0,55;17,7;3,81;12,26;9,36;-12,2;18,0;2,4;1,18;1,67;63,4;1;0;0;1,0
10.01.2026 08:05;0,6;19,1;3,7;12,6;9,07;-12,2;17,1;1,8;1,2;1,66;64,9;1;0;1;1,0
10.01.2026 08:10;0,49;18,5;3,78;12,62;8,92;-12,0;18,4;2,6;1,24;1,37;65,5;1;0;0;1,0
10.01.2026 08:15;0,6;19,2;3,79;12,51;9,23;-12,3;18,2;2,3;1,19;1,66;64,4;1;0;1;1,0
10.01.2026 08:20;0,47;19,0;3,72;12,71;8,98;-12,4;17,9;1,9;1,18;1,49;64,1;1;0;0;1,0
10.01.2026 08:25;0,34;18,8;3,68;12,59;8,94;-12,8;18,5;2,8;1,2;1,59;64,0;1;0;0;1,0
10.01.2026 08:30;0,4;19,0;3,71;12,58;9,08;-12,5;17,3;2,7;1,25;1,45;64,4;1;0;1;1,0
10.01.2026 08:35;0,24;19,1;3,68;12,68;8,91;-12,8;18,1;2,4;1,24;1,56;64,2;1;0;0;1,0
10.01.2026 08:40;0,07;19,6;3,6;12,81;9,21;-13,2;18,0;1,7;1,23;1,5;64,7;1;0;0;1,0
10.01.2026 08:45;0,17;19,8;3,69;12,74;9,09;-12,8;16,5;1,8;1,19;1,71;65,4;1;0;1;1,0
10.01.2026 08:50;0,05;19,9;3,7;12,68;9,1;-12,7;18,2;2,2;1,15;1,54;64,4;1;0;0;1,0
10.01.2026 08:55;-0,06;19,9;3,7;12,81;9,03;-12,9;18,6;2,0;1,17;1,4;65,6;1;0;0;1,0
10.01.2026 09:00;0,08;20,2;4,28;12,33;0,0;-7,8;;;0,0;0,04;52,0;0;0;0;1,0
10.01.2026 09:05;0,15;20,0;4,79;11,98;0,0;-4,5;;;0,0;0,09;42,4;0;0;0;1,0
10.01.2026 09:10;0,26;20,0;5,07;11,74;0,0;-2,7;;;0,0;0,03;35,7;0;0;0;1,0
10.01.2026 09:15;0,4;20,5;5,36;11,62;0,0;-1,4;;;0,0;0,05;31,1;0;0;0;1,0
10.01.2026 09:20;0,49;20,4;5,52;11,52;0,0;-0,7;;;0,0;0,07;27,9;0;0;0;1,0
10.01.2026 09:25;0,62;21,3;5,6;11,54;0,0;-0,1;;;0,0;0,06;25,9;0;0;0;1,0
10.01.2026 09:30;0,93;21,4;5,73;11,55;0,0;0,3;;;0,0;0,03;24,6;0;0;1;1,0
10.01.2026 09:35;1,0;21,1;5,86;11,54;0,0;0,6;;;0,0;0,06;23,5;0;0;0;1,0
10.01.2026 09:40;1,29;21,1;5,88;11,53;0,0;0,7;;;0,0;0,08;22,8;0;0;1;1,0
10.01.2026 09:45;1,42;21,3;5,98;11,54;0,0;1,2;;;0,0;0,06;22,3;0;0;0;1,0
10.01.2026 09:50;1,53;21,4;6,05;11,56;0,0;1,2;;;0,0;0,04;22,1;0;0;0;1,0
10.01.2026 09:55;1,61;21,8;6,02;11,62;0,0;1,5;;;0,0;0,03;22,0;0;0;0;1,0
10.01.2026 10:00;1,66;21,3;6,09;11,6;0,0;1,6;;;0,0;0,08;21,8;0;0;0;1,0
10.01.2026 10:05;1,74;21,8;6,07;11,64;0,0;1,5;;;0,0;0,06;21,8;0;0;0;1,0
10.01.2026 10:10;1,8;22,2;6,17;11,7;0,0;1,6;;;0,0;0,07;21,9;0;0;0;1,0
10.01.2026 10:15;1,92;22,4;6,19;11,77;0,0;1,7;;;0,0;0,07;22,1;0;0;0;1,0
10.01.2026 10:20;1,98;22,5;6,14;11,83;0,0;1,7;;;0,0;0,05;22,2;0;0;0;1,0
10.01.2026 10:25;2,09;23,2;6,2;11,93;0,0;1,6;;;0,0;0,03;22,5;0;0;0;1,0
10.01.2026 10:30;1,96;22,4;4,56;13,06;8,97;-5,9;17,4;1,6;1,15;1,39;48,6;1;0;0;1,0
10.01.2026 10:35;1,87;21,7;4,12;13,39;9,6;-8,7;18,3;2,2;1,27;1,54;59,0;1;0;0;1,0
10.01.2026 10:40;1,8;22,2;3,96;13,54;9,17;-10,3;18,3;2,3;1,24;1,37;64,5;1;0;0;1,0
10.01.2026 10:45;1,93;22,6;3,94;13,74;9,51;-10,5;18,6;1,4;1,16;1,08;66,0;1;0;1;1,0
10.01.2026 10:50;1,8;22,9;3,86;13,74;9,44;-11,0;18,0;2,0;1,2;1,46;67,3;1;0;0;1,0
10.01.2026 10:55;1,73;23,1;3,83;13,84;9,39;-11,3;17,9;1,5;1,18;1,74;68,2;1;0;0;1,0
10.01.2026 11:00;1,62;23,1;3,87;14,22;9,2;-11,5;18,7;2,0;1,19;1,64;69,4;1;0;0;1,0
10.01.2026 11:05;1,5;23,3;3,84;14,18;9,49;-11,4;18,5;1,9;1,2;1,59;69,5;1;0;0;1,0
10.01.2026 11:10;1,39;23,3;3,84;13,98;9,82;-11,5;18,8;1,9;1,24;1,29;69,1;1;0;0;1,0
10.01.2026 11:15;1,27;23,6;3,8;14,14;9,75;-11,6;18,0;1,0;1,16;1,72;69,8;1;0;0;1,0
10.01.2026 11:20;1,21;23,7;3,82;14,2;9,73;-11,7;18,2;2,6;1,16;1,71;70,2;1;0;0;1,0
10.01.2026 11:25;1,13;24,1;3,83;14,43;9,36;-12,0;18,0;1,9;1,19;1,91;69,5;1;0;0;1,0
10.01.2026 11:30;1,07;23,5;3,8;14,19;9,73;-11,7;17,9;2,4;1,25;1,47;69,6;1;0;0;1,0
10.01.2026 11:35;1,15;23,5;3,79;14,25;9,6;-11,5;18,2;1,9;1,24;1,5;68,8;1;0;1;1,0
10.01.2026 11:40;1,03;23,8;3,78;14,06;9,69;-12,1;18,2;2,2;1,17;1,36;69,0;1;0;0;1,0
10.01.2026 11:45;0,91;24,1;3,82;14,28;9,55;-12,0;17,9;1,5;1,23;1,7;69,4;1;0;0;1,0
10.01.2026 11:50;0,8;23,7;3,75;14,26;9,36;-12,2;17,4;2,1;1,23;1,48;69,3;1;0;0;1,0
10.01.2026 11:55;0,73;23,9;3,8;14,31;9,82;-12,3;18,9;1,4;1,23;1,83;68,8;1;0;0;1,0
10.01.2026 12:00;1,16;24,4;4,39;13,79;0,0;-3,4;;;0,0;0,07;55,5;0;1;1;1,0
10.01.2026 12:05;1,58;24,4;4,94;13,43;0,0;1,8;;;0,0;0,05;46,2;0;1;1;1,0
10.01.2026 12:10;1,81;24,9;5,27;13,22;0,0;5,1;;;0,0;0,08;39,8;0;1;0;1,0
10.01.2026 12:15;2,07;24,4;5,54;13,03;0,0;7,0;;;0,0;0,04;35,2;0;1;0;1,0
10.01.2026 12:20;2,31;24,1;5,8;12,87;0,0;8,3;;;0,0;0,02;31,8;0;1;0;1,0
10.01.2026 12:25;2,19;24,9;4,49;14,09;9,19;-3,1;18,8;1,6;1,17;1,39;54,8;1;0;0;1,0
10.01.2026 12:30;2,28;24,3;4,05;14,14;9,47;-7,9;18,3;1,9;1,24;1,25;63,9;1;0;1;1,0
10.01.2026 12:35;2,15;25,3;3,93;14,65;9,88;-9,7;18,1;1,6;1,23;1,41;69,0;1;0;0;1,0
10.01.2026 12:40;2,05;25,2;3,91;14,76;9,65;-10,7;18,5;1,6;1,22;1,6;71,2;1;0;0;1,0
10.01.2026 12:45;2,02;24,8;3,9;14,7;9,59;-11,0;19,0;2,2;1,19;1,67;71,2;1;0;0;1,0
10.01.2026 12:50;1,89;25,5;3,87;14,92;9,81;-11,2;18,9;1,5;1,21;1,54;71,5;1;0;0;1,0
10.01.2026 12:55;1,8;25,3;3,9;14,85;9,73;-10,9;18,7;2,1;1,23;1,41;71,9;1;0;0;1,0
10.01.2026 13:00;1,69;25,5;3,84;14,76;9,65;-11,2;18,5;2,4;1,14;1,38;71,7;1;0;0;1,0
10.01.2026 13:05;1,59;25,2;3,8;14,69;9,68;-11,7;18,3;1,7;1,24;1,28;71,0;1;0;0;1,0
10.01.2026 13:10;1,51;25,0;3,75;14,61;9,89;-12,1;18,7;1,3;1,2;1,49;72,1;1;0;0;1,0
10.01.2026 13:15;1,37;24,9;3,76;14,64;9,66;-12,0;18,7;1,5;1,21;1,27;71,4;1;0;0;1,0
10.01.2026 13:20;1,29;25,6;3,81;14,85;9,76;-12,2;18,3;1,7;1,22;1,36;72,2;1;0;0;1,0
10.01.2026 13:25;1,21;26,1;3,78;15,05;10,2;-11,9;19,8;2,3;1,18;1,51;72,0;1;0;0;1,0
10.01.2026 13:30;1,3;25,7;3,86;14,97;9,95;-11,7;18,8;1,6;1,27;1,64;72,2;1;0;1;1,0
10.01.2026 13:35;1,2;26,1;3,73;15,08;9,84;-12,0;19,2;2,3;1,22;1,59;72,1;1;0;0;1,0
10.01.2026 13:40;1,09;25,3;3,8;14,89;9,81;-11,7;19,0;2,0;1,25;1,49;72,1;1;0;0;1,0
10.01.2026 13:45;1,02;25,6;3,75;15,04;9,92;-12,2;18,3;2,1;1,2;1,57;72,1;1;0;0;1,0
10.01.2026 13:50;1,16;25,9;3,8;15,05;9,87;-12,2;18,9;2,2;1,23;1,42;71,2;1;0;1;1,0
10.01.2026 13:55;1,06;26,2;3,67;15,24;10,1;-12,9;19,2;1,5;1,24;1,4;71,9;1;0;0;1,0
10.01.2026 14:00;0,99;25,9;3,71;15,11;9,56;-12,3;18,7;1,5;1,19;1,38;71,1;1;0;0;1,0
10.01.2026 14:05;0,89;26,2;3,73;15,14;9,89;-12,4;18,7;1,8;1,2;1,91;72,6;1;0;0;1,0
10.01.2026 14:10;0,85;25,6;3,76;14,94;9,78;-12,4;18,0;1,5;1,19;1,45;71,9;1;0;0;1,0
10.01.2026 14:15;0,79;25,9;3,69;15,07;9,77;-12,6;19,1;2,0;1,17;1,48;72,4;1;0;0;1,0
10.01.2026 14:20;0,91;25,5;3,77;14,85;9,61;-12,5;18,8;2,3;1,21;1,37;71,4;1;0;1;1,0
10.01.2026 14:25;0,82;26,2;3,71;15,04;9,69;-12,1;18,8;1,4;1,15;1,63;71,3;1;0;0;1,0
10.01.2026 14:30;0,75;26,0;3,7;14,82;10,12;-12,6;18,3;2,5;1,16;1,5;71,2;1;0;0;1,0
10.01.2026 14:35;0,73;25,8;3,72;14,81;10,07;-12,5;19,2;2,2;1,16;1,52;71,1;1;0;0;1,0
10.01.2026 14:40;0,62;26,2;3,74;14,97;9,94;-12,5;18,8;1,8;1,22;1,44;72,2;1;0;0;1,0
10.01.2026 14:45;0,73;26,0;3,66;14,93;10,14;-13,0;18,3;1,6;1,17;1,59;73,3;1;0;1;1,0
10.01.2026 14:50;0,65;26,3;3,7;15,15;10,06;-12,6;19,9;1,6;1,21;1,82;73,8;1;0;0;1,0
10.01.2026 14:55;0,58;26,2;3,64;15,04;9,99;-12,8;18,9;2,1;1,15;1,58;74,1;1;0;0;1,0
10.01.2026 15:00;0,47;26,5;3,7;15,19;10,03;-12,9;18,4;1,5;1,17;1,56;73,6;1;0;0;1,0
10.01.2026 15:05;0,4;25,7;3,67;14,87;10,01;-13,3;18,4;1,9;1,22;1,37;72,3;1;0;0;1,0
10.01.2026 15:10;0,32;26,1;3,63;14,79;9,83;-13,0;18,9;1,9;1,23;1,48;71,6;1;0;0;1,0
10.01.2026 15:15;0,18;25,8;3,61;14,86;9,54;-13,2;18,2;2,0;1,2;1,5;72,3;1;0;0;1,0
10.01.2026 15:20;0,14;26,4;3,66;14,98;10,17;-13,3;19,0;1,4;1,21;1,36;73,2;1;0;0;1,0
10.01.2026 15:25;0,26;25,9;3,6;14,79;10,06;-13,6;18,9;1,4;1,2;1,55;73,1;1;0;1;1,0
10.01.2026 15:30;0,21;25,9;3,62;14,87;9,58;-13,3;18,4;1,7;1,22;1,08;72,7;1;0;0;1,0
10.01.2026 15:35;0,37;25,9;3,62;15,03;9,89;-13,0;18,6;2,0;1,18;1,66;72,0;1;0;1;1,0
10.01.2026 15:40;0,33;25,4;3,64;14,9;10,0;-12,7;18,2;1,8;1,14;1,6;72,1;1;0;0;1,0
10.01.2026 15:45;0,26;26,5;3,66;15,21;10,35;-13,1;19,9;2,2;1,2;1,61;73,2;1;0;0;1,0
10.01.2026 15:50;0,2;26,0;3,71;15,15;9,96;-13,0;19,0;1,8;1,16;1,47;72,5;1;0;0;1,0
10.01.2026 15:55;0,09;25,6;3,54;15,08;9,89;-13,4;19,5;1,9;1,22;1,58;72,5;1;0;0;1,0
10.01.2026 16:00;0,01;25,9;3,61;15,0;10,05;-13,6;18,1;1,9;1,13;1,27;73,1;1;0;0;1,0
10.01.2026 16:05;-0,01;26,1;3,61;14,95;9,57;-13,4;18,5;1,5;1,17;1,42;72,3;1;0;0;1,0
10.01.2026 16:10;0,04;25,8;4,27;14,39;0,0;-8,2;;;0,0;0,06;58,4;0;0;0;1,0
10.01.2026 16:15;0,12;25,4;4,79;13,95;0,0;-4,8;;;0,0;0,07;48,5;0;0;0;1,0
10.01.2026 16:20;0,24;25,4;5,08;13,65;0,0;-2,8;;;0,0;0,04;41,6;0;0;0;1,0
10.01.2026 16:25;0,52;26,0;5,35;13,5;0,0;-1,5;;;0,0;0,04;36,9;0;0;1;1,0
10.01.2026 16:30;0,82;25,3;5,6;13,32;0,0;-0,6;;;0,0;0,1;33,4;0;0;1;1,0
10.01.2026 16:35;0,95;25,8;5,71;13,24;0,0;0,1;;;0,0;0,04;31,2;0;0;0;1,0
10.01.2026 16:40;1,01;25,8;5,77;13,19;0,0;0,5;;;0,0;0,05;29,5;0;0;0;1,0
10.01.2026 16:45;1,15;25,3;5,85;13,1;0,0;0,6;;;0,0;0,04;28,3;0;0;0;1,0
10.01.2026 16:50;1,26;25,3;5,88;13,04;0,0;0,9;;;0,0;0,06;27,4;0;0;0;1,0
10.01.2026 16:55;1,36;25,7;5,91;13,03;0,0;1,2;;;0,0;0,06;26,9;0;0;0;1,0
10.01.2026 17:00;1,48;25,0;6,04;12,95;0,0;1,2;;;0,0;0,03;26,3;0;0;0;1,0
10.01.2026 17:05;1,58;24,7;6,02;12,87;0,0;1,3;;;0,0;0,07;25,8;0;0;0;1,0
10.01.2026 17:10;1,7;24,7;6,07;12,82;0,0;1,4;;;0,0;0,04;25,5;0;0;0;1,0
10.01.2026 17:15;1,8;25,1;6,09;12,82;0,0;1,7;;;0,0;0,05;25,4;0;0;0;1,0
10.01.2026 17:20;1,86;25,2;6,15;12,83;0,0;2,0;;;0,0;0,06;25,3;0;0;0;1,0
10.01.2026 17:25;1,96;24,8;6,11;12,79;0,0;1,8;;;0,0;0,02;25,2;0;0;0;1,0
10.01.2026 17:30;2,05;25,3;6,21;12,82;0,0;1,9;;;0,0;0,03;25,2;0;0;0;1,0
10.01.2026 17:35;2,0;25,3;4,47;14,13;9,01;-6,4;19,4;1,3;1,15;1,48;52,8;1;0;0;1,0
10.01.2026 17:40;1,89;24,8;4,04;14,28;9,64;-9,7;18,4;1,9;1,18;1,37;64,6;1;0;0;1,0
10.01.2026 17:45;1,81;24,7;3,86;14,6;9,68;-11,0;20,2;1,9;1,23;1,61;69,0;1;0;0;1,0
10.01.2026 17:50;1,72;25,0;3,8;14,56;9,66;-11,5;18,5;1,9;1,21;1,71;70,4;1;0;0;1,0
10.01.2026 17:55;1,65;24,7;3,85;14,68;9,45;-11,6;18,5;2,4;1,17;1,21;72,1;1;0;0;1,0
10.01.2026 18:00;1,91;24,1;4,5;14,03;0,0;-3,0;;;0,0;0,06;57,7;0;1;0;1,0
10.01.2026 18:05;2,11;23,9;5,01;13,54;0,0;2,4;;;0,0;0,07;47,6;0;1;0;1,0
10.01.2026 18:10;2,32;24,3;5,43;13,24;0,0;5,3;;;0,0;0,05;40,6;0;1;0;1,0
10.01.2026 18:15;2,48;24,4;5,7;13,04;0,0;7,2;;;0,0;0,0;35,7;0;1;0;1,0
10.01.2026 18:20;2,69;23,8;5,88;12,84;0,0;8,2;;;0,0;0,06;32,1;0;1;0;1,0
10.01.2026 18:25;2,62;23,7;4,52;13,82;9,18;-3,4;18,7;2,4;1,19;1,51;55,4;1;0;0;1,0
10.01.2026 18:30;2,51;23,8;4,04;13,99;9,16;-8,4;18,7;2,1;1,19;1,54;65,1;1;0;0;1,0
10.01.2026 18:35;2,37;23,9;4,0;13,91;9,3;-9,8;19,2;1,3;1,21;1,73;67,5;1;0;0;1,0
10.01.2026 18:40;2,49;23,1;3,91;14,05;9,35;-10,5;19,6;1,5;1,22;1,39;69,4;1;0;1;1,0
10.01.2026 18:45;2,41;24,1;4,03;14,32;9,41;-10,3;19,8;1,4;1,2;1,48;70,0;1;0;0;1,0
10.01.2026 18:50;2,33;23,5;3,89;14,02;9,56;-11,0;19,5;1,7;1,23;1,82;69,9;1;0;0;1,0
10.01.2026 18:55;2,42;23,3;3,92;14,04;9,67;-10,8;18,6;1,7;1,22;1,41;70,5;1;0;1;1,0
10.01.2026 19:00;2,29;23,2;3,9;13,83;9,29;-11,2;19,8;2,1;1,21;1,72;69,1;1;0;0;1,0
10.01.2026 19:05;2,19;23,1;3,81;13,81;9,43;-11,7;19,8;1,4;1,19;1,63;69,1;1;0;0;1,0
10.01.2026 19:10;2,11;22,5;3,86;13,76;9,09;-11,4;19,0;1,4;1,17;1,19;69,5;1;0;0;1,0
10.01.2026 19:15;2,03;23,5;3,82;13,81;9,4;-11,4;19,1;1,4;1,17;1,39;69,3;1;0;0;1,0
10.01.2026 19:20;1,95;22,7;3,81;13,87;9,44;-11,5;19,4;1,7;1,23;1,57;69,7;1;0;0;1,0
10.01.2026 19:25;1,83;22,7;3,81;13,73;9,44;-11,5;19,2;1,6;1,14;1,43;69,8;1;0;0;1,0
10.01.2026 19:30;1,8;22,7;3,78;13,7;9,31;-11,9;18,8;1,4;1,26;1,3;70,5;1;0;0;1,0
10.01.2026 19:35;1,73;22,1;3,78;13,56;9,36;-12,0;19,3;1,7;1,19;1,38;69,8;1;0;0;1,0
10.01.2026 19:40;1,63;21,5;3,75;13,29;8,83;-12,3;19,1;1,3;1,16;1,63;68,6;1;0;0;1,0
10.01.2026 19:45;1,79;21,4;3,83;13,26;9,09;-12,0;19,6;1,4;1,19;1,41;68,6;1;0;1;1,0
10.01.2026 19:50;1,7;21,6;3,89;13,49;9,54;-11,7;18,7;1,9;1,2;1,7;68,6;1;0;0;1,0
10.01.2026 19:55;1,64;22,0;3,8;13,46;9,59;-12,1;19,9;1,7;1,18;1,36;68,9;1;0;0;1,0
10.01.2026 20:00;1,61;22,1;3,75;13,45;9,37;-12,3;19,8;1,5;1,15;1,48;69,2;1;0;0;1,0
10.01.2026 20:05;1,51;21,5;3,74;13,34;9,37;-12,3;19,6;1,5;1,21;1,33;68,7;1;0;0;1,0
10.01.2026 20:10;1,38;21,3;3,72;13,28;9,22;-12,2;20,0;1,6;1,21;1,7;69,0;1;0;0;1,0
10.01.2026 20:15;1,3;21,6;3,73;13,27;9,03;-12,2;19,9;1,9;1,2;1,47;68,4;1;0;0;1,0
10.01.2026 20:20;1,22;21,2;3,7;13,22;9,01;-12,3;19,7;1,4;1,21;1,55;68,5;1;0;0;1,0
10.01.2026 20:25;1,11;20,7;3,77;13,13;9,3;-12,2;19,0;2,0;1,19;1,6;68,2;1;0;0;1,0
10.01.2026 20:30;1,04;21,2;3,7;13,12;8,97;-12,8;20,2;2,5;1,23;1,28;68,7;1;0;0;1,0
10.01.2026 20:35;0,93;20,9;3,67;12,99;8,93;-13,0;18,6;0,3;1,2;1,45;68,2;1;0;0;1,0
10.01.2026 20:40;0,83;20,7;3,62;12,84;8,73;-13,1;19,9;1,6;1,18;1,44;68,2;1;0;0;1,0
10.01.2026 20:45;0,7;20,7;3,59;12,92;9,05;-13,1;18,9;2,1;1,24;1,26;68,3;1;0;0;1,0
10.01.2026 20:50;0,62;20,4;3,6;12,89;9,14;-13,1;19,1;1,2;1,18;1,5;66,6;1;0;0;1,0
10.01.2026 20:55;0,57;20,3;3,66;12,85;8,98;-13,2;20,0;0,8;1,23;1,42;66,1;1;0;0;1,0
10.01.2026 21:00;0,49;20,2;3,69;12,87;8,74;-13,0;19,7;2,0;1,28;1,56;67,9;1;0;0;1,0
10.01.2026 21:05;0,42;20,1;3,59;12,82;9,43;-13,1;20,4;2,0;1,16;1,23;67,7;1;0;0;1,0
10.01.2026 21:10;0,3;19,5;3,6;12,78;8,77;-13,5;19,6;1,7;1,14;1,55;67,5;1;0;0;1,0
10.01.2026 21:15;0,24;19,7;3,55;12,72;8,99;-13,7;20,5;1,3;1,18;1,62;66,7;1;0;0;1,0
10.01.2026 21:20;0,16;19,1;3,67;12,62;8,95;-13,4;19,9;1,8;1,15;1,35;67,0;1;0;0;1,0
10.01.2026 21:25;0,06;19,1;3,53;12,4;8,91;-13,8;19,4;1,5;1,21;1,52;66,9;1;0;0;1,0
10.01.2026 21:30;-0,03;19,1;3,55;12,46;8,73;-13,5;19,5;1,7;1,19;1,4;66,1;1;0;0;1,0
10.01.2026 21:35;0,03;19,0;4,32;11,98;0,0;-8,3;;;0,0;0,07;51,9;0;0;0;1,0
10.01.2026 21:40;0,09;19,1;4,72;11,66;0,0;-4,8;;;0,0;0,05;42,1;0;0;0;1,0
10.01.2026 21:45;0,21;18,9;5,08;11,41;0,0;-2,7;;;0,0;0,03;35,1;0;0;0;1,0
10.01.2026 21:50;0,35;19,3;5,31;11,27;0,0;-1,4;;;0,0;0,07;30,4;0;0;0;1,0
10.01.2026 21:55;0,45;18,4;5,47;11,1;0,0;-0,8;;;0,0;0,06;26,8;0;0;0;1,0
10.01.2026 22:00;0,57;18,6;5,65;10,99;0,0;-0,1;;;0,0;0,04;24,3;0;0;0;1,0
10.01.2026 22:05;0,68;18,8;5,75;10,93;0,0;0,2;;;0,0;0,05;22,7;0;0;0;1,0
10.01.2026 22:10;0,77;18,2;5,78;10,84;0,0;0,4;;;0,0;0,06;21,3;0;0;0;1,0
10.01.2026 22:15;0,82;18,4;5,83;10,79;0,0;0,6;;;0,0;0,05;20,5;0;0;0;1,0
10.01.2026 22:20;0,9;18,0;5,91;10,73;0,0;0,6;;;0,0;0,06;19,7;0;0;0;1,0
10.01.2026 22:25;0,99;17,5;5,91;10,64;0,0;0,6;;;0,0;0,01;19,1;0;0;0;1,0
10.01.2026 22:30;1,11;17,7;5,99;10,59;0,0;0,8;;;0,0;0,05;18,6;0;0;0;1,0
10.01.2026 22:35;1,2;17,5;6,04;10,53;0,0;1,1;;;0,0;0,06;18,3;0;0;0;1,0
10.01.2026 22:40;1,27;17,4;5,99;10,49;0,0;1,1;;;0,0;0,08;18,0;0;0;0;1,0
10.01.2026 22:45;1,35;17,4;6,06;10,46;0,0;1,2;;;0,0;0,08;17,8;0;0;0;1,0
10.01.2026 22:50;1,43;17,4;6,08;10,44;0,0;1,3;;;0,0;0,02;17,7;0;0;0;1,0
10.01.2026 22:55;1,54;17,2;6,04;10,4;0,0;1,4;;;0,0;0,04;17,5;0;0;0;1,0
10.01.2026 23:00;1,58;17,2;6,11;10,38;0,0;1,3;;;0,0;0,05;17,4;0;0;0;1,0
10.01.2026 23:05;1,6;16,7;6,14;10,32;0,0;1,5;;;0,0;0,09;17,2;0;0;0;1,0
10.01.2026 23:10;1,72;17,3;6,15;10,33;0,0;1,5;;;0,0;0,06;17,2;0;0;0;1,0
10.01.2026 23:15;1,83;16,7;6,1;10,29;0,0;1,7;;;0,0;0,09;17,1;0;0;0;1,0
10.01.2026 23:20;1,9;16,2;6,1;10,21;0,0;1,7;;;0,0;0,04;16,8;0;0;0;1,0
10.01.2026 23:25;1,98;16,6;6,15;10,2;0,0;1,8;;;0,0;0,06;16,7;0;0;0;1,0
10.01.2026 23:30;2,06;16,3;6,18;10,16;0,0;2,0;;;0,0;0,03;16,6;0;0;0;1,0
10.01.2026 23:35;2,0;16,2;4,52;11,09;8,14;-6,3;20,7;1,5;1,19;1,73;44,8;1;0;0;1,0
10.01.2026 23:40;1,92;16,2;3,97;11,56;8,68;-10,1;19,6;1,6;1,21;1,69;57,3;1;0;0;1,0
10.01.2026 23:45;1,83;16,3;3,78;11,58;8,79;-11,4;19,6;1,3;1,21;1,71;60,2;1;0;0;1,0
10.01.2026 23:50;1,78;16,1;3,68;11,5;8,99;-12,1;20,7;1,1;1,16;1,37;61,4;1;0;0;1,0
10.01.2026 23:55;1,68;16,0;3,74;11,4;8,37;-12,2;19,8;1,6;1,17;1,32;63,0;1;0;0;1,0
